NCBI_rank_superkingdom,NCBI_rank_kingdom,NCBI_rank_phylum,NCBI_rank_subphylum,NCBI_rank_class,NCBI_rank_order,NCBI_rank_family,NCBI_rank_genus,NCBI_rank_species,species_group_corrected,assigned_conc_unit,assigned_acute_effect,assigned_acute_duration
2759,33208,7711,89593,40674,9989,10066,10088,10090,rodents,mg/kg,MOR,
2759,33208,7711,89593,40674,9989,10066,10114,10116,rodents,mg/kg,MOR,
2759,33208,7711,89593,40674,9975,9979,9984,9986,other mammals,mg/kg,MOR,
2759,33208,7711,89593,40674,9989,337677,10035,10036,rodents,mg/kg,MOR,
2759,33208,7711,89593,40674,9989,10139,10140,10141,rodents,mg/kg,MOR,
2759,33208,7711,89593,40674,33554,9681,9682,9685,other mammals,mg/kg,MOR,
2759,33208,7711,89593,40674,33554,9608,9611,9612,other mammals,mg/kg,MOR,
2759,33208,7711,89593,8782,8976,9005,9030,9031,birds,mg/kg,MOR,
2759,33208,7711,89593,8782,8826,8830,8835,8839,birds,mg/kg,MOR,
2759,33208,7711,89593,8782,8976,9005,9102,9103,birds,mg/kg,MOR,
2759,33208,7711,89593,8782,8929,8930,8931,8932,birds,mg/kg,MOR,
2759,33208,7711,89593,40674,91561,9821,9822,9823,other mammals,mg/kg,MOR,
2759,33208,7711,89593,40674,9787,9788,9789,9796,other mammals,mg/kg,MOR,
2759,33208,7711,89593,40674,9443,9604,9605,9606,other mammals,mg/kg,MOR,
2759,33208,7711,89593,186623,8006,8015,8016,8022,fish,mg/l,MOR,96.0
2759,33208,7711,89593,186623,7952,7953,7961,7962,fish,mg/l,MOR,96.0
2759,33208,7711,89593,40674,91561,9895,9903,9913,other mammals,mg/kg,MOR,
2759,33208,7711,89593,40674,91561,9895,9935,9940,other mammals,mg/kg,MOR,
2759,33208,7711,89593,40674,33554,9655,2902005,452646,other mammals,mg/kg,MOR,
2759,33208,6656,6657,6681,6821,111552,111556,326568,crustaceans,mg/l,MOR,47.99999999999999
2759,33208,6656,6657,6681,29979,63227,92524,92525,crustaceans,mg/l,MOR,47.99999999999999
2759,33208,6340,,42113,85671,77569,61661,61662,worms,mg/l,MOR,
2759,33208,10190,,2816136,84394,10193,10194,104777,rotifers,mg/l,MOR,
2759,,5878,431838,6020,31277,291294,5890,5908,protozoans,mg/l,POP,
2759,4751,4890,147537,3239874,2916678,766764,5475,5482,fungi,mg/l,GRO,
2759,4751,4890,147537,4891,4892,4893,4930,27292,fungi,mg/l,GRO,
2759,33208,6656,6657,6658,84337,77658,6668,35525,crustaceans,mg/l,MOR,47.99999999999999
2759,33208,6656,6657,6658,84337,77658,6668,6669,crustaceans,mg/l,MOR,47.99999999999999
2759,33208,6656,6657,6681,6683,6725,306272,28379,crustaceans,mg/l,MOR,47.99999999999999
2759,33208,6656,6657,72037,6833,121147,121148,2108329,crustaceans,mg/l,MOR,47.99999999999999
2759,33208,6656,6657,72037,6833,88013,261851,399051,crustaceans,mg/l,MOR,47.99999999999999
2759,33208,6656,6657,6681,6821,3019983,3019981,3019982,crustaceans,mg/l,MOR,47.99999999999999
2759,33208,6656,6657,6658,84337,77658,6668,132683,crustaceans,mg/l,MOR,47.99999999999999
2759,33208,6656,6657,6658,6659,38009,6660,112782,crustaceans,mg/l,MOR,47.99999999999999
2759,33208,6656,6657,6658,6659,38009,6660,6661,crustaceans,mg/l,MOR,47.99999999999999
2759,,5878,431838,33829,33831,138847,138848,2994700,protozoans,mg/l,MOR,
2759,,5878,431838,6020,1974272,85904,60849,60850,protozoans,mg/l,MOR,
2759,33208,7711,89593,186623,8075,461499,238740,238741,fish,mg/l,MOR,96.0
2759,33208,7711,89593,186623,28738,8076,28741,28743,fish,mg/l,MOR,96.0
2759,33208,7711,89593,186623,7952,2743709,7954,7955,fish,mg/l,MOR,96.0
2759,33208,7711,89593,186623,7952,2743726,8283,69811,fish,mg/l,MOR,96.0
2759,33090,3041,,75966,35460,35461,191392,3078,algae,mg/l,POP,96.0
2759,33090,3041,,3166,35491,3086,3087,3089,algae,mg/l,POP,96.0
2759,33208,7711,89593,186623,1489940,8180,13105,13106,fish,mg/l,MOR,96.0
2759,33208,6656,6657,6658,84337,77658,77671,117530,crustaceans,mg/l,MOR,47.99999999999999
2759,33208,7711,89593,186623,1489900,30910,33789,304456,fish,mg/l,MOR,96.0
2759,33208,7711,89593,186623,7995,31004,93620,93621,fish,mg/l,MOR,96.0
2759,33208,6656,6657,6658,84337,77713,77744,77745,crustaceans,mg/l,MOR,47.99999999999999
2759,33208,7711,89593,186623,7952,2743745,7963,7965,fish,mg/l,MOR,96.0
2759,33208,7711,89593,186623,76071,47757,8089,30732,fish,mg/l,MOR,96.0
2759,33208,7711,89593,186623,28738,8079,8080,8081,fish,mg/l,MOR,96.0
2759,33208,6656,6657,6658,84337,77658,6668,77756,crustaceans,mg/l,MOR,47.99999999999999
2759,33208,6656,6657,6658,84337,77658,6668,120202,crustaceans,mg/l,MOR,47.99999999999999
2759,33208,6656,6657,6658,84337,77658,6668,42846,crustaceans,mg/l,MOR,47.99999999999999
2759,33208,7711,89593,186623,8007,30950,75932,75934,fish,mg/l,MOR,96.0
2759,33208,6656,6657,72037,6833,88013,88014,88015,crustaceans,mg/l,MOR,47.99999999999999
2759,33208,6656,6657,72037,6833,121147,121148,136180,crustaceans,mg/l,MOR,47.99999999999999
2759,33208,6656,6657,6681,6821,36939,45625,52638,crustaceans,mg/l,MOR,47.99999999999999
2759,33208,6447,,6448,,6524,264246,283763,mollusks,mg/l,MOR,
2759,33208,6447,,6448,,6524,6525,1511519,mollusks,mg/l,MOR,
2759,33208,6656,6657,6681,6821,199477,199487,294128,crustaceans,mg/l,MOR,47.99999999999999
2759,33208,6656,6960,50557,7147,7149,7150,7153,insects,mg/l,MOR,
2759,33208,6073,,6074,406427,6080,6083,6082,cnidarians and bryozoans,mg/l,MOR,
2759,33208,6073,,6074,406427,6080,6083,6087,cnidarians and bryozoans,mg/l,MOR,
2759,33208,7711,89593,186623,7995,7996,7997,7998,fish,mg/l,MOR,96.0
2759,33208,7711,89593,186623,7952,2743726,28799,28800,fish,mg/l,MOR,96.0
2759,33208,7711,89593,186623,7952,2743726,51137,90988,fish,mg/l,MOR,96.0
2759,33208,7711,89593,186623,28738,8076,28744,28745,fish,mg/l,MOR,96.0
2759,33208,10190,,2816136,84394,10193,204737,204738,rotifers,mg/l,MOR,
2759,33090,35493,131221,3398,16360,4454,4469,4470,plants,mg/l,POP,
2759,33090,35493,131221,3398,16360,4454,4469,4472,plants,mg/l,POP,
2759,33090,35493,131221,241806,74353,32186,39630,84609,plants,mg/l,POP,
2759,33090,35493,131221,3398,16360,26319,26336,55324,plants,mg/l,GRO,
2759,33208,7711,89593,186623,8075,461499,238743,269057,fish,mg/l,MOR,96.0
2759,33208,6157,,147100,6159,31262,52316,6162,worms,mg/l,MOR,
2759,33208,7711,89593,186623,8075,461499,238743,238744,fish,mg/l,MOR,96.0
2759,33208,6656,6657,6658,84337,675437,77663,150844,crustaceans,mg/l,MOR,47.99999999999999
2759,33208,6656,6657,6658,84337,675437,77663,700594,crustaceans,mg/l,MOR,47.99999999999999
2759,33208,6656,6657,6681,75399,79901,223649,223651,crustaceans,mg/l,MOR,47.99999999999999
2759,33208,6656,6657,6681,75399,79901,110440,110441,crustaceans,mg/l,MOR,47.99999999999999
2759,,2836,,33849,33851,33852,2852,2856,algae,mg/l,POP,96.0
2759,33208,7711,89593,186623,7952,2743726,28793,67550,fish,mg/l,MOR,96.0
2759,33208,7711,89593,186623,8006,8015,8016,8019,fish,mg/l,MOR,96.0
2759,33208,7711,89593,186623,7952,7968,7969,7971,fish,mg/l,MOR,96.0
2759,33208,7711,89593,186623,1489940,8180,27705,27706,fish,mg/l,MOR,96.0
2759,33208,7711,89593,186623,8006,8015,8028,8032,fish,mg/l,MOR,96.0
2759,33208,7711,89593,186623,76071,47757,8089,8090,fish,mg/l,MOR,96.0
2759,33208,7711,89593,186623,1489911,8113,8139,8127,fish,mg/l,MOR,96.0
2,1783272,1117,,3028117,1150,1892252,54304,1463337,cyanobacteria,mg/l,POP,96.0
2759,33090,3041,,3166,35491,35466,39954,118073,algae,mg/l,POP,96.0
2759,33208,6656,6657,6681,6683,6685,133894,6687,crustaceans,mg/l,MOR,47.99999999999999
2759,,2836,,33849,38748,38749,2849,2850,algae,mg/l,POP,96.0
2759,,,,5747,425074,425072,2511164,2511165,algae,mg/l,POP,96.0
2759,33208,7711,89593,186623,7952,7953,7956,7957,fish,mg/l,MOR,96.0
2759,33090,3041,,3166,35491,35466,307506,307507,algae,mg/l,POP,96.0
2759,33090,3041,,75966,35460,35461,3071,3077,algae,mg/l,POP,96.0
2759,33208,7711,89593,186623,7952,2743709,345259,432397,fish,mg/l,MOR,96.0
2759,33208,7711,89593,186623,7952,2743726,48667,48668,fish,mg/l,MOR,96.0
2759,33208,7711,89593,186623,7952,2743709,27710,451694,fish,mg/l,MOR,96.0
2759,33208,7711,89593,186623,8006,8015,8033,8038,fish,mg/l,MOR,96.0
2759,33090,3041,,3166,35491,3086,91192,3088,algae,mg/l,POP,96.0
2759,33090,3041,,3166,35491,3086,91202,258916,algae,mg/l,POP,96.0
2759,33090,3041,,3166,35491,3086,91202,119580,algae,mg/l,POP,96.0
2759,,2836,,33836,33847,33848,2842,2843,algae,mg/l,POP,96.0
2759,,2836,,33836,33847,29202,35127,35128,algae,mg/l,POP,96.0
2759,33208,6447,,6544,6580,6592,1405020,1405021,mollusks,mg/l,MOR,
2759,33208,7711,89593,186623,8111,69291,69292,69293,fish,mg/l,MOR,96.0
2759,33208,7711,89593,186623,7952,2743726,28793,28796,fish,mg/l,MOR,96.0
2759,33208,6656,6657,6681,6821,36939,45625,52641,crustaceans,mg/l,MOR,47.99999999999999
2759,33208,6447,,6448,,6521,55693,55699,mollusks,mg/l,MOR,
2759,33208,6656,6960,50557,50622,51551,219316,466553,insects,mg/l,MOR,
2759,33208,6656,6960,50557,30073,50633,50634,248228,insects,mg/l,MOR,
2759,33208,6656,6960,50557,30263,41030,50443,761588,insects,mg/l,MOR,
2759,33208,6073,,6101,6125,6126,6127,140238,cnidarians and bryozoans,mg/l,POP,
2759,33208,6073,,6101,6125,6126,6127,70779,cnidarians and bryozoans,mg/l,POP,
2759,33208,6073,,6101,6125,46736,102204,214987,cnidarians and bryozoans,mg/l,MOR,
2759,33208,6656,6960,50557,7147,7157,190765,663928,insects,mg/l,MOR,
2759,33208,6656,6960,50557,7147,7157,7158,7159,insects,mg/l,MOR,
2759,33208,6656,6960,50557,7147,7157,7174,7176,insects,mg/l,MOR,
2759,33208,7711,89593,186623,32446,55118,224706,224708,fish,mg/l,MOR,96.0
2759,33208,6656,6657,6681,6683,1343471,6758,6759,crustaceans,mg/l,MOR,47.99999999999999
2759,33208,6447,,6544,6546,6547,6548,29158,mollusks,mg/l,MOR,
2759,33208,6340,,6341,6348,39820,73375,126592,worms,mg/l,MOR,
2759,33208,7711,7712,7713,7716,7717,7718,7719,tunicates and sponges,mg/l,MOR,
2759,33208,7711,89593,186623,7995,31009,13012,13013,fish,mg/l,MOR,96.0
2759,33208,7711,89593,186623,28738,28756,8077,8078,fish,mg/l,MOR,96.0
2759,33208,6656,6657,6658,84337,77658,77650,527150,crustaceans,mg/l,MOR,47.99999999999999
2759,,2763,,2806,31468,31469,2781,2782,algae,mg/l,POP,96.0
2759,,2763,,2806,31468,31469,2774,2608709,algae,mg/l,POP,96.0
2759,,2763,,2806,31468,31469,2774,1172980,algae,mg/l,POP,96.0
2759,,2830,,,73020,418951,37098,37099,algae,mg/l,POP,96.0
2759,33208,7586,,7625,2785018,7676,7655,7656,echinoderms,mg/l,GRO,
2759,33208,10190,,2816136,84394,96444,96445,1213208,rotifers,mg/l,MOR,
2759,33208,10190,,2816136,84394,96444,96445,491807,rotifers,mg/l,MOR,
2759,33208,10190,,2816136,84394,96444,96445,1213214,rotifers,mg/l,MOR,
2759,33208,7711,89593,186623,8111,8165,283033,283036,fish,mg/l,MOR,96.0
2759,33208,7586,,7625,2785018,31181,7664,7668,echinoderms,mg/l,MOR,
2759,33208,7586,,7625,31186,273750,273751,273752,echinoderms,mg/l,MOR,
2759,33208,7711,89593,186623,129912,72045,103719,161586,fish,mg/l,MOR,96.0
2759,33208,7711,89593,186623,1489878,8220,166751,203314,fish,mg/l,MOR,96.0
2759,33090,35493,131221,3398,41946,24945,24952,208873,plants,mg/l,GRO,
2759,33090,35493,131221,3398,41946,24945,24952,24953,plants,mg/l,GRO,
2759,33208,7711,89593,117569,7745,7746,7756,7757,fish,mg/l,MOR,96.0
2759,,2836,,33849,33851,33852,2857,303406,algae,mg/l,POP,96.0
2,1783272,1117,,3028117,1118,1890449,1125,1126,cyanobacteria,mg/l,POP,96.0
2759,33208,7711,89593,186623,1489878,8220,55552,55557,fish,mg/l,MOR,96.0
2759,33208,7711,89593,186623,1489907,8157,36211,83875,fish,mg/l,MOR,96.0
2759,33208,7711,89593,186623,7995,31013,205131,337539,fish,mg/l,MOR,96.0
2759,33208,7711,89593,186623,7995,31013,205131,205132,fish,mg/l,MOR,96.0
2759,33208,7711,89593,186623,1489900,64142,64143,64144,fish,mg/l,MOR,96.0
2759,,2836,,589449,420262,49244,265542,265543,algae,mg/l,POP,96.0
2759,33090,3041,,3166,3042,3043,3044,3047,algae,mg/l,POP,96.0
2759,33208,7711,89593,186623,1489911,8113,644543,74111,fish,mg/l,MOR,96.0
2759,33208,6447,,6544,6562,6563,6564,6565,mollusks,mg/l,ITX,
2759,33208,6447,,6544,6580,6592,6595,6596,mollusks,mg/l,MOR,
2759,33208,6656,6657,6681,6683,6695,117982,221654,crustaceans,mg/l,MOR,47.99999999999999
2759,33208,6656,6657,6658,84337,77658,77671,302197,crustaceans,mg/l,MOR,47.99999999999999
2759,33208,6656,6657,6658,84337,77658,77650,77651,crustaceans,mg/l,MOR,47.99999999999999
2759,33208,6656,6960,50557,7147,7149,7150,315576,insects,mg/l,MOR,
2759,33208,6340,,42113,2937015,2109251,6385,6386,worms,mg/l,MOR,
2759,33208,6656,6960,50557,30073,50581,197159,244977,insects,mg/l,MOR,
2759,33090,3041,,3166,3042,3051,3052,3055,algae,mg/l,POP,96.0
2759,33090,3041,,3166,35491,3103,427906,271407,algae,mg/l,POP,96.0
2,1783272,1117,,3028117,1150,1892254,1198,41313,cyanobacteria,mg/l,POP,96.0
2759,33208,7711,89593,186623,7995,7996,50384,219545,fish,mg/l,MOR,96.0
2759,33208,7711,89593,186623,8007,8008,8009,8010,fish,mg/l,MOR,96.0
2759,33208,6656,6657,72037,6833,121147,121148,136140,crustaceans,mg/l,MOR,47.99999999999999
2,1783272,1117,,3028117,1161,1162,1163,445011,cyanobacteria,mg/l,POP,96.0
2,1783272,1117,,3028117,1161,1162,1163,1165,cyanobacteria,mg/l,POP,96.0
2,1783272,1117,,3028117,1161,1162,264688,264691,cyanobacteria,mg/l,POP,96.0
2759,33208,7711,89593,186623,,30870,59836,59837,fish,mg/l,MOR,96.0
2759,33208,6447,,6544,6580,6581,43052,43053,mollusks,mg/l,MOR,
2759,33208,7711,89593,186623,7952,7953,84644,84645,fish,mg/l,MOR,96.0
2759,33208,7711,89593,186623,7952,7953,59897,683832,fish,mg/l,MOR,96.0
2759,33208,6656,6960,50557,30073,178295,178296,248245,insects,mg/l,MOR,
2759,33208,6656,6960,50557,30073,219466,219470,603693,insects,mg/l,MOR,
2759,33208,6447,,6544,6580,1176409,45948,45949,mollusks,mg/l,MOR,
2759,,2836,,33836,33847,29202,2818153,29205,algae,mg/l,POP,96.0
2,1783272,1117,,3028117,2881377,1890436,1152,54310,cyanobacteria,mg/l,POP,96.0
2,1783272,1117,,3028117,1890424,1890426,1129,32047,cyanobacteria,mg/l,POP,96.0
2759,,,,3027,589350,2896,3030,2898,algae,mg/l,POP,96.0
2759,,33682,,3035,86653,1732440,101492,101493,algae,mg/l,POP,96.0
2759,,33682,,3035,86650,1131320,3038,3039,algae,mg/l,POP,96.0
2759,,2836,,33836,2910910,1365474,29206,29207,algae,mg/l,POP,96.0
2759,33208,6656,6657,6681,6821,36939,45625,315707,crustaceans,mg/l,MOR,47.99999999999999
2759,4751,4890,147538,147545,5042,1131492,5052,5061,fungi,mg/l,POP,
2759,4751,4890,147538,147545,5042,1131492,5052,746128,fungi,mg/l,POP,
2759,4751,4890,147538,147545,5042,1131492,5052,46472,fungi,mg/l,POP,
2759,4751,4890,147538,147545,5042,1131492,5052,5059,fungi,mg/l,POP,
2759,4751,4890,147538,147545,5042,1131492,5052,5067,fungi,mg/l,POP,
2759,4751,4890,147538,147545,5042,1131492,5073,395885,fungi,mg/l,POP,
2759,4751,4890,147538,147545,5042,1131492,5073,5076,fungi,mg/l,POP,
2759,33208,6656,6657,6658,6659,37892,37893,577405,crustaceans,mg/l,MOR,47.99999999999999
2759,33208,6656,6657,6658,6659,37892,37893,91573,crustaceans,mg/l,MOR,47.99999999999999
2759,33208,6447,,6448,,109669,175859,175860,mollusks,mg/l,MOR,
2759,33208,6447,,6448,,6521,6522,6523,mollusks,mg/l,MOR,
2759,33208,6656,6657,6658,6659,38009,6660,85549,crustaceans,mg/l,MOR,47.99999999999999
2759,33090,35493,131221,3398,4055,24966,43574,655181,plants,kg/m2,POP,
2759,33208,6656,6657,72037,6833,121147,121148,335913,crustaceans,mg/l,MOR,47.99999999999999
2759,33208,6656,6657,72037,6833,121147,121148,1469664,crustaceans,mg/l,MOR,47.99999999999999
2759,33208,7711,89593,186623,7899,7900,7901,7907,fish,mg/l,MOR,96.0
2759,33208,7711,89593,186623,7899,7900,7901,41871,fish,mg/l,MOR,96.0
2759,33208,7711,89593,186623,7899,7900,7901,61970,fish,mg/l,MOR,96.0
2759,33208,7711,89593,186623,7899,7900,7901,7904,fish,mg/l,MOR,96.0
2759,33208,7711,89593,8292,8342,8418,317299,317300,amphibians,mg/l,MOR,
2759,4751,4890,147538,147550,5125,110618,5506,5507,fungi,mg/l,POP,
2759,33208,6656,6960,50557,7147,7157,7158,7160,insects,mg/l,MOR,
2759,33208,7711,89593,186623,8111,30972,508606,508607,fish,mg/l,MOR,96.0
2759,33208,6073,,6101,6103,42823,1720308,2652724,cnidarians and bryozoans,mg/l,MOR,
2759,33208,6447,,6544,47521,96925,257367,1615855,mollusks,mg/l,MOR,
2759,33208,7711,89593,186623,7952,2743726,54555,54556,fish,mg/l,MOR,96.0
2759,33208,7711,89593,186623,41872,8189,443747,443748,fish,mg/l,MOR,96.0
2759,33208,6656,6657,6658,84337,77713,2764912,2764913,crustaceans,mg/l,MOR,47.99999999999999
2759,33208,6447,,6544,47521,47526,47524,52360,mollusks,mg/l,MOR,
2759,33208,7711,89593,8292,8293,8294,8295,59636,amphibians,mg/l,MOR,
2759,33208,7711,89593,8292,8293,8294,8295,8296,amphibians,mg/l,MOR,
2759,33208,6656,6657,6681,6821,317518,317526,1239313,crustaceans,mg/l,MOR,47.99999999999999
2759,,2836,,33849,38748,265535,265536,265537,algae,mg/l,POP,96.0
2,1783272,1117,,3028117,1161,1162,264688,264690,cyanobacteria,mg/l,POP,96.0
2,1783272,1117,,3028117,1161,1892259,748770,1166,cyanobacteria,ppm,POP,96.0
2759,4751,4890,147538,147541,1111111,1111112,1494215,2854244,fungi,mg/l,GRO,
2759,33208,7711,89593,186623,7933,7934,7935,7938,fish,mg/l,MOR,96.0
2759,33090,3041,,3166,35491,35466,39954,81817,algae,mg/l,POP,96.0
2759,33090,3041,,3166,35491,35466,3108,52960,algae,mg/l,POP,96.0
2759,33208,10190,,2816136,84394,10193,885373,885374,rotifers,mg/l,MOR,
2,1783272,1117,,3028117,1161,1892259,1175,1176,cyanobacteria,ppm,POP,96.0
2759,33208,6447,,6448,,109669,264260,271031,mollusks,mg/l,MOR,
2759,33208,6656,6657,72037,84308,84315,298419,648240,crustaceans,mg/l,MOR,47.99999999999999
2759,33208,7586,,7705,7682,7687,307971,307972,echinoderms,mg/l,GRO,
2759,33208,7711,89593,186623,41712,27723,113543,113544,fish,mg/l,MOR,96.0
2759,33208,7586,,7625,734141,31183,7639,7640,echinoderms,mg/l,GRO,
2759,33208,6340,,6341,,42115,6343,6344,worms,mg/l,MOR,
2759,33208,6447,,6544,106218,6566,31198,31199,mollusks,mg/l,MOR,
2759,33208,6656,6657,6658,6659,38009,6660,112779,crustaceans,mg/l,MOR,47.99999999999999
2759,,,,2870,3009,3010,52968,52969,algae,mg/l,POP,96.0
2759,,5878,431838,33829,33831,138847,138848,2035364,protozoans,mg/l,MOR,
2759,33208,10190,,2816136,84394,84395,84396,2005548,rotifers,mg/l,MOR,
2759,33208,7586,,7588,7599,7600,7601,7602,echinoderms,mg/l,MOR,
2759,33208,7586,,7588,7599,7600,7601,7603,echinoderms,mg/l,MOR,
2759,33208,7586,,7588,7599,7600,7601,7604,echinoderms,mg/l,MOR,
2759,,2836,,33853,33855,33856,35129,210441,algae,mg/l,POP,96.0
2759,,2836,,33853,33855,33856,35129,265533,algae,mg/l,POP,96.0
2759,4751,4890,147538,147541,5014,1570301,5579,5580,fungi,mg/l,GRO,
2759,33208,6656,6657,6681,6683,6713,94941,94943,crustaceans,mg/l,MOR,47.99999999999999
2759,33090,35493,131221,3398,4143,4185,41377,82927,plants,kg/m2,GRO,
2759,33208,6447,,6448,6479,37796,128466,304850,mollusks,mg/l,MOR,
2759,33208,6656,6960,50557,30073,172515,189838,328950,insects,mg/l,MOR,
2759,33208,6656,6960,50557,30073,172515,189838,189839,insects,mg/l,MOR,
2759,33208,6656,6960,50557,30073,172515,189838,248215,insects,mg/l,MOR,
2759,33208,6656,6657,116172,2899670,37806,637416,637417,crustaceans,mg/l,MOR,47.99999999999999
2759,33208,7711,89593,186623,7952,7953,40829,40830,fish,mg/l,MOR,96.0
2759,33208,7711,89593,186623,7952,2743709,857701,2575991,fish,mg/l,MOR,96.0
2759,33208,6656,6657,6681,6683,168676,303054,2116170,crustaceans,mg/l,MOR,47.99999999999999
2759,33208,6656,6657,6681,6683,98081,98082,307031,crustaceans,mg/l,MOR,47.99999999999999
2759,33208,6447,,6448,,6524,6525,50959,mollusks,mg/l,MOR,
2759,33208,6447,,6448,,6524,6525,6526,mollusks,mg/l,MOR,
2759,33208,7711,89593,186623,1489921,56718,56719,56720,fish,mg/l,MOR,96.0
2759,33208,7711,89593,186623,1489878,8220,150287,1282961,fish,mg/l,MOR,96.0
2759,33208,7711,89593,8292,8342,30312,8344,8346,amphibians,mg/l,MOR,
2759,33208,6656,6657,6658,84337,27401,27402,27403,crustaceans,mg/l,MOR,47.99999999999999
2759,33090,3041,,75966,,,38880,38881,algae,mg/l,POP,96.0
2759,33208,10190,,2816136,84394,10193,10194,160652,rotifers,mg/l,MOR,
2759,33208,10190,,2816136,84394,10193,10194,10195,rotifers,mg/l,MOR,
2759,33208,10190,,2816136,84394,10193,10194,392764,rotifers,mg/l,MOR,
2759,33208,6656,6960,50557,30263,41034,41035,177646,insects,mg/l,MOR,
2759,33208,6340,,42113,2937015,2109251,73393,195543,worms,mg/l,MOR,
2759,33208,7711,89593,186623,7991,7992,171555,681888,fish,mg/l,MOR,96.0
2759,33208,6656,6657,72037,41212,298464,298465,3090714,crustaceans,mg/l,MOR,47.99999999999999
2759,33208,7711,89593,8292,8342,8382,651667,38577,amphibians,mg/l,MOR,
2759,33208,7711,89593,8292,8342,8382,651670,30325,amphibians,mg/l,MOR,
2759,33208,7711,89593,8292,8342,8382,651670,192200,amphibians,mg/l,MOR,
2759,33208,7711,89593,8292,8342,8382,8383,30331,amphibians,mg/l,MOR,
2759,33208,7711,89593,8292,8342,8382,651680,30335,amphibians,mg/l,MOR,
2759,33208,7711,89593,8292,8342,8382,651670,47559,amphibians,mg/l,MOR,
2759,33208,7711,89593,8292,8342,8382,651670,47561,amphibians,mg/l,MOR,
2759,33208,6231,,119089,6236,6243,6237,6239,worms,mg/l,MOR,
2759,33208,6656,6657,6681,6683,6757,6762,6763,crustaceans,mg/l,MOR,47.99999999999999
2759,33090,35493,131221,3398,41768,3440,3448,3449,plants,kg/m2,POP,
2759,33208,6447,,6448,75116,54976,93136,93137,mollusks,mg/l,MOR,
2759,33208,6656,6657,6681,6683,6753,6754,6756,crustaceans,mg/l,MOR,47.99999999999999
2759,33208,6656,6657,6681,6683,6753,555451,29965,crustaceans,mg/l,MOR,47.99999999999999
2759,4751,4890,147537,3239874,2916678,766764,766733,45589,fungi,mg/l,GRO,
2759,4751,4890,147537,4891,3243778,115784,604195,4903,fungi,mg/l,GRO,
2759,33208,6340,,6341,,51292,51293,51294,worms,mg/l,MOR,
2759,33208,7711,89593,186623,7952,7953,116044,1830164,fish,mg/l,MOR,96.0
2759,33208,7711,89593,186623,7952,7953,7956,217509,fish,mg/l,MOR,96.0
2759,33208,6447,,6544,2783445,55708,55709,55710,mollusks,mg/l,MOR,
2759,33208,6656,6657,6681,6683,96235,274641,274642,crustaceans,mg/l,MOR,47.99999999999999
2759,33208,7711,89593,186623,7995,,,71179,fish,mg/l,MOR,96.0
2759,33208,7711,89593,186623,7952,7968,7969,522486,fish,mg/l,MOR,96.0
2759,,2763,,2806,2802,31377,31380,203700,algae,mg/l,POP,96.0
2759,33208,6656,6657,6681,6683,37850,6722,6723,crustaceans,mg/l,MOR,47.99999999999999
2759,33208,6656,6657,6658,84337,77658,77671,381655,crustaceans,mg/l,MOR,47.99999999999999
2759,,2836,,33836,265576,49236,49237,265524,algae,mg/l,POP,96.0
2759,,2836,,33836,265576,49236,49237,426629,algae,mg/l,POP,96.0
2759,,2836,,33836,265576,49236,49237,156587,algae,mg/l,POP,96.0
2759,33208,6656,6657,6681,6821,36939,190420,315579,crustaceans,mg/l,MOR,47.99999999999999
2759,,2763,,2806,29247,31497,39625,437227,algae,mg/l,POP,96.0
2759,33208,7711,89593,186623,1489900,30910,33789,205123,fish,mg/l,MOR,96.0
2759,33208,6656,6960,50557,7147,41811,41812,41813,insects,mg/l,ITX,
2759,33090,35493,131221,304574,204509,3146,13778,55564,plants,mg/l,POP,
2759,33208,7711,89593,186623,41872,8189,48170,48171,fish,mg/l,MOR,96.0
2759,33208,7711,89593,186623,8006,8015,8016,8020,fish,mg/l,MOR,96.0
2759,33208,6656,6960,50557,7147,7149,7150,109233,insects,mg/l,MOR,
2759,33208,6656,6960,50557,7147,7149,7150,391764,insects,mg/l,MOR,
2759,33208,6656,6960,50557,7147,7149,7150,33397,insects,mg/l,MOR,
2759,33208,6656,6960,50557,7147,7149,7150,113505,insects,mg/l,MOR,
2759,33090,3041,,3166,3042,3051,3052,1244599,algae,mg/l,POP,96.0
2759,33090,3041,,75966,35460,35461,621009,95581,algae,mg/l,POP,96.0
2759,33090,3041,,3166,35491,3086,3087,3073,algae,mg/l,POP,96.0
2759,,2763,,2806,28017,29217,2768,2769,algae,mg/l,POP,96.0
2759,,,,3027,589342,589345,3028,402395,algae,mg/l,POP,96.0
2759,33208,7711,89593,186623,8252,2823367,195599,319775,fish,mg/l,MOR,96.0
2759,33090,3041,,33103,3183,35436,34125,162068,algae,mg/l,POP,96.0
2759,33208,7711,89593,186623,7995,31009,13012,59899,fish,mg/l,MOR,96.0
2759,33208,6656,6960,50557,30073,172515,197151,197152,insects,mg/l,MOR,
2759,33208,7711,89593,186623,32446,55118,7949,7950,fish,mg/l,MOR,96.0
2759,33208,7711,89593,186623,32446,55118,7949,30724,fish,mg/l,MOR,96.0
2759,33090,3041,,3166,35491,3086,55408,795112,algae,mg/l,POP,96.0
2759,33208,7711,89593,186623,1489900,270602,96902,313441,fish,mg/l,MOR,96.0
2759,33208,7711,89593,186623,7991,42495,42525,42526,fish,mg/l,MOR,96.0
2759,,5878,431838,6020,31277,291295,63335,5927,protozoans,mg/l,POP,
2759,,5878,431838,6020,31277,291295,5926,5928,protozoans,mg/l,POP,
2759,,5878,431838,5977,88566,5978,5979,63137,protozoans,mg/l,POP,
2759,,2836,,33836,33847,29202,1577724,1577725,algae,mg/l,POP,96.0
2759,33208,6447,,6544,6580,1176409,45948,141464,mollusks,mg/l,MOR,
2759,33208,7711,89593,186623,8006,8015,27772,59291,fish,mg/l,MOR,96.0
2759,33208,6656,6657,6681,6821,371451,371471,371472,crustaceans,mg/l,MOR,47.99999999999999
2759,33208,7711,89593,186623,8111,8092,8098,147208,fish,mg/l,MOR,96.0
2759,33208,6656,6657,6681,6683,98081,98082,491138,crustaceans,mg/l,MOR,47.99999999999999
2759,33208,6656,6657,6681,6683,98081,98082,587144,crustaceans,mg/l,MOR,47.99999999999999
2759,33208,6447,,6544,6562,6563,2171616,2784310,mollusks,mg/l,ITX,
2759,33208,6447,,6544,6562,6563,33508,36930,mollusks,mg/l,ITX,
2759,33208,6447,,6544,6562,6563,2171616,29159,mollusks,mg/l,ITX,
2759,33208,6447,,6544,6562,6563,6564,37643,mollusks,mg/l,ITX,
2759,33208,6447,,6448,216294,52627,52628,176853,mollusks,mg/l,MOR,
2759,33208,6340,,6341,6373,46590,40315,40316,worms,mg/l,MOR,
2759,33208,7711,89593,186623,1489878,8220,248999,435146,fish,mg/l,MOR,96.0
2759,33208,7711,89593,186623,7952,2743745,7958,7959,fish,mg/l,MOR,96.0
2759,33208,6447,,6544,47521,96925,981775,981776,mollusks,mg/l,MOR,
2759,33208,6656,6960,50557,7147,7157,7174,7175,insects,mg/l,MOR,
2759,33208,6656,6657,72037,84308,84315,263416,595358,crustaceans,mg/l,MOR,47.99999999999999
2759,,2836,,33836,2910910,1365474,29203,29204,algae,mg/l,POP,96.0
2759,,2836,,33836,2910910,1365474,29203,2934190,algae,mg/l,POP,96.0
2759,,2836,,33849,33851,33852,2852,2853,algae,mg/l,POP,96.0
2759,33208,7711,89593,186623,,50791,50792,50794,fish,mg/l,MOR,96.0
2759,33208,7711,89593,186623,28738,28771,105040,105041,fish,mg/l,MOR,96.0
2759,33208,6656,6657,6670,84318,163706,163713,163714,crustaceans,mg/l,MOR,47.99999999999999
2759,33208,6656,6657,6670,84318,43954,178841,230730,crustaceans,mg/l,MOR,47.99999999999999
2759,33208,6447,,6544,6580,59237,59238,59239,mollusks,mg/l,MOR,
2759,33208,6656,6657,6670,84318,43954,1708515,2572113,crustaceans,mg/l,MOR,47.99999999999999
2759,33208,6656,6657,6658,84337,77658,6668,27404,crustaceans,mg/l,MOR,47.99999999999999
2759,33208,6656,6657,6658,84337,77658,6668,42856,crustaceans,mg/l,MOR,47.99999999999999
2759,33208,6656,6657,6658,84337,77658,6668,35527,crustaceans,mg/l,MOR,47.99999999999999
2759,33208,6656,6657,6658,84337,77658,6668,35523,crustaceans,mg/l,MOR,47.99999999999999
2759,33208,6656,6657,6658,84337,77658,6668,35528,crustaceans,mg/l,MOR,47.99999999999999
2759,4751,4890,147537,3239874,2916678,766764,4958,4959,fungi,mg/l,GRO,
2759,33090,3041,,3166,35491,3086,91202,375941,algae,mg/l,POP,96.0
2759,33090,3041,,3166,35491,3086,91202,104105,algae,mg/l,POP,96.0
2759,33208,7586,,7625,31172,31173,31174,105360,echinoderms,mg/l,MOR,
2759,33208,6656,6657,6658,84337,77654,117531,527128,crustaceans,mg/l,MOR,47.99999999999999
2759,33208,6656,6657,6658,84337,77654,117531,141395,crustaceans,mg/l,MOR,47.99999999999999
2759,33208,7711,89593,186623,,42148,13488,13489,fish,mg/l,MOR,96.0
2759,33090,3041,,75966,35460,35461,1036744,247497,algae,mg/l,POP,96.0
2759,33208,6447,,6544,278205,45950,45951,45954,mollusks,mg/l,MOR,
2759,,5878,431838,6015,502085,502088,638337,638338,protozoans,mg/l,MOR,
2759,33208,6157,,147100,6159,31262,6160,6161,worms,mg/l,MOR,
2759,33090,3041,,3166,3042,3043,3044,13790,algae,mg/l,POP,96.0
2759,33090,3041,,3166,3042,3043,3044,3046,algae,mg/l,POP,96.0
2759,33090,35493,131221,3398,73496,51383,25641,1593053,plants,mg/l,MOR,
2759,33208,6656,6960,50557,30073,178295,309622,1310298,insects,mg/l,MOR,
2759,33208,7586,,7625,41317,41318,39183,39298,echinoderms,mg/l,MOR,
2759,33208,7586,,7625,2785018,31176,31177,31178,echinoderms,mg/l,GRO,
2759,33208,6447,,6544,47521,96925,981777,981778,mollusks,mg/l,MOR,
2759,,,,2870,2877,2878,2879,2881,algae,mg/l,POP,96.0
2759,33208,6073,,6074,500008,48402,128128,661989,cnidarians and bryozoans,mg/l,GRO,
2759,33208,6656,6657,6681,6821,1394511,1400848,1400849,crustaceans,mg/l,MOR,47.99999999999999
2759,33208,6656,6657,116172,2899670,2899678,1560685,1732093,crustaceans,mg/l,MOR,47.99999999999999
2759,33090,35493,131221,3398,16360,26319,26324,100364,plants,mg/l,GRO,
2759,33208,7711,89593,186623,,50791,100189,100190,fish,mg/l,MOR,96.0
2759,,2830,,,73020,418966,2902,2903,algae,mg/l,POP,96.0
2759,33208,6340,,42113,1964463,6388,6389,6390,worms,mg/kg soil,MOR,
2759,33208,6340,,42113,1964463,6388,6389,913645,worms,mg/kg soil,MOR,
2759,33208,7711,89593,186623,32446,43062,42891,42892,fish,mg/l,MOR,96.0
2759,33208,7711,89593,186623,32446,43062,42891,239368,fish,mg/l,MOR,96.0
2759,33208,6656,6657,6681,6821,317507,1450414,1450415,crustaceans,mg/l,MOR,47.99999999999999
2759,33208,6656,6960,50557,30073,241024,248184,1351856,insects,mg/kg,MOR,
2759,33208,6040,,6042,1779161,6050,6051,31330,tunicates and sponges,mg/l,MOR,
2759,33208,6040,,6042,1779161,6050,6051,6052,tunicates and sponges,mg/l,MOR,
2759,33208,7711,89593,186623,8111,30871,94231,94232,fish,mg/l,MOR,96.0
2759,33208,7711,89593,186623,1489911,8113,50795,238232,fish,mg/l,MOR,96.0
2759,33208,10190,,2816136,84394,10193,231619,231620,rotifers,mg/l,MOR,
2759,33208,6656,6657,72037,6833,236535,251516,2748947,crustaceans,mg/l,MOR,47.99999999999999
2759,33208,6040,,6042,1779161,6050,83848,91661,tunicates and sponges,mg/l,MOR,
2759,33208,6656,6657,6681,6816,6817,6818,102976,crustaceans,mg/l,MOR,47.99999999999999
2759,,5878,431838,33829,33831,100127,5935,5940,protozoans,mg/l,MOR,
2759,,5878,431838,33829,33831,100127,5935,413472,protozoans,mg/l,MOR,
2759,33208,7586,,7625,2785018,31176,137512,137513,echinoderms,mg/l,GRO,
2759,33208,6656,6657,6681,29979,96838,142002,2608108,crustaceans,mg/l,MOR,47.99999999999999
2759,33208,6447,,6448,216294,1260510,2035992,1199186,mollusks,mg/l,MOR,
2759,,,,2870,3009,3010,3011,3012,algae,mg/l,POP,96.0
2759,,,,2870,3009,3010,3011,87148,algae,mg/l,POP,96.0
2759,,,,2870,3009,3010,3011,87149,algae,mg/l,POP,96.0
2759,,,,2870,3009,3010,3011,49266,algae,mg/l,POP,96.0
2759,33208,7711,89593,186623,28738,28756,8077,28757,fish,mg/l,MOR,96.0
2759,33208,7711,89593,186623,28738,28756,8077,76055,fish,mg/l,MOR,96.0
2759,33208,6656,6657,6681,6821,36939,45625,315709,crustaceans,mg/l,MOR,47.99999999999999
2759,33208,6073,,6101,6125,46736,1540030,1540031,cnidarians and bryozoans,mg/l,MOR,
2759,33208,7711,89593,186623,8043,8045,8048,8049,fish,mg/l,MOR,96.0
2759,33208,6447,,6544,,457838,457839,457840,mollusks,mg/l,MOR,
2759,33208,6340,,6341,6362,51280,104684,104685,worms,mg/l,MOR,
2759,33208,7711,89593,186623,28738,8079,33527,33528,fish,mg/l,MOR,96.0
2759,33208,7711,89593,186623,28738,8079,33527,37273,fish,mg/l,MOR,96.0
2759,33208,6656,6657,6681,6821,36939,45625,1080760,crustaceans,mg/l,MOR,47.99999999999999
2759,33208,6656,6657,6681,6821,36939,45625,1080762,crustaceans,mg/l,MOR,47.99999999999999
2759,33208,6656,6657,6681,6821,36939,45625,114924,crustaceans,mg/l,MOR,47.99999999999999
2759,33208,6656,6657,6681,6821,36939,45625,314080,crustaceans,mg/l,MOR,47.99999999999999
2759,33208,6656,6657,6681,6821,36939,45625,1432571,crustaceans,mg/l,MOR,47.99999999999999
2759,33208,7711,89593,8292,8342,8427,8428,8429,amphibians,mg/l,MOR,
2759,33208,7711,89593,186623,7952,2743726,67540,170859,fish,mg/l,MOR,96.0
2759,33208,7711,89593,186623,1489878,8220,8221,8222,fish,mg/l,MOR,96.0
2759,,5878,431838,6020,31277,291296,5882,210825,protozoans,mg/l,MOR,
2759,33208,6656,6960,50557,7147,7149,33398,586674,insects,mg/l,MOR,
2759,33208,7711,89593,186623,7952,2743714,143605,143606,fish,mg/l,MOR,96.0
2759,33208,7711,89593,186623,1489878,8220,13224,225753,fish,mg/l,MOR,96.0
2759,,2763,,2806,31468,31469,2774,172961,algae,mg/l,POP,96.0
2759,33208,6656,6657,6681,6821,371451,429031,429032,crustaceans,mg/l,MOR,47.99999999999999
2759,,,,2864,2953,1003176,156229,156230,algae,mg/l,POP,96.0
2759,33090,3041,,3166,3042,35484,44744,44745,algae,mg/l,POP,96.0
2759,33208,6447,,6448,2315723,6451,6452,36094,mollusks,mg/l,MOR,
2759,33208,6447,,6448,2315723,6451,6452,36095,mollusks,mg/l,MOR,
2759,33208,6447,,6448,2315723,6451,6452,36096,mollusks,mg/l,MOR,
2759,33208,6447,,6448,2315723,6451,6452,36100,mollusks,mg/l,MOR,
2759,33208,6447,,6448,2315723,6451,6452,6454,mollusks,mg/l,MOR,
2759,,5878,431838,33829,693921,5972,5973,5974,protozoans,mg/l,MOR,
2759,33208,6447,,6448,216294,111533,93082,1209903,mollusks,mg/l,MOR,
2759,33208,7711,89593,186623,7995,31009,103209,103210,fish,mg/l,MOR,96.0
2759,33208,6340,,42113,2937015,2109251,1780233,74729,worms,mg/l,MOR,
2759,33208,6656,6657,6670,84318,43954,84330,425018,crustaceans,mg/l,MOR,47.99999999999999
2759,,,,38410,658125,658124,2828,2829,algae,mg/l,POP,96.0
2759,33208,7711,89593,186623,1489921,57768,57808,57809,fish,mg/l,MOR,96.0
2759,33208,6656,6657,6681,75399,79901,236551,236552,crustaceans,mg/l,MOR,47.99999999999999
2759,33208,6656,6657,6681,6683,6704,6705,6706,crustaceans,mg/l,MOR,47.99999999999999
2759,33208,7711,89593,186623,7995,31012,114108,114109,fish,mg/l,MOR,96.0
2,1783272,1117,,3028117,1150,1892254,1198,693231,cyanobacteria,mg/l,POP,96.0
2759,33208,6656,6657,6681,6821,199477,199487,2867085,crustaceans,mg/l,MOR,47.99999999999999
2759,33208,6073,,6074,406427,6080,6083,6088,cnidarians and bryozoans,mg/l,MOR,
2759,33208,6073,,6074,406427,6094,13092,35630,cnidarians and bryozoans,mg/l,MOR,
2759,33090,35493,131221,3398,16360,26319,51023,51024,plants,mg/l,GRO,
2759,33208,6340,,6341,6362,51280,216497,216498,worms,mg/l,MOR,
2759,33208,6656,6960,50557,30263,41030,50443,869943,insects,mg/l,MOR,
2759,33208,7711,89593,186623,1489921,56718,57810,57811,fish,mg/l,MOR,96.0
2759,33208,6447,,6544,47521,96925,96926,139417,mollusks,mg/l,MOR,
2759,33208,6447,,6544,47521,96925,96926,96927,mollusks,mg/l,MOR,
2759,33208,6447,,6544,47521,96925,96926,1142139,mollusks,mg/l,MOR,
2759,33208,6656,6657,6681,29979,82764,82762,82763,crustaceans,mg/l,MOR,47.99999999999999
2759,33208,6447,,6448,6479,6483,1912890,1934733,mollusks,mg/l,MOR,
2759,33208,6447,,6448,,584723,101422,101423,mollusks,mg/l,MOR,
2759,33208,7711,89593,186623,28738,28771,326431,37003,fish,mg/l,MOR,96.0
2759,33090,35493,131221,3398,4209,4210,4235,4236,plants,kg/m2,POP,
2759,,,,2870,2886,33636,33637,90893,algae,mg/l,POP,96.0
2759,,,,2870,2886,33636,309357,309358,algae,mg/l,POP,96.0
2759,33208,6447,,6544,47521,47526,2595110,196494,mollusks,mg/l,MOR,
2759,33208,6447,,6544,47521,47526,52392,96914,mollusks,mg/l,MOR,
2759,33208,6447,,6544,47521,47526,52392,3197072,mollusks,mg/l,MOR,
2759,33208,6447,,6544,47521,47526,52392,52396,mollusks,mg/l,MOR,
2759,33090,35493,131221,3398,16360,4454,161095,50518,plants,mg/l,POP,
2759,33208,7711,89593,186623,,8184,8186,8187,fish,mg/l,MOR,96.0
2759,33090,35493,131221,3398,16360,4454,4469,89585,plants,mg/l,POP,
2759,33090,35493,131221,3398,3699,3700,19205,33125,plants,kg/m2,GRO,
2759,33208,7711,89593,186623,7952,7982,425478,425479,fish,mg/l,MOR,96.0
2759,33208,7711,89593,186623,1489940,8180,13105,201691,fish,mg/l,MOR,96.0
2759,33208,7711,89593,186623,1489940,8180,13105,270329,fish,mg/l,MOR,96.0
2759,33208,7711,89593,186623,1489940,8180,13105,270331,fish,mg/l,MOR,96.0
2759,33208,7711,89593,186623,7991,7986,7987,909832,fish,mg/l,MOR,96.0
2759,33208,6656,6657,6681,6821,134544,247137,247138,crustaceans,mg/l,MOR,47.99999999999999
2759,33208,6656,6960,50557,30073,89829,219461,551854,insects,mg/l,MOR,
2759,33208,7711,89593,186623,8075,461499,355513,355514,fish,mg/l,MOR,96.0
2759,33208,7711,89593,186623,8252,8256,8257,27771,fish,mg/l,MOR,96.0
2759,33208,7711,89593,186623,8252,8256,2135392,1357979,fish,mg/l,MOR,96.0
2759,33208,6340,,42113,2937015,2109251,76586,76587,worms,mg/l,MOR,
2759,4751,4890,147537,3243770,3243773,29827,29828,29829,fungi,mg/l,GRO,
2759,33208,6656,6657,6681,29979,63227,155702,155703,crustaceans,mg/l,MOR,47.99999999999999
2759,33208,7711,89593,8292,8342,8397,192752,152345,amphibians,mg/l,MOR,
2759,33208,6656,6657,6681,6683,6685,133894,122378,crustaceans,mg/l,MOR,47.99999999999999
2759,33208,6656,6657,6681,6683,6685,133894,6689,crustaceans,mg/l,MOR,47.99999999999999
2759,33208,6447,,6448,216294,31212,31213,31216,mollusks,mg/l,MOR,
2759,33208,6447,,6448,216294,31212,31213,31220,mollusks,mg/l,MOR,
2759,33208,7711,89593,186623,41872,8189,1111474,1111475,fish,mg/l,MOR,96.0
2759,33208,6073,,6101,3028843,40678,205095,358775,cnidarians and bryozoans,mg/l,MOR,
2759,,5878,431837,33827,33828,409610,6008,6009,protozoans,mg/l,MOR,
2759,33208,7711,89593,186623,8111,8165,283033,283035,fish,mg/l,MOR,96.0
2759,33208,6447,,6448,,6521,2852045,2893164,mollusks,mg/l,MOR,
2759,33208,7586,,7625,31184,31185,7652,7653,echinoderms,mg/l,MOR,
2759,33208,7586,,7625,31184,31185,7652,7654,echinoderms,mg/l,MOR,
2759,33208,6447,,6544,2783445,52798,52799,1903275,mollusks,mg/l,MOR,
2759,33208,6656,6657,6681,6683,6695,6696,82204,crustaceans,mg/l,MOR,47.99999999999999
2759,33208,6656,6657,6681,6683,6695,6696,159736,crustaceans,mg/l,MOR,47.99999999999999
2759,33208,6656,6657,6681,6683,6695,6696,79674,crustaceans,mg/l,MOR,47.99999999999999
2759,,,,2870,2886,33636,35121,35122,algae,mg/l,POP,96.0
2759,33208,7711,89593,186623,1489900,270602,158450,158451,fish,mg/l,MOR,96.0
2759,33208,6447,,6544,47521,47529,47530,52361,mollusks,mg/l,MOR,
2759,33208,6447,,6448,75116,54973,75125,75126,mollusks,mg/l,MOR,
2,1783272,1117,,3028117,1161,1892263,29417,83541,cyanobacteria,ppm,POP,96.0
2759,33208,6447,,6544,47521,47526,52374,52375,mollusks,mg/l,MOR,
2759,33208,6447,,6448,,55727,55728,55729,mollusks,mg/l,MOR,
2759,33208,7711,89593,186623,8075,30700,32459,120844,fish,mg/l,MOR,96.0
2759,33208,7711,89593,186623,8075,30700,32459,33519,fish,mg/l,MOR,96.0
2759,33208,6656,6657,6681,6821,190426,315597,2735389,crustaceans,mg/l,MOR,47.99999999999999
2759,33208,6656,6657,6681,6821,190426,315597,1325124,crustaceans,mg/l,MOR,47.99999999999999
2759,33208,6656,6657,6681,6821,190426,315597,764486,crustaceans,mg/l,MOR,47.99999999999999
2759,33208,6447,,6544,6580,6592,74490,74491,mollusks,mg/l,MOR,
2759,33208,6656,6657,72037,84308,84315,245081,669471,crustaceans,mg/l,MOR,47.99999999999999
2759,33208,6656,6657,72037,84308,84315,245081,676265,crustaceans,mg/l,MOR,47.99999999999999
2759,33208,6656,6657,6681,6683,6685,32277,1378283,crustaceans,mg/l,MOR,47.99999999999999
2759,33208,6656,6657,6681,6683,6685,32277,1211424,crustaceans,mg/l,MOR,47.99999999999999
2,1783272,1117,,3028117,1150,1892252,44471,119532,cyanobacteria,mg/l,POP,96.0
2759,33208,7711,89593,8292,8342,8427,129017,143526,amphibians,mg/l,MOR,
2759,33208,7711,89593,186623,7952,7982,7983,75329,fish,mg/l,MOR,96.0
2759,33208,6656,6657,6658,84337,675437,77663,152158,crustaceans,mg/l,MOR,47.99999999999999
2759,33208,7711,89593,186623,28738,8079,8080,48699,fish,mg/l,MOR,96.0
2759,33208,6231,,119089,70219,120165,535938,535939,worms,mg/l,MOR,
2759,,2830,,,73026,418969,70451,2081491,algae,mg/l,POP,96.0
2759,33090,3041,,3166,35491,35466,34111,2528165,algae,mg/l,POP,96.0
2759,33208,7711,89593,186623,,42148,34815,34816,fish,mg/l,MOR,96.0
2759,33208,7711,89593,186623,41872,8189,8190,48193,fish,mg/l,MOR,96.0
2759,33208,6447,,6544,278205,6602,6603,6604,mollusks,mg/l,MOR,
2759,33208,7711,89593,186623,7995,31013,156982,156983,fish,mg/l,MOR,96.0
2759,33208,7711,89593,186623,7995,31013,402708,209114,fish,mg/l,MOR,96.0
2759,33208,6447,,6544,6546,6547,6548,6550,mollusks,mg/l,MOR,
2759,33208,6447,,6544,6546,6547,6548,6551,mollusks,mg/l,MOR,
2759,33208,6340,,42113,2937015,2109251,74730,74736,worms,mg/l,MOR,
2759,,,,5747,425074,425072,5748,43925,algae,mg/l,POP,96.0
2759,33208,6447,,6448,6479,6483,6484,1246631,mollusks,mg/l,MOR,
2759,,2836,,33849,38748,67474,50949,355634,algae,mg/l,POP,96.0
2759,,2836,,33849,38748,67474,50949,138538,algae,mg/l,POP,96.0
2759,,2836,,33849,38748,67474,50949,63141,algae,mg/l,POP,96.0
2759,,2836,,33849,38748,67474,880756,913975,algae,mg/l,POP,96.0
2759,,2836,,33849,38748,67474,50949,2014770,algae,mg/l,POP,96.0
2759,,2836,,33849,38748,216739,216740,1302831,algae,mg/l,POP,96.0
2759,33208,6340,,6341,6348,39820,42114,604281,worms,mg/l,MOR,
2759,33208,6656,6960,50557,30073,172515,2078956,2078957,insects,mg/l,MOR,
2759,33208,7711,89593,186623,1489878,8220,47307,47308,fish,mg/l,MOR,96.0
2759,33208,6656,6657,6681,75399,79901,223649,223650,crustaceans,mg/l,MOR,47.99999999999999
2759,33208,6340,,6341,6348,36119,36120,714606,worms,mg/l,MOR,
2759,33208,6340,,6341,6348,39820,868094,880429,worms,mg/l,MOR,
2759,33208,6656,6657,72037,41212,512263,1155069,1155070,crustaceans,mg/l,MOR,47.99999999999999
2759,,2836,,33849,33851,33852,2857,303401,algae,mg/l,POP,96.0
2759,,2836,,33849,33851,33852,2857,303402,algae,mg/l,POP,96.0
2759,,2836,,33849,33851,33852,2857,265528,algae,mg/l,POP,96.0
2759,,2836,,33849,33851,33852,2857,515482,algae,mg/l,POP,96.0
2759,,2836,,33849,33851,33852,2857,304202,algae,mg/l,POP,96.0
2,1783272,1117,,3028117,1161,1892259,159191,70799,cyanobacteria,ppm,POP,96.0
2,1783272,1117,,3028117,1161,1162,1177,212354,cyanobacteria,mg/l,POP,96.0
2,1783272,1117,,3028117,1161,1162,1340414,1179,cyanobacteria,mg/l,POP,96.0
2759,33208,7711,89593,186623,8111,8092,328409,328410,fish,mg/l,MOR,96.0
2759,33208,7711,89593,186623,8006,8015,8016,30962,fish,mg/l,MOR,96.0
2759,33208,7711,89593,186623,8006,8015,8016,8017,fish,mg/l,MOR,96.0
2759,33208,7711,89593,186623,8006,8015,8016,8023,fish,mg/l,MOR,96.0
2759,33208,7711,89593,186623,8006,8015,8016,74940,fish,mg/l,MOR,96.0
2759,33090,3041,,75966,35460,3070,120746,1244685,algae,mg/l,POP,96.0
2759,33208,7586,,7618,2783457,35054,48547,72672,echinoderms,mg/l,MOR,
2759,33208,6340,,6341,65495,160440,169108,169117,worms,mg/l,MOR,
2759,33208,6340,,6341,65495,160440,169108,169120,worms,mg/l,MOR,
2759,33208,6656,6657,6681,6821,134545,587172,703094,crustaceans,mg/l,MOR,47.99999999999999
2759,33208,7711,89593,186623,1489911,8113,8139,8128,fish,mg/l,MOR,96.0
2759,33208,6656,6657,6681,6683,6725,306272,306176,crustaceans,mg/l,MOR,47.99999999999999
2,1783272,1117,,3028117,1150,1892252,54304,1160,cyanobacteria,mg/l,POP,96.0
2,1783272,1117,,3028117,1150,1892254,1158,126345,cyanobacteria,mg/l,POP,96.0
2759,33208,7711,89593,186623,41711,8012,8013,8014,fish,mg/l,MOR,96.0
2759,33208,6340,,6341,6362,39832,6346,6347,worms,mg/l,MOR,
2759,4751,4890,147537,3239874,2926620,3243782,4917,4918,fungi,mg/l,GRO,
2759,33208,6656,6657,6681,6683,6713,6719,6720,crustaceans,mg/l,MOR,47.99999999999999
2759,33208,7711,89593,186623,1489931,8169,8172,143350,fish,mg/l,MOR,96.0
2759,33208,6656,6657,6681,6683,6745,6746,174397,crustaceans,mg/l,MOR,47.99999999999999
2759,33208,6656,6657,6681,6683,6695,117982,338212,crustaceans,mg/l,MOR,47.99999999999999
2759,33208,6656,6657,6681,6683,6695,117982,645159,crustaceans,mg/l,MOR,47.99999999999999
2759,33208,6656,6657,6681,6683,6695,117982,6700,crustaceans,mg/l,MOR,47.99999999999999
2759,33208,6656,6657,6681,6683,6695,117982,294125,crustaceans,mg/l,MOR,47.99999999999999
2759,33208,6656,6657,6681,6683,6701,6702,397975,crustaceans,mg/l,MOR,47.99999999999999
2759,33208,7711,89593,186623,8111,30871,30872,172714,fish,mg/l,MOR,96.0
2759,33208,7711,89593,186623,8111,30871,30872,30873,fish,mg/l,MOR,96.0
2759,33208,7711,89593,186623,8252,171414,8254,319776,fish,mg/l,MOR,96.0
2759,33208,7711,89593,186623,8252,171414,8254,8255,fish,mg/l,MOR,96.0
2759,,5878,431838,6020,33825,340080,5884,74790,protozoans,mg/l,MOR,
2759,,5878,431838,6020,33825,340080,5884,5885,protozoans,mg/l,MOR,
2759,,5878,431838,6020,33825,340080,5884,122938,protozoans,mg/l,MOR,
2759,33208,6340,,42113,2937015,2109251,74741,74742,worms,mg/l,MOR,
2759,33208,6656,6960,50557,7147,7149,82133,288873,insects,mg/l,MOR,
2759,33208,6656,6657,6681,6683,96235,159740,302717,crustaceans,mg/l,MOR,47.99999999999999
2759,33208,6340,,6341,6373,104750,104751,363721,worms,mg/l,MOR,
2759,33090,3041,,3166,35491,3103,427905,271398,algae,mg/l,POP,96.0
2759,33208,6231,,119089,6236,6243,35555,96647,worms,mg/l,MOR,
2759,,,,2870,3009,3010,48071,74467,algae,mg/l,POP,96.0
2759,33208,6656,6657,6681,6683,6685,133894,6690,crustaceans,mg/l,MOR,47.99999999999999
2759,33208,6656,6657,6681,6683,6685,133894,64466,crustaceans,mg/l,MOR,47.99999999999999
2759,33208,6656,6657,6681,6683,6685,133894,29960,crustaceans,mg/l,MOR,47.99999999999999
2759,33208,6656,6657,6681,6683,6685,133894,161924,crustaceans,mg/l,MOR,47.99999999999999
2759,4751,4890,147538,147545,5042,1131492,5073,60171,fungi,mg/l,POP,
2759,33208,7711,89593,186623,8111,8165,8166,8168,fish,mg/l,MOR,96.0
2759,33208,6447,,6544,6546,6547,38948,513279,mollusks,mg/l,MOR,
2759,33208,6447,,6544,6546,6547,38948,94826,mollusks,mg/l,MOR,
2759,33208,6447,,6544,6546,6547,38948,73031,mollusks,mg/l,MOR,
2759,,2830,,,418919,418920,33656,33657,algae,mg/l,POP,96.0
2759,33208,10190,,2816136,104783,44580,44581,44582,rotifers,mg/l,ITX,
2759,33208,7711,89593,186623,7952,2743726,42662,58324,fish,mg/l,MOR,96.0
2759,33208,6340,,6341,6362,36125,13207,341668,worms,mg/l,MOR,
2759,33090,35493,131221,3398,38820,4479,15745,29695,plants,kg/m2,POP,
2759,33208,6447,,6448,,109669,175859,109671,mollusks,mg/l,MOR,
2759,33208,6447,,6448,,109669,109670,146087,mollusks,mg/l,MOR,
2759,33090,35493,131221,3214,3215,3216,37414,3218,plants,ppm,GRO,
2759,33208,7711,89593,186623,7991,42495,42527,42529,fish,mg/l,MOR,96.0
2759,4751,4890,147537,3239874,2916678,766764,766733,4924,fungi,mg/l,GRO,
2759,33208,7711,89593,186623,7952,2743726,51137,51138,fish,mg/l,MOR,96.0
2759,33208,6447,,6544,44598,102312,50425,50426,mollusks,mg/l,MOR,
2759,33090,35493,131221,3398,16360,4454,4476,4477,plants,mg/l,POP,
2759,33208,6447,,6544,106218,6566,6576,6577,mollusks,mg/l,MOR,
2759,33208,6447,,6448,,6524,55738,446412,mollusks,mg/l,MOR,
2759,,2836,,33849,1003319,216726,216797,216798,algae,mg/l,POP,96.0
2759,33208,7711,89593,186623,8252,8256,8259,195632,fish,mg/l,MOR,96.0
2759,33208,7711,89593,186623,7952,2743726,67553,67554,fish,mg/l,MOR,96.0
2759,33090,3041,,1524962,35426,35429,3164,3161,algae,mg/l,POP,96.0
2759,33208,7711,89593,186623,41711,30955,61083,61084,fish,mg/l,MOR,96.0
2759,,2830,,,73020,418951,424538,418908,algae,mg/l,POP,96.0
2759,33208,7711,89593,186623,8252,8256,8261,8262,fish,mg/l,MOR,96.0
2759,33208,6157,,147100,6159,27896,39784,39785,worms,mg/l,MOR,
2759,33208,6157,,147100,6159,27896,39784,39786,worms,mg/l,MOR,
2759,,2763,,2806,2802,2803,2804,173545,algae,mg/l,POP,96.0
2759,33208,6447,,6448,75116,54973,72702,400727,mollusks,mg/l,MOR,
2759,33208,6447,,6448,75116,54973,72702,145535,mollusks,mg/l,MOR,
2759,,2763,,2797,29216,31345,2784,2786,algae,mg/l,POP,96.0
2759,,2763,,2797,2798,2799,2791,2891951,algae,mg/l,POP,96.0
2759,33090,35493,131221,3398,16360,16362,13228,934801,plants,mg/l,GRO,
2759,33090,35493,131221,3398,16360,16362,13228,55318,plants,mg/l,GRO,
2759,33090,35493,131221,3398,16360,16362,13228,189327,plants,mg/l,GRO,
2759,33208,6447,,6448,216294,1345660,145636,145637,mollusks,mg/l,MOR,
2759,33208,6340,,42113,2937015,2109251,150439,150440,worms,mg/l,MOR,
2759,33208,6656,6657,6681,6683,6725,6726,6728,crustaceans,mg/l,MOR,47.99999999999999
2759,,,,2864,2942,2943,2944,2945,algae,mg/l,POP,96.0
2759,,,,2864,2942,2943,2944,39449,algae,mg/l,POP,96.0
2759,33208,7711,89593,186623,8006,8015,36182,89337,fish,mg/l,MOR,96.0
2759,33208,6447,,6544,6580,6592,462888,462889,mollusks,mg/l,MOR,
2759,33208,7586,,7625,2785018,2785019,7659,7660,echinoderms,mg/l,MOR,
2759,33208,6656,6657,72037,6833,163474,163475,207990,crustaceans,mg/l,MOR,47.99999999999999
2759,33208,7711,89593,186623,8252,8256,8264,8265,fish,mg/l,MOR,96.0
2759,33208,7711,89593,186623,7952,2743714,38758,51549,fish,mg/l,MOR,96.0
2759,33208,7711,89593,186623,7952,2743726,71768,232998,fish,mg/l,MOR,96.0
2759,33208,7711,89593,186623,7952,2743726,71768,71769,fish,mg/l,MOR,96.0
2759,33208,7711,89593,186623,7952,7953,270004,381606,fish,mg/l,MOR,96.0
2759,33208,7711,89593,186623,7952,7953,27707,205134,fish,mg/l,MOR,96.0
2759,33208,6447,,6448,,6521,2529396,2529398,mollusks,mg/l,MOR,
2759,33208,7711,89593,8292,8342,8397,192752,30360,amphibians,mg/l,MOR,
2759,33208,7711,89593,8292,8342,8397,121164,88445,amphibians,mg/l,MOR,
2759,33208,7711,89593,8292,8342,8397,121236,8400,amphibians,mg/l,MOR,
2759,33208,7711,89593,8292,8342,685122,2920390,2927596,amphibians,mg/l,MOR,
2759,33208,7711,89593,8292,8342,8397,8399,8402,amphibians,mg/l,MOR,
2759,33208,7711,89593,8292,8342,685122,127010,110108,amphibians,mg/l,MOR,
2759,33208,7711,89593,8292,8342,8397,192752,8404,amphibians,mg/l,MOR,
2759,33208,7711,89593,8292,8342,8397,192752,146672,amphibians,mg/l,MOR,
2759,33208,7711,89593,8292,8342,8397,192752,45438,amphibians,mg/l,MOR,
2759,33208,7711,89593,8292,8342,8397,8399,8407,amphibians,mg/l,MOR,
2759,33208,7711,89593,186623,7952,2743709,27710,244133,fish,mg/l,MOR,96.0
2759,33208,7711,89593,186623,7952,2743726,67555,340988,fish,mg/l,MOR,96.0
2759,,,,3027,589342,589344,37096,295837,algae,mg/l,POP,96.0
2759,,,,3027,589342,589344,37096,354590,algae,mg/l,POP,96.0
2759,4751,5204,29000,162481,231213,1799696,5533,5537,fungi,mg/l,GRO,
2759,33208,6447,,6544,6580,6592,186463,104385,mollusks,mg/l,MOR,
2759,33208,6447,,6544,6580,6592,186463,129788,mollusks,mg/l,MOR,
2759,4751,4890,147537,4891,4892,4893,4930,230603,fungi,mg/l,GRO,
2759,4751,4890,147537,4891,4892,4893,4930,4932,fungi,mg/l,GRO,
2759,33208,7711,89593,186623,8006,8015,8028,8030,fish,mg/l,MOR,96.0
2759,33208,7711,89593,186623,8006,8015,8033,8039,fish,mg/l,MOR,96.0
2759,33208,7711,89593,186623,8006,8015,8033,8040,fish,mg/l,MOR,96.0
2759,33090,35493,131221,241806,74353,32186,32187,301149,plants,mg/l,POP,
2759,33090,35493,131221,241806,74353,32186,32187,3023016,plants,mg/l,POP,
2759,33090,35493,131221,241806,74353,32186,32187,42333,plants,mg/l,POP,
2759,33208,7711,89593,186623,7899,7900,7909,36178,fish,mg/l,MOR,96.0
2759,33208,7711,89593,186623,7899,7900,7909,7910,fish,mg/l,MOR,96.0
2759,33090,3041,,3166,35491,3086,3087,104103,algae,mg/l,POP,96.0
2759,33090,3041,,3166,35491,3086,91192,119574,algae,mg/l,POP,96.0
2759,33090,3041,,3166,35491,3086,3087,1539023,algae,mg/l,POP,96.0
2759,33090,3041,,3166,35491,3086,3087,77546,algae,mg/l,POP,96.0
2759,33208,6656,6657,72037,41212,324870,1245664,1432316,crustaceans,mg/l,MOR,47.99999999999999
2759,4751,4890,147537,3239874,2916678,766764,766758,27300,fungi,mg/l,GRO,
2759,33208,6340,,6341,46589,46599,95535,95536,worms,kg/m2,POP,
2759,33208,7711,89593,186623,8252,52902,52903,52904,fish,mg/l,MOR,96.0
2759,33208,7711,89593,186623,8111,8092,52272,52273,fish,mg/l,MOR,96.0
2759,33208,6447,,6544,2783445,665962,665964,665965,mollusks,mg/l,MOR,
2759,33208,6656,6960,50557,7041,41073,432668,3097529,insects,kg/m2,POP,
2759,33208,7711,89593,186623,7952,2743726,67557,67558,fish,mg/l,MOR,96.0
2759,33208,6447,,6605,551287,6608,6609,6610,mollusks,mg/l,GRO,
2759,33208,7711,89593,186623,,75382,75041,216359,fish,mg/l,MOR,96.0
2759,33208,6656,6657,6658,84337,77658,77650,117539,crustaceans,mg/l,MOR,47.99999999999999
2759,33208,6656,6657,6681,75399,79901,236577,236578,crustaceans,mg/l,MOR,47.99999999999999
2759,,2836,,33836,33847,33848,2842,267567,algae,mg/l,POP,96.0
2759,33208,7711,89593,186623,8252,30948,28828,90069,fish,mg/l,MOR,96.0
2759,33208,7711,89593,186623,1489931,8169,8174,8175,fish,mg/l,MOR,96.0
2759,33208,6447,,6544,6580,55711,55712,98288,mollusks,mg/l,MOR,
2759,33208,6447,,6544,6580,55711,55712,127839,mollusks,mg/l,MOR,
2759,33208,7711,89593,186623,31022,31031,39109,168377,fish,mg/l,MOR,96.0
2759,33090,35493,131221,3398,16360,4454,4473,29656,plants,mg/l,POP,
2759,,5878,431837,194287,5957,37350,37867,37688,protozoans,mg/l,MOR,
2759,,5878,431837,194287,5957,37350,37867,402028,protozoans,mg/l,MOR,
2,1783272,1117,,3028117,1150,1892252,35823,118562,cyanobacteria,mg/l,POP,96.0
2759,33208,6447,,6544,6580,6581,6582,6584,mollusks,mg/l,MOR,
2759,33208,6040,,6042,1779161,6050,6054,6055,tunicates and sponges,mg/l,MOR,
2759,,2836,,33849,38748,265582,265583,265584,algae,mg/l,POP,96.0
2759,33208,6656,6657,6670,84318,43954,27410,27411,crustaceans,mg/l,MOR,47.99999999999999
2759,33208,7586,,7625,2785018,7676,53478,53479,echinoderms,mg/l,GRO,
2759,33208,6340,,6341,46589,46599,95537,95538,worms,kg/m2,POP,
2759,33208,6656,6657,6658,6659,59186,59187,59188,crustaceans,mg/l,MOR,47.99999999999999
2759,33208,7586,,7625,2785018,31181,7664,7671,echinoderms,mg/l,MOR,
2759,33208,7586,,7625,2785018,31181,1306076,1328066,echinoderms,mg/l,MOR,
2759,,5878,431838,33829,693921,57506,5948,200607,protozoans,mg/l,MOR,
2759,,2836,,33849,216751,216752,216753,1003121,algae,mg/l,POP,96.0
2,1783272,1117,,3028117,1890424,1890428,1142,543824,cyanobacteria,mg/l,POP,96.0
2759,33208,7711,89593,186623,7952,2743742,38761,38762,fish,mg/l,MOR,96.0
2759,33208,7711,89593,186623,1489940,30875,163130,163131,fish,mg/l,MOR,96.0
2759,,5878,431838,6020,31277,291294,5890,5911,protozoans,mg/l,POP,
2759,33090,3041,,1524962,35426,35429,3164,63592,algae,mg/l,POP,96.0
2759,33090,3041,,1524962,35426,35429,3164,41888,algae,mg/l,POP,96.0
2759,33090,3041,,1524962,35426,35429,3164,270643,algae,mg/l,POP,96.0
2759,33090,3041,,1524962,35426,35429,3164,445571,algae,mg/l,POP,96.0
2759,,2836,,33836,33847,29202,1577724,159748,algae,mg/l,POP,96.0
2759,,2836,,33836,33847,29202,35127,49265,algae,mg/l,POP,96.0
2759,33208,7711,89593,186623,1489928,8247,76337,202603,fish,mg/l,MOR,96.0
2759,33208,6656,6657,6658,6659,91592,91580,91582,crustaceans,mg/l,MOR,47.99999999999999
2759,33208,7711,89593,186623,1489940,30875,1161375,1161376,fish,mg/l,MOR,96.0
2759,33208,7711,89593,186623,8006,8015,36184,70285,fish,mg/l,MOR,96.0
2759,33208,6656,6657,72037,41212,512265,6831,272819,crustaceans,mg/l,MOR,47.99999999999999
2759,33208,6656,6657,72037,41212,512265,6831,167952,crustaceans,mg/l,MOR,47.99999999999999
2759,33208,6656,6657,72037,41212,512265,6831,158387,crustaceans,mg/l,MOR,47.99999999999999
2759,33208,7711,89593,186623,1489911,8113,1315722,64549,fish,mg/l,MOR,96.0
2759,33208,7711,89593,186623,1489911,8113,1315722,8130,fish,mg/l,MOR,96.0
2759,33208,7711,89593,186623,7952,2743744,27716,27717,fish,mg/l,MOR,96.0
2759,33208,6656,6657,72037,41212,291241,291242,291243,crustaceans,mg/l,MOR,47.99999999999999
2759,33208,6656,6657,72037,41212,291241,291242,2056173,crustaceans,mg/l,MOR,47.99999999999999
2759,33208,7711,89593,186623,1489907,8157,173330,173342,fish,mg/l,MOR,96.0
2759,33208,7711,89593,186623,7952,2743726,263869,3004147,fish,mg/l,MOR,96.0
2759,4751,4890,147538,147550,5125,5129,5543,49224,fungi,mg/l,POP,
2759,33090,35493,131221,3398,38820,4731,4732,4733,plants,mg/l,POP,
2759,33090,3041,,33103,3113,3114,3118,63410,algae,mg/l,POP,96.0
2759,33090,3041,,33103,3113,3114,3118,3120,algae,mg/l,POP,96.0
2759,,5878,431838,6020,198613,35105,35106,1090525,protozoans,mg/l,MOR,
2759,33208,6447,,6544,47521,47526,52382,52383,mollusks,mg/l,MOR,
2759,33208,6447,,6544,47521,96925,139425,139426,mollusks,mg/l,MOR,
2759,33208,6447,,6544,47521,47526,2153200,96919,mollusks,mg/l,MOR,
2759,33208,7711,89593,186623,7995,30989,36717,36718,fish,mg/l,MOR,96.0
2759,33090,35493,131221,3398,16360,4454,161109,161111,plants,mg/l,POP,
2759,33208,7711,89593,8292,8342,8352,8353,8355,amphibians,mg/l,MOR,
2759,33208,7711,89593,186623,28738,8079,8082,8084,fish,mg/l,MOR,96.0
2759,33208,7711,89593,186623,7952,7968,154826,154827,fish,mg/l,MOR,96.0
2759,33208,6656,6960,50557,7399,7402,37852,55891,insects,mg/l,MOR,
2759,33208,6656,6960,50557,7399,7458,7459,7460,insects,mg/org,MOR,
2759,33208,7711,89593,8782,8976,224313,9013,9014,birds,mg/kg,MOR,
2759,33208,7711,89593,8782,8976,9005,9090,93934,birds,mg/kg,MOR,
2759,33208,6340,,42113,2803884,6392,6393,6396,worms,mg/kg soil,MOR,
2759,33208,6656,6960,30001,730330,36141,158440,158441,insects,mg/kg soil,MOR,
2759,33208,6656,6843,6854,34634,48831,704011,704012,insects,mg/kg soil,MOR,
2759,33090,35493,131221,3398,38820,4479,4520,4522,plants,kg/m2,POP,
2759,33208,6340,,42113,2803884,6392,6397,6398,worms,mg/kg soil,MOR,
2759,33208,6656,6657,72037,84308,84315,281257,1795151,crustaceans,mg/l,MOR,47.99999999999999
2759,33208,6340,,42113,2803884,6400,298367,506672,worms,mg/kg soil,MOR,
2759,33090,35493,131221,3398,41946,24945,24952,208863,plants,mg/l,GRO,
2759,,2836,,33849,33851,33852,2857,303400,algae,mg/l,POP,96.0
2759,33208,7711,89593,186623,1489931,8169,50592,98819,fish,mg/l,MOR,96.0
2759,33208,7711,89593,8782,8976,9005,9053,9054,birds,mg/kg,MOR,
2759,33090,35493,131221,3398,3699,3700,3725,3726,plants,kg/m2,GRO,
2759,33090,35493,131221,3398,3699,3700,3727,3728,plants,kg/m2,GRO,
2759,33208,6656,6843,6854,34634,34636,84386,84387,insects,mg/l,MOR,
2759,33090,35493,131221,3398,16360,26319,26336,29649,plants,mg/l,GRO,
2759,33208,7711,89593,8782,9126,9158,9159,48849,birds,mg/kg,MOR,
2759,33208,7711,89593,8782,9126,164646,9190,39638,birds,mg/kg,MOR,
2759,33208,7711,89593,8782,2558200,56259,30396,56263,birds,mg/kg,MOR,
2759,33208,7711,89593,8782,8948,8949,8952,56350,birds,mg/kg,MOR,
2759,33208,7711,89593,40674,33554,9608,9611,9614,other mammals,mg/kg,MOR,
2759,33208,7711,89593,8782,2558200,56259,8960,8962,birds,mg/kg,MOR,
2759,33208,6656,6960,50557,7147,7366,7369,7370,insects,mg/org,MOR,
2759,33208,6656,6960,50557,7147,7371,45449,115424,insects,mg/kg diet,MOR,
2759,33208,6656,6960,50557,7041,7065,7066,7067,insects,mg/l,MOR,
2759,33208,7711,89593,40674,9989,10066,10046,10047,rodents,mg/kg,MOR,
2759,33208,6340,,42113,2803884,6392,6393,168636,worms,mg/kg soil,MOR,
2759,33208,6340,,42113,2803884,6392,6397,35632,worms,mg/kg soil,MOR,
2759,33208,6340,,42113,2803884,6392,73391,302034,worms,mg/kg soil,MOR,
2759,33208,6231,,119089,6236,6301,31242,31243,worms,kg/m2,POP,
2759,33208,6340,,42113,2803884,6392,27388,302032,worms,mg/kg soil,MOR,
2759,33208,6656,6960,50557,6993,6995,6998,51074,insects,ppm,MOR,
2759,33208,6656,6657,6681,29979,96867,64694,64697,crustaceans,mg/l,MOR,47.99999999999999
2759,33208,6340,,42113,2803884,6392,27388,27389,worms,mg/kg soil,MOR,
2759,33208,6656,6960,30001,730330,36141,158440,1387114,insects,mg/kg soil,MOR,
2759,,5878,431838,5977,88566,5978,5979,63136,protozoans,mg/l,POP,
2759,33208,6656,6843,6854,83137,128013,128014,128015,insects,mg/kg diet,MOR,
2759,33090,35493,131221,3398,3699,3700,3705,3711,plants,kg/m2,GRO,
2759,33090,35493,131221,3398,38820,4479,4496,4498,plants,kg/m2,POP,
2759,33090,35493,131221,3398,4069,4070,4107,4081,plants,kg/m2,GRO,
2759,33090,35493,131221,3398,38820,4479,4554,4556,plants,kg/m2,POP,
2759,33090,35493,131221,3398,3524,1804623,3558,3559,plants,kg/m2,POP,
2759,33090,35493,131221,3398,3524,3563,3564,124763,plants,kg/m2,POP,
2759,33090,35493,131221,3398,72025,3803,3846,3847,plants,kg/m2,POP,
2759,33090,35493,131221,3398,38820,4479,4564,4565,plants,kg/m2,POP,
2759,33208,6656,6960,50557,6993,6995,6996,6997,insects,ppm,MOR,
2759,33090,35493,131221,3398,3699,3700,3701,3702,plants,kg/m2,GRO,
2759,33208,6340,,42113,2803884,169955,169956,169957,worms,mg/kg,MOR,
2759,33090,35493,131221,3398,71239,3650,3655,3659,plants,kg/m2,GRO,
2759,33090,35493,131221,3398,232378,4328,83698,188598,plants,kg/m2,GRO,
2759,33090,35493,131221,3398,3502,3520,19926,228114,plants,kg/m2,MOR,
2759,33090,35493,131221,3398,41944,3931,87658,34328,plants,kg/m2,GRO,
2759,33090,35493,131221,3398,3524,1804623,3561,3562,plants,kg/m2,POP,
2759,33090,35493,131221,3398,4036,4037,4042,4043,plants,mg/l,GRO,
2759,33208,6656,6960,50557,7041,92690,1569678,1569679,insects,mg/l,MOR,
2759,33208,6656,6960,50557,7041,92690,295666,351485,insects,mg/l,MOR,
2759,33208,6656,61985,7540,41362,7548,7551,1255756,insects,mg/kg soil,MOR,
2759,33208,6656,6843,6854,6893,81835,319081,319082,insects,kg/m2,POP,
2759,33090,35493,131221,3398,3524,3615,76024,76029,plants,kg/m2,POP,
2759,33208,6340,,42113,2803884,6392,6393,265212,worms,mg/kg soil,MOR,
2759,33090,35493,131221,3398,72025,3803,78532,78534,plants,kg/m2,POP,
2759,33090,35493,131221,3398,72025,3803,3877,3879,plants,kg/m2,POP,
2759,33090,35493,131221,3398,38820,4479,4512,4513,plants,kg/m2,POP,
2759,33090,35493,131221,3398,4036,4037,4038,4039,plants,mg/l,GRO,
2759,33090,35493,131221,3398,38820,4479,4575,4577,plants,kg/m2,POP,
2759,33090,35493,131221,3398,38820,4479,48731,48732,plants,kg/m2,POP,
2759,33090,35493,131221,3398,38820,4479,15492,86019,plants,kg/m2,POP,
2759,33208,6447,,6448,6527,6533,2749756,6535,mollusks,mg/l,MOR,
2759,33208,6656,6960,50557,7041,7055,7063,7064,insects,kg/m2,POP,
2759,33208,6656,6960,50557,7524,30102,139594,139595,insects,kg/m2,POP,
2759,33208,6656,6960,50557,7524,30083,30084,50650,insects,kg/m2,POP,
2759,33208,6656,6960,50557,7524,57993,58007,881570,insects,ppm,MOR,
2759,33090,35493,131221,3398,38820,4479,4605,52153,plants,kg/m2,POP,
2759,33208,6656,6960,50557,7147,7157,190765,228918,insects,mg/l,MOR,
2759,33208,6656,6960,50557,7399,7402,51538,1926989,insects,mg/l,MOR,
2759,33208,6656,6960,50557,7399,7402,7405,49201,insects,mg/l,MOR,
2759,33208,7711,89593,8782,8929,8930,115646,444140,birds,mg/kg,MOR,
2759,33208,6656,6960,50557,7088,51653,51654,51655,insects,mg/l,MOR,
2759,33208,6656,6960,50557,7088,7100,7106,7109,insects,kg/m2,MOR,
2759,33208,6656,6960,50557,7088,7114,7115,7116,insects,kg/m2,POP,
2759,33208,6656,6960,50557,85823,36985,36986,282472,insects,ppm,MOR,
2759,33208,6656,6960,50557,7147,7157,7164,139045,insects,mg/l,MOR,
2759,33208,6656,6960,50557,7147,7157,7174,911293,insects,mg/l,MOR,
2759,33090,35493,131221,3398,3524,3615,3616,62330,plants,kg/m2,POP,
2759,33090,35493,131221,3398,38820,4479,66017,121769,plants,kg/m2,POP,
2759,33090,35493,131221,3398,41938,3629,3633,3635,plants,kg/m2,POP,
2759,33090,35493,131221,58019,1446380,3318,3337,46836,plants,kg/m2,GRO,
2759,33090,35493,131221,3398,38820,4479,38730,38731,plants,kg/m2,POP,
2759,33090,35493,131221,3398,38820,4479,15437,28909,plants,kg/m2,POP,
2759,33090,35493,131221,3398,73496,4668,4678,4679,plants,kg/m2,GRO,
2759,33208,7711,89593,8782,8976,9005,9090,9091,birds,mg/kg,MOR,
2759,33208,7711,89593,8782,8929,8930,47244,47245,birds,mg/kg,MOR,
2759,33090,35493,131221,3398,72025,3803,3883,3885,plants,kg/m2,POP,
2759,33090,35493,131221,3398,72025,3803,3898,3899,plants,kg/m2,POP,
2759,33208,7711,89593,8292,8342,8418,317299,317301,amphibians,mg/l,MOR,
2759,33208,6656,6960,50557,7524,82738,82741,83647,insects,kg/m2,MOR,
2759,33090,35493,131221,3398,4069,4070,4107,4113,plants,kg/m2,GRO,
2759,33090,35493,131221,3398,4143,4136,21880,38869,plants,kg/m2,POP,
2759,33208,7711,89593,8292,8293,8314,8322,8323,amphibians,mg/l,MOR,
2759,33208,6656,6960,50557,7399,7489,7490,7493,insects,mg/l,MOR,
2759,4751,4890,147538,147550,1028384,681950,5455,5467,fungi,kg/m2,POP,
2759,33090,35493,131221,3398,4209,4210,13464,13465,plants,kg/m2,POP,
2759,33208,6231,,119089,6236,211168,211170,211171,worms,kg/m2,POP,
2759,33090,35493,131221,3398,3744,3745,3754,3760,plants,kg/m2,POP,
2759,33090,35493,131221,3398,72025,3803,3904,3908,plants,kg/m2,POP,
2759,33090,35493,131221,3398,72025,3803,3898,57577,plants,kg/m2,POP,
2759,33090,35493,131221,3398,38820,4479,4557,4558,plants,kg/m2,POP,
2759,33090,35493,131221,3398,3699,3700,3705,3708,plants,kg/m2,GRO,
2759,33090,35493,131221,3398,72025,3803,3913,157791,plants,kg/m2,POP,
2759,33208,6340,,42113,2803884,6392,27388,302031,worms,mg/kg soil,MOR,
2759,33090,35493,131221,3398,4069,4070,4085,4097,plants,kg/m2,GRO,
2759,33090,35493,131221,3398,4209,4210,4231,4232,plants,kg/m2,POP,
2759,33208,7711,89593,8782,8929,8930,36242,328808,birds,mg/kg,MOR,
2759,33208,7711,89593,8782,9126,9183,9186,9188,birds,mg/kg,MOR,
2759,33208,6656,6657,6681,29979,96867,96868,96870,crustaceans,mg/l,MOR,47.99999999999999
2759,4751,4890,147538,147545,5042,1131492,5052,5060,fungi,mg/l,POP,
2759,4751,4890,147538,147545,5042,28568,5094,5095,fungi,ppm,POP,
2759,4751,4890,147538,147550,5125,5129,5543,5547,fungi,mg/l,POP,
2759,4751,1913637,451507,2212703,4827,1344955,4842,4846,fungi,ppm,POP,
2759,4751,4890,147538,189478,189479,47021,13348,74498,fungi,ppm,POP,
2759,33208,6656,6960,50557,7147,30062,559697,2365065,insects,kg/m2,POP,
2759,33090,35493,131221,3398,3502,3514,3504,3505,plants,kg/m2,GRO,
2759,33090,35493,131221,3398,41944,3931,3932,99020,plants,kg/m2,GRO,
2759,4751,5204,5302,155619,68889,227329,37467,37468,fungi,mg/l,POP,
2759,33208,6656,6843,6854,83136,32262,32263,32264,insects,mg/l,MOR,
2759,33090,35493,131221,3398,41945,4345,45918,191066,plants,kg/m2,POP,
2759,33208,7711,89593,8782,9126,9170,9171,9172,birds,mg/kg,MOR,
2759,4751,1913637,214504,214506,36750,36751,1129544,4876,fungi,mg/l,POP,
2759,33208,6656,6960,50557,7399,7489,7490,185872,insects,mg/l,MOR,
2759,33208,6656,6960,50557,7088,7139,82599,82600,insects,kg/m2,MOR,
2759,33090,35493,131221,3398,3502,3514,3504,38787,plants,kg/m2,GRO,
2759,33090,35493,131221,3398,38820,4609,76500,46335,plants,kg/m2,POP,
2759,33208,6656,6960,50557,7088,7100,7106,7107,insects,kg/m2,MOR,
2759,33208,6656,6960,50557,7041,41073,41078,60768,insects,kg/m2,POP,
2759,33208,6656,6960,50557,7041,29026,135866,135921,insects,%,MOR,
2759,33090,35493,131221,3398,3699,3700,3705,3712,plants,kg/m2,GRO,
2759,33090,35493,131221,3398,71239,3650,3660,3663,plants,kg/m2,GRO,
2759,33090,35493,131221,3398,72025,3803,167616,1179158,plants,kg/m2,POP,
2759,33090,35493,131221,3398,72025,3803,3817,108216,plants,kg/m2,POP,
2759,33090,35493,131221,3398,72025,3803,35627,79070,plants,kg/m2,POP,
2759,33090,35493,131221,3398,38820,4479,37562,240471,plants,kg/m2,POP,
2759,33090,35493,131221,3398,38820,4479,37562,240448,plants,kg/m2,POP,
2759,33208,6656,6843,6854,34634,109261,62624,62625,insects,%,MOR,
2759,33208,6656,6960,50557,7399,107755,909295,909296,insects,mg/l,MOR,
2759,33208,6656,6960,50557,7399,7489,7490,53593,insects,mg/l,MOR,
2759,33090,35493,131221,3398,3502,3503,3511,857043,plants,kg/m2,POP,
2759,33208,6656,6960,50557,7524,1864455,236434,1468586,insects,kg/m2,MOR,
2759,33208,6656,6960,50557,7524,27482,40931,40932,insects,kg/m2,POP,
2759,33208,6656,6960,50557,7041,7080,41138,41139,insects,mg/l,MOR,
2759,33208,6656,6960,50557,7041,41073,170319,270614,insects,kg/m2,POP,
2759,33208,6656,6960,50557,7041,41073,170319,1553678,insects,kg/m2,POP,
2759,33208,6656,6960,50557,7041,41073,170319,293750,insects,kg/m2,POP,
2759,33208,6656,6960,50557,7088,268499,40084,61289,insects,kg/m2,POP,
2759,33208,6656,6960,50557,7088,268499,29056,29057,insects,kg/m2,POP,
2759,33208,6656,6960,50557,7041,7080,279631,279632,insects,mg/l,MOR,
2759,33090,35493,131221,3398,38820,4479,4527,4530,plants,kg/m2,POP,
2759,33208,6656,6960,50557,7088,7139,96880,106492,insects,kg/m2,MOR,
2759,33208,6656,6960,50557,7088,7139,7140,27543,insects,kg/m2,MOR,
2759,33090,35493,131221,3398,38820,4479,15297,63632,plants,kg/m2,POP,
2759,,4762,,,4800,4801,4802,4803,unmapped,ppm,GRO,
2759,33208,6340,,42113,2803884,6392,1046314,2866284,worms,mg/kg soil,MOR,
2759,33208,6656,6960,50557,7088,268499,236777,236801,insects,kg/m2,POP,
2759,33208,6656,6960,50557,7524,27479,633504,1387356,insects,mg/org,MOR,
2759,33090,35493,131221,3398,38820,4479,15297,345916,plants,kg/m2,POP,
2759,33090,35493,131221,3398,38820,4479,4544,105481,plants,kg/m2,POP,
2759,33090,35493,131221,3398,38820,4479,15492,52709,plants,kg/m2,POP,
2759,33090,35493,131221,3398,38820,4479,15452,37723,plants,kg/m2,POP,
2759,33090,35493,131221,3398,38820,4479,52713,86020,plants,kg/m2,POP,
2759,33208,6656,6960,50557,7509,7511,7514,7515,insects,mg/kg,MOR,
2759,33208,6656,6843,6854,83137,6952,6953,6954,insects,kg/m2,MOR,
2759,33208,6656,6843,6854,83137,6952,6953,6956,insects,kg/m2,MOR,
2759,33090,35493,131221,3398,38820,4479,147271,547423,plants,kg/m2,POP,
2759,33208,6656,6960,50557,7147,7157,190765,329105,insects,mg/l,MOR,
2759,4751,4890,147538,147541,92860,28556,33194,45130,fungi,kg/m2,POP,
2759,4751,4890,147538,147541,92860,28556,33194,5017,fungi,kg/m2,POP,
2759,4751,4890,147538,147541,92860,28556,33194,40125,fungi,kg/m2,POP,
2759,4751,4890,147538,147541,92860,28556,33194,5016,fungi,kg/m2,POP,
2759,,4762,,,4776,4777,4783,4785,unmapped,mg/l,POP,
2759,33208,6656,6843,6854,6935,6936,6937,6938,insects,%,MOR,
2759,33208,7711,89593,,1294634,1294636,8495,8496,reptiles,mg/kg,MOR,
2759,33208,6656,6960,50557,7399,108385,32399,32400,insects,mg/l,MOR,
2759,4751,4890,147538,147550,5125,34397,124426,1159556,fungi,ppm,POP,
2759,33208,6656,6960,50557,7147,7366,221904,221905,insects,mg/org,MOR,
2759,,4762,,,4776,4777,4783,29920,unmapped,mg/l,POP,
2759,,4762,,,4776,4777,4783,4793,unmapped,mg/l,POP,
2759,33208,6231,,119089,6236,6243,53475,96644,worms,mg/l,MOR,
2759,33208,6231,,119089,6236,114848,55784,591433,worms,mg/l,MOR,
2759,33208,6656,6960,50557,7041,27439,200916,200917,insects,kg/m2,POP,
2759,4751,4890,147538,147548,5120,34371,62701,92473,fungi,mg/l,POP,
2759,4751,4890,147538,147548,5120,34371,184027,62708,fungi,mg/l,POP,
2759,33208,6656,6960,30001,730330,36141,301520,301521,insects,mg/kg soil,MOR,
2759,33208,6656,6960,50557,7041,7080,77530,447619,insects,mg/l,MOR,
2759,33208,6656,6960,30001,730331,48715,136168,136169,insects,kg/m2,POP,
2759,33208,6447,,6448,6527,6533,6534,1616906,mollusks,mg/l,MOR,
2759,33090,35493,131221,3398,3699,3700,3705,3707,plants,kg/m2,GRO,
2759,33208,6231,,119089,6236,114848,6232,6233,worms,mg/l,MOR,
2759,33208,6231,,119089,6236,54124,54125,54126,worms,mg/l,MOR,
2759,33208,6231,,119089,6236,6301,34509,51029,worms,kg/m2,POP,
2759,33208,6656,6960,50557,7041,7065,7069,7070,insects,mg/l,MOR,
2759,33208,6656,6960,50557,7088,7100,7106,69820,insects,kg/m2,MOR,
2759,33208,6656,6960,50557,7147,36164,36165,36166,insects,mg/kg diet,MOR,
2759,33090,35493,131221,3214,3215,3216,29582,435364,plants,ppm,GRO,
2759,33090,35493,131221,3398,3524,3581,3582,46147,plants,kg/m2,POP,
2759,33090,35493,131221,3398,4209,4210,119181,119182,plants,kg/m2,POP,
2759,33090,35493,131221,3398,4143,156152,26867,101996,plants,kg/m2,POP,
2759,33208,6447,,6448,6527,147582,145609,145610,mollusks,kg/m2,MOR,
2759,4751,4890,147538,147548,5120,34371,62701,62728,fungi,mg/l,POP,
2759,33090,35493,131221,3398,38820,4609,4610,1249733,plants,kg/m2,POP,
2759,4751,5204,5302,155619,721947,721957,3072477,39291,fungi,kg/m2,POP,
2759,4751,4890,147538,147550,5125,110618,5506,169388,fungi,mg/l,POP,
2759,4751,5204,5302,155619,36064,5250,5238,107832,fungi,kg/m2,POP,
2759,4751,4890,147538,147541,2726947,93133,1047167,1047171,fungi,kg/m2,POP,
2759,4751,5204,452284,5257,5267,5268,5269,120650,fungi,mg/l,POP,
2759,4751,4890,147538,147541,92860,28556,5027,53485,fungi,kg/m2,POP,
2759,,4762,,,4776,4777,4780,143451,unmapped,mg/l,POP,
2759,4751,4890,147538,147550,5125,110618,5506,5518,fungi,mg/l,POP,
2759,4751,4890,147538,147548,5178,28983,33196,40559,fungi,mg/l,POP,
2759,4751,5204,5302,155619,36064,5250,5251,76351,fungi,kg/m2,POP,
2759,4751,4890,147538,147550,37989,87837,87748,101483,fungi,kg/m2,POP,
2759,33208,6231,,119089,6236,315429,189290,6306,worms,kg/m2,POP,
2759,33208,7711,89593,40674,9397,9431,27671,59474,other mammals,mg/kg,MOR,
2759,33208,6656,6960,50557,7524,30092,121835,191317,insects,mg/l,POP,
2759,33208,6656,6960,50557,7088,7128,7129,7130,insects,kg/m2,POP,
2759,33208,6656,6960,50557,7524,27482,13163,13164,insects,kg/m2,POP,
2759,33090,35493,131221,3398,3524,3615,46786,137693,plants,kg/m2,POP,
2759,33090,35493,131221,3398,38820,4479,4544,4545,plants,kg/m2,POP,
2759,33090,35493,131221,58019,1446380,3318,3328,3330,plants,kg/m2,GRO,
2759,33090,35493,131221,58019,1446380,3318,3337,55062,plants,kg/m2,GRO,
2759,33090,35493,131221,3398,72025,3803,3817,3818,plants,kg/m2,POP,
2759,33208,6656,6843,6854,6935,6939,34630,34632,insects,%,MOR,
2759,33090,35493,131221,58019,1446380,3318,3337,54921,plants,kg/m2,GRO,
2759,33090,35493,131221,58019,1446380,3318,3337,3347,plants,kg/m2,GRO,
2759,33208,6656,6960,50557,85819,121221,121222,121225,insects,%,MOR,
2759,33208,6656,6960,50557,7524,27479,13248,13249,insects,mg/org,MOR,
2759,33208,6656,6960,50557,7524,27479,30075,30076,insects,mg/org,MOR,
2759,33208,6656,6960,50557,7041,7065,7069,7071,insects,mg/l,MOR,
2759,33208,6656,6960,50557,7041,41094,41095,1475208,insects,mg/l,MOR,
2759,33208,6656,6960,50557,7041,441274,295659,295660,insects,mg/l,MOR,
2759,33208,6231,,119089,6236,315429,189290,6303,worms,kg/m2,POP,
2759,,4762,,,4776,4777,4783,54510,unmapped,mg/l,POP,
2759,4751,4890,147538,147541,1111111,5023,5024,5025,fungi,kg/m2,POP,
2759,4751,4890,147538,147541,2726947,93133,131324,1873960,fungi,kg/m2,POP,
2759,33208,6656,6960,50557,7399,7408,260304,260305,insects,mg/l,MOR,
2759,33208,6656,6960,50557,7147,7157,7164,30069,insects,mg/l,MOR,
2759,33208,6656,6960,50557,85823,36985,36988,36989,insects,ppm,MOR,
2759,4751,4890,147538,147541,92860,28556,5027,5028,fungi,kg/m2,POP,
2759,33208,7711,89593,40674,9989,337677,10040,10042,rodents,mg/kg,MOR,
2759,33208,6656,6843,6854,34634,34636,84381,193551,insects,mg/l,MOR,
2759,33208,6656,6960,50557,7524,27482,13261,13262,insects,kg/m2,POP,
2759,4751,4890,147538,147541,92860,28556,33194,101162,fungi,kg/m2,POP,
2759,33208,6656,6960,50557,7147,7214,7215,7227,insects,mg/l,MOR,
2759,33208,7711,89593,40674,9989,51340,51341,51342,rodents,mg/kg,MOR,
2759,4751,1913637,451507,2212703,4827,1344966,4836,4837,fungi,mg/l,POP,
2759,4751,4890,147538,147541,92860,683158,5453,749586,fungi,kg/m2,POP,
2759,33208,6656,6843,6854,83136,70320,1227672,2921014,insects,%,POP,
2759,33090,35493,131221,3398,38820,4479,4501,4502,plants,kg/m2,POP,
2759,33208,7711,89593,40674,9989,10066,10114,10117,rodents,mg/kg,MOR,
2759,33208,6656,6843,6854,83137,41442,41443,59818,insects,kg/m2,MOR,
2759,33208,6656,6960,50557,85823,36985,36986,36987,insects,ppm,MOR,
2759,33208,6656,6960,50557,7041,7080,115356,115357,insects,mg/l,MOR,
2759,33208,6656,6960,50557,7088,7139,81691,81692,insects,kg/m2,MOR,
2759,33208,7711,89593,,8459,8473,8474,8475,reptiles,mg/kg,MOR,
2759,33208,6656,6960,50557,7088,7100,7106,37547,insects,kg/m2,MOR,
2759,33208,6656,6960,50557,7088,268499,688639,1140842,insects,kg/m2,POP,
2759,33208,6656,6960,50557,7088,7114,7115,64459,insects,kg/m2,POP,
2759,33208,6656,6960,50557,7088,7100,7106,7108,insects,kg/m2,MOR,
2759,33208,6656,6960,50557,7088,7100,7110,7111,insects,kg/m2,MOR,
2759,33208,6656,6960,50557,7088,7139,85584,480707,insects,kg/m2,MOR,
2759,33208,6656,6960,50557,7088,7100,47766,56364,insects,kg/m2,MOR,
2759,33208,6656,6960,50557,7088,7100,214124,989008,insects,kg/m2,MOR,
2759,33208,6656,6960,50557,7088,7100,254717,689277,insects,kg/m2,MOR,
2759,33208,6656,6960,50557,7147,127399,127403,198433,insects,kg/m2,POP,
2759,4751,4890,147538,147550,5125,474943,5581,176275,fungi,mg/l,POP,
2759,33208,6656,6960,50557,7088,7100,7112,7113,insects,kg/m2,MOR,
2759,33208,6656,6960,50557,7088,7100,7101,7102,insects,kg/m2,MOR,
2759,33208,6656,6960,50557,7088,268499,168630,168631,insects,kg/m2,POP,
2759,33208,6656,6960,50557,7088,7139,408662,410822,insects,kg/m2,MOR,
2759,33208,6656,6960,50557,7088,268499,437487,437488,insects,kg/m2,POP,
2759,33208,6656,6960,50557,7088,7100,79498,689088,insects,kg/m2,MOR,
2759,33208,6656,6960,50557,7088,7139,581690,1887501,insects,kg/m2,MOR,
2759,33208,6656,6960,50557,7088,7139,293340,192188,insects,kg/m2,MOR,
2759,33208,6656,6960,50557,7088,7100,7112,29058,insects,kg/m2,MOR,
2759,33208,6656,6960,50557,7088,268499,311902,497515,insects,kg/m2,POP,
2759,33208,6656,6960,50557,6993,7002,7008,7010,insects,mg/org,MOR,
2759,33208,6656,6960,50557,7399,7489,7490,86971,insects,mg/l,MOR,
2759,33208,6656,6960,50557,7041,7042,7043,7044,insects,kg/m2,MOR,
2759,33090,35493,131221,3398,38820,4479,4501,15371,plants,kg/m2,POP,
2759,33090,35493,131221,3398,4069,4070,4071,4072,plants,kg/m2,GRO,
2759,33208,6656,6843,6854,83136,133229,1204165,1204166,insects,kg/m2,POP,
2759,33208,6656,6960,50557,7524,160513,244442,244443,insects,kg/m2,POP,
2759,33208,6656,6960,50557,30262,45053,45059,407009,insects,kg/m2,POP,
2759,33208,6656,6960,50557,7088,32434,1511202,1511203,insects,kg/m2,MOR,
2759,33208,6656,6960,50557,7041,27439,7538,7539,insects,kg/m2,POP,
2759,33090,35493,131221,3398,41938,3629,3630,3631,plants,kg/m2,POP,
2759,33090,35493,131221,3398,72025,3803,53922,346985,plants,kg/m2,POP,
2759,33090,35493,131221,3398,3699,3700,19151,180536,plants,kg/m2,GRO,
2759,33208,6656,6960,50557,7088,7135,58823,58824,insects,kg/m2,MOR,
2759,33208,6656,6960,50557,7041,196982,41111,41112,insects,mg/l,MOR,
2759,4751,4890,147538,147545,5042,1131492,5073,27334,fungi,mg/l,POP,
2759,33208,6656,6960,50557,6993,7002,7008,7009,insects,mg/org,MOR,
2759,33090,35493,131221,3398,3646,629714,55962,65561,plants,mg/l,GRO,
2759,33090,35493,131221,3398,72025,3803,20400,20401,plants,kg/m2,POP,
2759,33208,7711,89593,40674,91561,9895,9922,9925,other mammals,mg/kg,MOR,
2759,33208,7711,89593,8292,8342,8382,651667,8386,amphibians,mg/l,MOR,
2759,33208,6157,,6178,6180,31245,6181,6183,worms,ppm,MOR,
2759,33090,35493,131221,3398,72025,3803,3887,3888,plants,kg/m2,POP,
2759,33208,6656,6960,50557,7041,7042,7045,7046,insects,kg/m2,MOR,
2759,33208,7711,89593,40674,9362,9376,9386,9387,other mammals,mg/kg,MOR,
2759,33208,7711,89593,40674,9989,337677,13014,473866,rodents,mg/kg,MOR,
2759,33208,7711,89593,40674,9989,337677,10040,10041,rodents,mg/kg,MOR,
2759,33090,35493,131221,3398,72025,3803,3869,3873,plants,kg/m2,POP,
2759,33208,7711,89593,8782,9126,2969676,135443,135444,birds,mg/kg,MOR,
2759,33208,7711,89593,8782,9126,28731,28732,28733,birds,mg/kg,MOR,
2759,33208,7711,89593,8782,9126,2969676,36732,62086,birds,mg/kg,MOR,
2759,33208,7711,89593,8782,9126,55417,111980,111981,birds,mg/kg,MOR,
2759,33208,7711,89593,8782,9126,1729112,44395,44397,birds,mg/kg,MOR,
2759,33208,7711,89593,8782,9126,1729112,40206,40212,birds,mg/kg,MOR,
2759,33208,7711,89593,8782,9126,400782,135432,135433,birds,mg/kg,MOR,
2759,33208,7711,89593,40674,9989,337677,10053,10058,rodents,mg/kg,MOR,
2759,33208,7711,89593,40674,9989,337677,10053,100896,rodents,mg/kg,MOR,
2759,33208,7711,89593,40674,9989,337677,10053,79684,rodents,mg/kg,MOR,
2759,33208,7711,89593,40674,9989,337677,44233,129430,rodents,mg/kg,MOR,
2759,33208,7711,89593,40674,9989,337677,42414,42415,rodents,mg/kg,MOR,
2759,33208,7711,89593,40674,9989,337677,44233,56213,rodents,mg/kg,MOR,
2759,33090,35493,131221,3398,73496,40552,4685,4686,plants,kg/m2,GRO,
2759,33208,6656,6960,50557,7147,127399,341050,1503489,insects,kg/m2,POP,
2759,4751,4890,147538,147550,5125,34397,5529,5530,fungi,ppm,POP,
2759,4751,4890,147538,147550,5125,474943,45234,89141,fungi,mg/l,POP,
2759,33208,6656,6960,50557,7524,27482,223994,223995,insects,kg/m2,POP,
2759,33208,6231,,119089,6236,33823,90723,90724,worms,mg/l,MOR,
2759,33208,6656,6960,50557,7524,7036,7037,77855,insects,ppm,POP,
2759,33208,6656,6960,50557,7524,7036,7037,7038,insects,ppm,POP,
2759,33090,35493,131221,3398,3744,3745,23216,32247,plants,kg/m2,POP,
2759,33208,6231,,119089,6236,45926,45927,45929,worms,kg/m2,POP,
2759,4751,5204,29000,162484,5258,5262,5263,240212,fungi,kg/m2,POP,
2759,33208,6656,6960,50557,7524,30080,340515,340618,insects,kg/m2,POP,
2759,4751,5204,5302,155619,5338,5339,5340,5341,fungi,kg/m2,POP,
2759,33208,7711,89593,8782,8826,8830,8852,8853,birds,mg/kg,MOR,
2759,33090,35493,131221,3398,41938,3629,93758,210143,plants,kg/m2,POP,
2759,33208,6656,6960,50557,7524,27482,80764,80765,insects,kg/m2,POP,
2759,33208,6656,6960,50557,7147,7211,47833,28588,insects,ppm,MOR,
2759,4751,4890,147538,147550,639021,2528436,48558,148305,fungi,mg/l,POP,
2759,33090,35493,131221,3398,4036,4037,52461,52462,plants,mg/l,GRO,
2759,33208,6231,,119089,6236,315429,189290,6304,worms,kg/m2,POP,
2759,33208,6231,,119089,6236,211172,313692,313693,worms,kg/m2,POP,
2759,33090,35493,131221,3398,73496,4668,4678,4682,plants,kg/m2,GRO,
2759,33208,6231,,119089,6236,6301,34509,57558,worms,kg/m2,POP,
2759,33208,6656,6960,50557,7088,7100,55056,55057,insects,kg/m2,MOR,
2759,33208,7711,89593,8782,9126,1729112,40213,40217,birds,mg/kg,MOR,
2759,33208,7711,89593,40674,9397,9431,9434,59463,other mammals,mg/kg,MOR,
2759,33208,7711,89593,8292,8293,8332,8335,141976,amphibians,mg/l,MOR,
2759,33208,7711,89593,8292,8293,8332,8335,43042,amphibians,mg/l,MOR,
2759,33208,7711,89593,8782,9126,1729112,44387,44394,birds,mg/kg,MOR,
2759,33208,7711,89593,8782,8976,9005,9077,9079,birds,mg/kg,MOR,
2759,33208,6656,6843,6854,6855,6888,2830774,141248,insects,mg/kg bw,GRO,
2759,33208,6656,6960,50557,7147,7366,7367,7368,insects,mg/org,MOR,
2759,33208,6656,6960,50557,7399,7408,7415,219166,insects,mg/l,MOR,
2759,33208,6656,6843,6854,6893,2736621,210001,336587,insects,%,POP,
2759,33090,35493,131221,3398,41945,4345,4346,75581,plants,kg/m2,POP,
2759,4751,4890,147538,147548,5178,2793945,446948,446949,fungi,mg/l,POP,
2759,33090,35493,131221,3398,72025,3803,3826,3827,plants,kg/m2,POP,
2759,33090,35493,131221,3398,41944,3931,164925,164942,plants,kg/m2,GRO,
2759,33208,7711,89593,40674,9989,30648,98660,160400,rodents,mg/kg,MOR,
2759,4751,1913637,214504,214506,36750,36751,1129544,47032,fungi,mg/l,POP,
2759,33208,6447,,6448,6527,133184,225459,1955751,mollusks,mg/org,MOR,
2759,33208,7711,89593,8782,8976,9005,9077,40178,birds,mg/kg,MOR,
2759,33208,6447,,6448,6527,6533,145621,145622,mollusks,mg/l,MOR,
2759,33090,35493,131221,3398,4069,4070,4107,4111,plants,kg/m2,GRO,
2759,33090,35493,131221,3398,38820,4479,4508,4509,plants,kg/m2,POP,
2759,33208,6231,,119089,6236,211158,211163,239373,worms,kg/m2,POP,
2759,33208,6447,,6448,6527,147582,145609,381125,mollusks,kg/m2,MOR,
2759,33208,6231,,119089,6236,6301,34509,34510,worms,kg/m2,POP,
2759,4751,4890,147538,147550,5125,110618,57138,40624,fungi,mg/l,POP,
2759,33090,35493,131221,3398,3744,3745,3746,101015,plants,kg/m2,POP,
2759,4751,5204,29000,162484,5258,5262,5296,5297,fungi,kg/m2,POP,
2759,33090,35493,131221,3398,72025,3803,3863,3864,plants,kg/m2,POP,
2759,,4762,,,370421,65355,65356,65357,unmapped,kg/m2,POP,
2759,33208,6231,,119089,6236,33253,34507,34508,worms,kg/m2,MOR,
2759,33208,7711,89593,8292,8342,685122,110071,103373,amphibians,mg/l,MOR,
2759,4751,4890,147538,147550,1028384,681950,5455,474922,fungi,kg/m2,POP,
2759,33090,35493,131221,3398,72025,3803,3913,3917,plants,kg/m2,POP,
2759,33090,35493,131221,3398,72025,3803,3898,97006,plants,kg/m2,POP,
2759,33090,35493,131221,3398,41937,23513,2706,2711,plants,kg/m2,GRO,
2759,,4762,,,4776,4777,4783,4792,unmapped,mg/l,POP,
2759,33090,35493,131221,3398,4143,4136,21819,190902,plants,kg/m2,POP,
2759,33090,35493,131221,3398,4143,4136,21819,29719,plants,kg/m2,POP,
2759,33208,6231,,119089,6236,45926,45927,45935,worms,kg/m2,POP,
2759,33208,7711,89593,40674,9989,337677,10053,111839,rodents,mg/kg,MOR,
2759,33090,35493,131221,3398,72025,3803,3913,3915,plants,kg/m2,POP,
2759,33090,35493,131221,3398,41937,23672,4022,4024,plants,kg/m2,GRO,
2759,33090,35493,131221,3398,38820,4479,4520,4606,plants,kg/m2,POP,
2759,33208,6656,6960,50557,7399,77572,178049,2448451,insects,mg/org,MOR,
2759,33208,6656,6960,50557,7399,124286,132116,143995,insects,mg/org,MOR,
2759,33208,6656,6960,50557,7399,7458,7459,7461,insects,mg/org,MOR,
2759,33208,6656,6960,50557,7524,83869,1824516,1824517,insects,kg/m2,POP,
2759,33090,35493,131221,3398,41937,23513,2706,43166,plants,kg/m2,GRO,
2759,4751,4890,147538,147550,639021,2528436,1578919,1578921,fungi,mg/l,POP,
2759,33208,6656,6960,50557,7041,27439,41131,294584,insects,kg/m2,POP,
2759,33208,6656,6960,50557,7041,27439,224132,444603,insects,kg/m2,POP,
2759,4751,4890,147538,147541,92860,5020,798159,798162,fungi,kg/m2,POP,
2759,33208,6656,6960,50557,7041,27439,226608,1191539,insects,kg/m2,POP,
2759,33208,6656,6960,50557,7041,7055,465218,1546013,insects,kg/m2,POP,
2759,33208,6656,6960,50557,7041,7055,1248212,1804801,insects,kg/m2,POP,
2759,33208,6656,6960,50557,7524,27482,69195,69196,insects,kg/m2,POP,
2759,33208,6656,6960,50557,7041,27439,224132,224133,insects,kg/m2,POP,
2759,33208,6656,6960,50557,30262,45053,153973,153975,insects,kg/m2,POP,
2759,33208,6656,6960,50557,7041,7042,36756,36757,insects,kg/m2,MOR,
2759,33208,6656,6960,50557,7524,27482,80764,307492,insects,kg/m2,POP,
2759,33208,6656,6960,50557,7524,236391,1244199,1244200,insects,%,POP,
2759,33208,7711,89593,8782,9126,9170,99872,99873,birds,mg/kg,MOR,
2759,33208,7711,89593,8782,9126,1729112,40206,40209,birds,mg/kg,MOR,
2759,33208,6656,6960,50557,7399,7458,7459,7463,insects,mg/org,MOR,
2759,33090,35493,131221,3398,38820,4613,4614,4615,plants,kg/m2,POP,
2759,33090,35493,131221,3398,3524,1804623,3554,161934,plants,kg/m2,POP,
2759,33208,6656,6960,50557,7147,127399,341050,341051,insects,kg/m2,POP,
2759,33208,6231,,119089,6236,315429,189290,6305,worms,kg/m2,POP,
2759,33090,35493,131221,3398,41946,24943,13625,35924,plants,mg/l,POP,
2759,,4762,,,121069,4782,1448052,2052682,unmapped,mg/l,POP,
2759,4751,4890,147538,147548,5178,28983,5179,5180,fungi,mg/l,POP,
2759,33090,35493,131221,3398,4209,4210,102782,886939,plants,kg/m2,POP,
2759,33208,6656,6960,50557,7399,107755,108665,1107376,insects,mg/l,MOR,
2759,33090,35493,131221,58019,1446380,3318,3356,3357,plants,kg/m2,GRO,
2759,33208,6656,6960,50557,7041,7055,207344,1709596,insects,kg/m2,POP,
2759,33208,6656,6960,50557,7041,7055,166307,207157,insects,kg/m2,POP,
2759,33090,35493,131221,3398,41944,3931,3932,71139,plants,kg/m2,GRO,
2759,33090,35493,131221,3398,72025,3803,35937,35938,plants,kg/m2,POP,
2759,33208,6656,6960,50557,7524,33362,108930,108931,insects,kg/m2,POP,
2759,33090,35493,131221,3398,3699,3647,3648,3649,plants,%,GRO,
2759,33090,35493,131221,3398,3744,3745,3749,283210,plants,kg/m2,POP,
2759,33208,6656,6960,50557,7399,7402,55901,1536372,insects,mg/l,MOR,
2759,33208,7711,89593,8782,8826,8830,8831,8833,birds,mg/kg,MOR,
2759,33208,7711,89593,8782,8826,8830,2823197,75842,birds,mg/kg,MOR,
2759,33208,7711,89593,8782,9126,50247,50248,50250,birds,mg/kg,MOR,
2759,,5878,431838,5977,88566,5978,5979,5980,protozoans,mg/l,POP,
2759,33208,7711,89593,40674,9989,10158,10159,10160,rodents,mg/kg,MOR,
2759,33090,35493,131221,58019,1446380,3318,3358,3359,plants,kg/m2,GRO,
2759,33090,35493,131221,58019,1446380,3318,3337,3349,plants,kg/m2,GRO,
2759,33208,6656,6960,50557,7088,7089,7090,7091,insects,mg/l,MOR,
2759,33208,6340,,42113,2803884,6392,161231,334871,worms,mg/kg soil,MOR,
2759,33208,6656,6960,30001,730330,33336,1499078,1588068,insects,ppm,MOR,
2759,4751,4890,147538,147541,92860,28556,5598,48098,fungi,kg/m2,POP,
2759,4751,4890,147538,147548,5178,28983,5179,28548,fungi,mg/l,POP,
2759,33208,6656,6960,50557,7524,82738,82741,82742,insects,kg/m2,MOR,
2759,33090,35493,131221,58019,1446380,3318,3328,3332,plants,kg/m2,GRO,
2759,33090,35493,131221,3398,72025,3803,3867,47247,plants,kg/m2,POP,
2759,33090,35493,131221,3398,38820,4479,4520,89674,plants,kg/m2,POP,
2759,33208,7711,89593,40674,9989,337677,10053,88450,rodents,mg/kg,MOR,
2759,33090,35493,131221,3398,72025,3803,3869,3870,plants,kg/m2,POP,
2759,33208,6656,6960,50557,7147,7366,305609,559643,insects,mg/org,MOR,
2759,33208,6656,6960,50557,7147,30062,30063,265456,insects,kg/m2,POP,
2759,33208,6656,6960,50557,7147,30062,30063,81723,insects,kg/m2,POP,
2759,4751,1913638,1264859,1399770,4857,34481,34484,34485,fungi,%,MOR,
2759,33208,6656,6960,50557,7147,34683,666058,666059,insects,%,MOR,
2759,33208,6656,6960,50557,7088,32434,13190,13191,insects,kg/m2,MOR,
2759,33208,6656,6843,6854,34634,34636,84381,84385,insects,mg/l,MOR,
2759,33208,6231,,119088,46000,46001,70230,70231,worms,kg/m2,POP,
2759,33090,35493,131221,3398,38820,4479,4583,4584,plants,kg/m2,POP,
2759,4751,4890,147538,147550,5125,474942,42367,111463,fungi,mg/l,POP,
2759,33208,6656,6657,6681,29979,96867,64694,96809,crustaceans,mg/l,MOR,47.99999999999999
2759,33208,6656,6960,50557,7147,33406,39757,39758,insects,kg/m2,POP,
2759,33090,35493,131221,58019,1446380,3318,3337,3348,plants,kg/m2,GRO,
2759,33208,6656,6960,50557,30262,45053,163898,163899,insects,kg/m2,POP,
2759,33090,35493,131221,3398,38820,4479,4546,4547,plants,kg/m2,POP,
2759,,4762,,,120408,120409,120410,120411,unmapped,kg/m2,POP,
2759,33208,6231,,119089,6236,45926,45927,137663,worms,kg/m2,POP,
2759,33208,6656,6960,50557,7399,124286,124287,473952,insects,mg/org,MOR,
2759,33090,35493,131221,3398,3524,3568,39847,39848,plants,kg/m2,POP,
2759,33090,35493,131221,3398,38820,4479,4496,4499,plants,kg/m2,POP,
2759,33090,35493,131221,3398,38820,4479,4544,93036,plants,kg/m2,POP,
2759,33090,35493,131221,3398,3744,3499,3500,473050,plants,kg/m2,POP,
2759,33208,6656,6960,50557,7524,27482,40931,43146,insects,kg/m2,POP,
2759,33090,35493,131221,3398,4143,156152,26867,39414,plants,kg/m2,POP,
2759,33090,35493,131221,3398,3699,3700,3725,109996,plants,kg/m2,GRO,
2759,33208,6656,6960,50557,7524,7036,593792,594258,insects,ppm,POP,
2759,33208,6656,6960,50557,7399,7423,27518,1720707,insects,kg/m2,MOR,
2759,33208,6656,6960,50557,7399,52632,270857,487207,insects,kg/m2,MOR,
2759,33208,6656,6960,50557,7147,127399,239094,239095,insects,kg/m2,POP,
2759,33208,6656,6960,50557,7147,7371,34675,34676,insects,mg/kg diet,MOR,
2759,4751,4890,147538,147548,5178,2793945,446948,946125,fungi,mg/l,POP,
2759,4751,4890,147538,147548,5178,110844,2211661,1436886,fungi,kg/m2,POP,
2759,4751,5204,5302,155619,5338,330899,29882,36061,fungi,ppm,POP,
2759,4751,5204,5302,155619,56487,56488,56489,56493,fungi,ppm,POP,
2759,33090,35493,131221,58019,1446380,3318,3337,71645,plants,kg/m2,GRO,
2759,33208,6656,6960,50557,7088,695564,129553,129554,insects,kg/m2,POP,
2759,33208,6656,6960,50557,30262,45053,45057,161014,insects,kg/m2,POP,
2759,33208,7711,89593,40674,33554,9608,9625,9627,other mammals,mg/kg,MOR,
2759,33208,6656,6960,50557,7399,107755,108653,1192031,insects,mg/l,MOR,
2759,33208,6656,6960,50557,7399,107755,108640,108727,insects,mg/l,MOR,
2759,33208,6656,6843,6854,34634,34636,1933192,34638,insects,mg/l,MOR,
2759,4751,4890,147538,147541,92860,28556,5598,5599,fungi,kg/m2,POP,
2759,33090,35493,131221,3398,4143,4136,21819,292239,plants,kg/m2,POP,
2759,33090,35493,131221,3398,4143,4180,4181,4182,plants,kg/m2,GRO,
2759,4751,4890,147538,147541,2726947,93133,29002,1490871,fungi,kg/m2,POP,
2759,33208,6656,6960,50557,7524,38124,290154,290155,insects,mg/l,MOR,
2759,33208,6656,6960,50557,7041,92690,92691,92692,insects,mg/l,MOR,
2759,33090,35493,131221,58019,1446380,3318,3337,42064,plants,kg/m2,GRO,
2759,33208,6656,6843,6854,83136,768124,3103793,3103794,insects,ppm,POP,
2759,33208,6656,6843,6854,34634,34636,99210,714357,insects,mg/l,MOR,
2759,33208,6656,6960,50557,7041,27439,80248,80249,insects,kg/m2,POP,
2759,33090,35493,131221,3398,41945,4345,13749,69266,plants,kg/m2,POP,
2759,33208,6231,,119089,6236,2301471,37861,37862,worms,kg/m2,MOR,
2759,4751,4890,147538,147541,92860,683158,1769834,565427,fungi,kg/m2,POP,
2759,33208,6656,6843,6854,83136,70320,644140,2813516,insects,%,POP,
2759,33208,6656,6843,6854,83136,32262,50022,50024,insects,mg/l,MOR,
2759,4751,4890,147538,147548,5120,34371,5121,62716,fungi,mg/l,POP,
2759,33208,6656,6843,6854,83136,70320,1452690,1452691,insects,%,POP,
2759,33090,35493,131221,3398,38820,4479,4562,4563,plants,kg/m2,POP,
2759,4751,4890,147538,147550,5125,2502719,284134,284135,fungi,%,POP,
2759,33090,35493,131221,3398,3502,3503,21024,28930,plants,kg/m2,POP,
2759,4751,4890,147538,147541,92860,5020,1351751,1351752,fungi,kg/m2,POP,
2759,,4762,,,4776,4777,70742,70743,unmapped,mg/l,POP,
2759,,4762,,,4776,4777,70742,184466,unmapped,mg/l,POP,
2759,33090,35493,131221,3398,41768,3465,3468,3469,plants,kg/m2,GRO,
2759,4751,1913637,214504,214506,36750,36751,1117308,27381,fungi,mg/l,POP,
2759,,4762,,,4776,4777,4783,4786,unmapped,mg/l,POP,
2759,33090,35493,131221,58019,1446380,3318,3319,97173,plants,kg/m2,GRO,
2759,33090,35493,131221,3398,72025,3803,3904,3906,plants,kg/m2,POP,
2759,4751,4890,147538,147541,92860,28556,5598,75319,fungi,kg/m2,POP,
2759,33090,35493,131221,3398,4209,4210,4221,4222,plants,kg/m2,POP,
2759,33208,6656,6960,50557,7524,30083,30084,187489,insects,kg/m2,POP,
2759,33090,35493,131221,3398,3744,3745,3754,3755,plants,kg/m2,POP,
2759,4751,4890,147538,147541,,,2016219,763997,fungi,,POP,
2759,33090,35493,131221,3398,72025,3803,35715,207710,plants,kg/m2,POP,
2759,33208,6656,6960,50557,7524,30083,236345,236346,insects,kg/m2,POP,
2759,33208,6656,6960,50557,7524,30083,236934,236935,insects,kg/m2,POP,
2759,,4762,,,4776,4777,70742,86335,unmapped,mg/l,POP,
2759,,4762,,,4776,4777,4783,129359,unmapped,mg/l,POP,
2759,33090,35493,131221,58019,1446380,3318,3337,88726,plants,kg/m2,GRO,
2759,33090,35493,131221,3398,72025,3803,3898,3900,plants,kg/m2,POP,
2759,4751,4890,147538,147541,2726947,93133,29002,237192,fungi,kg/m2,POP,
2759,33090,35493,131221,3398,41938,3629,3633,29729,plants,kg/m2,POP,
2759,4751,4890,147538,147541,92860,28556,5598,119921,fungi,kg/m2,POP,
2759,33090,35493,131221,3398,4055,4056,4057,4058,plants,kg/m2,POP,
2759,33090,35493,131221,3398,38820,4479,4583,4543,plants,kg/m2,POP,
2759,4751,5204,452284,5257,5267,5268,63261,2031147,fungi,mg/l,POP,
2759,33090,35493,131221,3398,41937,4011,171928,171929,plants,kg/m2,POP,
2759,4751,2202805,2202806,2202807,2202808,70187,70188,70189,fungi,mg/l,POP,
2759,4751,4890,147538,147550,5125,110618,5506,5128,fungi,mg/l,POP,
2759,33208,6656,6843,6854,83136,32262,32263,133227,insects,mg/l,MOR,
2759,33208,6656,6960,50557,7041,441274,295655,295656,insects,mg/l,MOR,
2759,33090,35493,131221,3398,3646,3977,3987,3988,plants,kg/m2,POP,
2759,33208,6656,6960,50557,7088,268499,1004730,1133088,insects,kg/m2,POP,
2759,33208,6656,6960,50557,7524,160513,631408,1328209,insects,kg/m2,POP,
2759,33208,6656,6960,50557,7524,30102,30125,30127,insects,kg/m2,POP,
2759,33208,7711,89593,8782,8976,224313,9008,67771,birds,mg/kg,MOR,
2759,33208,6656,6960,50557,7524,41702,236727,236728,insects,mg/l,POP,
2759,33208,6656,6960,50557,7524,27482,223994,511022,insects,kg/m2,POP,
2759,33208,6656,6960,50557,7041,7042,1482149,1482150,insects,kg/m2,MOR,
2759,33208,6656,6960,50557,7088,268499,581761,1973512,insects,kg/m2,POP,
2759,33208,6656,6960,50557,7088,268499,72365,72366,insects,kg/m2,POP,
2759,4751,4890,147538,147550,5125,110618,5506,5516,fungi,mg/l,POP,
2759,4751,1913637,451507,2212703,4827,34489,4830,105697,fungi,mg/l,POP,
2759,33208,6656,6960,50557,7524,27482,143947,143948,insects,kg/m2,POP,
2759,33208,6656,6960,50557,7088,7100,134396,492764,insects,kg/m2,MOR,
2759,4751,5204,5302,155619,5338,80649,34453,34454,fungi,ppm,POP,
2759,4751,5204,5302,155619,68889,227336,5379,48589,fungi,kg/m2,POP,
2759,4751,5204,5302,155619,56487,56488,56489,56490,fungi,ppm,POP,
2759,33090,35493,131221,58019,1446380,3318,3337,3339,plants,kg/m2,GRO,
2759,4751,5204,5302,155619,68889,5394,5395,71150,fungi,mg/l,POP,
2759,33208,7711,89593,8782,8976,9005,9077,9078,birds,mg/kg,MOR,
2759,33208,6656,6843,6854,34634,704112,1609223,1720747,insects,kg/m2,POP,
2759,33208,6656,6960,30001,730330,36141,187681,187682,insects,mg/kg soil,MOR,
2759,33208,6656,6843,6854,83137,198300,198301,229869,insects,kg/m2,POP,
2759,33208,6656,6843,6854,83137,41442,41443,223634,insects,kg/m2,MOR,
2759,33208,6656,6960,30001,730331,30002,187617,928250,insects,kg/m2,MOR,
2759,33090,35493,131221,3398,4055,24966,43460,43461,plants,kg/m2,POP,
2759,33090,35493,131221,3398,38820,4479,4539,4540,plants,kg/m2,POP,
2759,33090,35493,131221,3398,41946,91829,4398,4400,plants,kg/m2,GRO,
2759,33090,35493,131221,3398,3502,3503,3511,167422,plants,kg/m2,POP,
2759,33090,35493,131221,3398,16736,16748,13259,13260,plants,ppm,GRO,
2759,33090,35493,131221,3398,3502,16714,13402,32201,plants,mg/l,GRO,
2759,33090,35493,131221,3398,4209,4210,13426,13427,plants,kg/m2,POP,
2759,4751,4890,147538,147550,5125,5129,5543,51453,fungi,mg/l,POP,
2759,33208,6656,6960,50557,7399,7458,28641,132113,insects,mg/org,MOR,
2759,,5878,431838,5977,88566,5978,5979,459250,protozoans,mg/l,POP,
2759,33090,35493,131221,3398,4209,4210,92905,92906,plants,kg/m2,POP,
2759,33090,35493,131221,3398,4209,4210,92905,416131,plants,kg/m2,POP,
2759,33208,6656,6960,50557,7147,7211,28620,2340093,insects,ppm,MOR,
2759,33208,6231,,119089,6236,33253,34507,52066,worms,kg/m2,MOR,
2759,33208,6656,6843,6854,6935,6939,6942,2045262,insects,%,MOR,
2759,33208,6656,6960,50557,7399,7402,37852,37627,insects,mg/l,MOR,
2759,33208,6656,6960,50557,7147,33406,33407,33408,insects,kg/m2,POP,
2759,33090,35493,131221,3398,38820,4479,4564,4571,plants,kg/m2,POP,
2759,33090,35493,131221,3398,3646,3688,3689,3691,plants,kg/m2,GRO,
2759,33208,6656,6960,50557,7524,160513,85309,85310,insects,kg/m2,POP,
2759,33208,6656,6960,50557,7524,30095,30096,30097,insects,kg/m2,POP,
2759,33208,6656,6960,50557,7399,7402,51538,72115,insects,mg/l,MOR,
2759,33208,6656,6960,50557,7524,82738,82741,82750,insects,kg/m2,MOR,
2759,33208,6656,6960,50557,7524,30083,236936,1657227,insects,kg/m2,POP,
2759,33208,6656,6960,50557,7524,33362,984450,871448,insects,kg/m2,POP,
2759,4751,4890,147538,147541,92860,683158,1770253,72997,fungi,kg/m2,POP,
2759,4751,4890,147538,147541,45676,40995,40996,302913,fungi,mg/l,POP,
2759,33208,6656,6960,50557,7088,7096,7097,40071,insects,mg/l,MOR,
2759,33208,6656,6960,50557,7041,7042,201855,467358,insects,kg/m2,MOR,
2759,33208,6656,6960,50557,7399,7423,2086637,2086638,insects,kg/m2,MOR,
2759,33208,6656,6960,50557,7399,7402,55892,55893,insects,mg/l,MOR,
2759,33208,6656,6960,50557,7041,27439,111255,111256,insects,kg/m2,POP,
2759,33208,6656,6960,50557,7524,236450,237168,621227,insects,kg/m2,MOR,
2759,33208,6656,6960,50557,7524,30102,925784,925785,insects,kg/m2,POP,
2759,33208,6656,6843,6854,83137,52281,52282,52283,insects,mg/kg,POP,
2759,33090,35493,131221,58019,1446380,3318,3337,3352,plants,kg/m2,GRO,
2759,33208,7711,89593,8504,8509,2024743,8518,8520,reptiles,mg/kg,MOR,
2759,33208,7711,89593,8504,8509,66056,155318,155319,reptiles,mg/kg,MOR,
2759,33208,7711,89593,8504,8509,8530,212526,68356,reptiles,mg/kg,MOR,
2759,33208,7711,89593,8504,8509,66056,391658,463528,reptiles,mg/kg,MOR,
2759,33208,7711,89593,8504,8509,8578,121369,1651150,reptiles,mg/kg,MOR,
2759,33208,6656,6960,50557,7088,7128,103889,283855,insects,kg/m2,POP,
2759,4751,4890,147538,147541,,603431,5569,5570,fungi,ppm,GRO,
2759,4751,5204,5302,155619,5338,80649,34453,165406,fungi,ppm,POP,
2759,4751,5204,5302,155619,5338,5332,5333,5334,fungi,ppm,POP,
2759,33208,6656,6960,50557,7399,7458,28641,30195,insects,mg/org,MOR,
2759,33090,35493,131221,3398,3502,3514,13450,13451,plants,kg/m2,GRO,
2759,4751,4890,147538,147550,5114,5117,529477,529478,fungi,mg/l,POP,
2759,,4762,,,4776,4777,4783,53983,unmapped,mg/l,POP,
2759,,4762,,,4776,4777,4783,4788,unmapped,mg/l,POP,
2759,4751,1913637,214504,214506,36750,36751,1117308,1117311,fungi,mg/l,POP,
2759,4751,5204,29000,162484,5258,5259,5260,5261,fungi,mg/l,GRO,
2759,4751,5204,5302,155619,5303,1931355,5318,5319,fungi,mg/l,POP,
2759,4751,5204,5302,155619,5303,5317,5324,158605,fungi,mg/l,POP,
2759,4751,5204,5302,155619,5338,184208,184431,5346,fungi,mg/l,POP,
2759,33090,35493,131221,3398,73496,4747,78842,207325,plants,mg/l,GRO,
2759,33090,35493,131221,3398,73496,4747,78752,152868,plants,mg/l,GRO,
2759,33090,35493,131221,3398,73496,4747,78809,862863,plants,mg/l,GRO,
2759,33208,6656,6960,50557,7147,7366,305597,305598,insects,mg/org,MOR,
2759,4751,4890,147538,147541,92860,28556,33198,2074961,fungi,kg/m2,POP,
2759,33208,6656,6843,6854,6893,81835,187192,81837,insects,kg/m2,POP,
2759,4751,5204,5302,155619,68889,227336,5379,48563,fungi,kg/m2,POP,
2759,33090,35493,131221,58019,1446380,3318,3328,3329,plants,kg/m2,GRO,
2759,33208,7711,89593,40674,9989,337677,10053,111838,rodents,mg/kg,MOR,
2759,33090,35493,131221,3398,38820,4479,4557,4560,plants,kg/m2,POP,
2759,33208,7711,89593,8292,8293,8314,8320,8321,amphibians,mg/l,MOR,
2759,33208,7711,89593,8292,8342,8397,8399,160496,amphibians,mg/l,MOR,
2759,33208,7711,89593,8292,8293,8332,8335,154581,amphibians,mg/l,MOR,
2759,33208,7711,89593,8292,8293,8332,8335,154593,amphibians,mg/l,MOR,
2759,33208,7711,89593,8292,8293,8332,57549,57550,amphibians,mg/l,MOR,
2759,33208,7711,89593,8292,8293,43475,43476,94176,amphibians,mg/l,MOR,
2759,33090,35493,131221,3398,4069,4070,4074,4076,plants,kg/m2,GRO,
2759,33208,6656,6960,50557,7524,82738,191223,191314,insects,kg/m2,MOR,
2759,4751,5204,29000,162484,5258,5262,5296,198358,fungi,kg/m2,POP,
2759,33208,6656,6960,50557,7399,7402,144405,165561,insects,mg/l,MOR,
2759,33208,7711,89593,8292,8342,8418,1926313,30343,amphibians,mg/l,MOR,
2759,33090,35493,131221,3398,41945,19955,13492,35925,plants,kg/m2,POP,
2759,4751,4890,147538,147541,92860,290882,58127,58128,fungi,ppm,POP,
2759,4751,4890,147538,147541,92860,28556,5598,48100,fungi,kg/m2,POP,
2759,4751,4890,147538,147550,5125,110618,5506,40199,fungi,mg/l,POP,
2759,4751,5204,5302,155619,452338,5304,228945,228946,fungi,kg/m2,POP,
2759,33208,6656,6960,50557,7041,27439,50385,50387,insects,kg/m2,POP,
2759,33208,6656,6960,50557,7147,7371,7374,7375,insects,mg/kg diet,MOR,
2759,33208,6656,6960,50557,7147,7371,45449,45450,insects,mg/kg diet,MOR,
2759,33090,35493,131221,3398,38820,4479,196902,196903,plants,kg/m2,POP,
2759,33090,35493,131221,3398,38820,4479,37871,52154,plants,kg/m2,POP,
2759,33090,35493,131221,3398,38820,4479,45618,90397,plants,kg/m2,POP,
2759,33090,35493,131221,3398,16360,4454,78381,213840,plants,mg/l,POP,
2759,33208,6656,6960,50557,30262,45053,45059,133901,insects,kg/m2,POP,
2759,33090,35493,131221,3398,41945,25692,35939,127127,plants,kg/m2,GRO,
2759,33090,35493,131221,3398,4209,4210,55597,55598,plants,kg/m2,POP,
2759,33090,35493,131221,3398,4209,4210,13707,13708,plants,kg/m2,POP,
2759,4751,4890,147538,147548,5178,28983,33196,182092,fungi,mg/l,POP,
2759,4751,4890,147538,147548,5120,34371,34372,34373,fungi,mg/l,POP,
2759,4751,5204,5302,155619,5338,139264,58368,58369,fungi,mg/l,POP,
2759,4751,4890,147538,147550,5114,5117,34399,107451,fungi,mg/l,POP,
2759,4751,4890,147538,147550,5114,767018,36922,222581,fungi,kg/m2,POP,
2759,33090,35493,131221,3398,72025,3803,53866,670327,plants,kg/m2,POP,
2759,33090,35493,131221,3398,4069,4118,4119,4121,plants,kg/m2,POP,
2759,4751,4890,147538,147541,2726947,93133,41254,143450,fungi,kg/m2,POP,
2759,4751,4890,147538,147548,5178,2316155,228665,86028,fungi,mg/l,POP,
2759,4751,4890,147538,147550,5151,5152,96312,226899,fungi,ppm,POP,
2759,4751,4890,147538,147549,5185,44643,265489,231936,fungi,mg/l,POP,
2759,4751,4890,147538,147550,639021,81093,29849,29850,fungi,mg/l,POP,
2759,4751,4890,147538,147541,92860,34374,118259,5022,fungi,kg/m2,POP,
2759,33208,6656,6960,50557,7147,29032,29033,137501,insects,kg/m2,POP,
2759,4751,1913637,451507,2212703,4827,34489,4830,64493,fungi,mg/l,POP,
2759,4751,4890,147538,147550,5125,5129,5543,5544,fungi,mg/l,POP,
2759,4751,4890,147538,147550,37989,106263,112177,2785066,fungi,%,POP,
2759,4751,1913637,1137986,2212732,214503,4854,4855,64518,fungi,mg/kg,POP,
2759,33208,7711,89593,40674,9362,9376,9379,36803,other mammals,mg/kg,MOR,
2759,33208,7711,89593,8782,9108,9119,54491,261200,birds,mg/kg,MOR,
2759,4751,4890,147538,147541,2726946,452563,5498,29917,fungi,mg/l,POP,
2759,33090,35493,131221,3398,38820,4479,15492,52152,plants,kg/m2,POP,
2759,4751,4890,147538,147550,5125,5129,5543,40695,fungi,mg/l,POP,
2759,4751,4890,147538,147548,292491,46451,78156,78157,fungi,kg/m2,POP,
2759,4751,4890,147538,147545,5042,1131492,5073,5083,fungi,mg/l,POP,
2759,4751,4890,147538,147550,5125,34397,2741556,2741558,fungi,ppm,POP,
2759,4751,4890,147538,147545,33183,37243,69889,69890,fungi,kg/m2,POP,
2759,4751,4890,147538,147550,5125,103887,110564,29856,fungi,ppm,POP,
2759,4751,1913637,451507,2212704,1913639,1403793,64561,44442,fungi,kg/m2,POP,
2759,33208,6656,6843,6854,6893,81835,685683,1663255,insects,kg/m2,POP,
2759,33208,7711,89593,40674,9989,55153,13712,64679,rodents,mg/kg,MOR,
2759,33208,6656,6960,50557,7041,27439,131644,161252,insects,kg/m2,POP,
2759,,4762,,,121069,4782,1448052,82950,unmapped,mg/l,POP,
2759,4751,4890,147538,147541,92860,28556,5027,45151,fungi,kg/m2,POP,
2759,33090,35493,131221,58019,1446380,3318,3319,90345,plants,kg/m2,GRO,
2759,33090,35493,131221,3398,3502,3514,3504,21017,plants,kg/m2,GRO,
2759,33090,35493,131221,3398,41937,23672,4022,66214,plants,kg/m2,GRO,
2759,33090,35493,131221,3398,41937,23672,4022,45314,plants,kg/m2,GRO,
2759,33090,35493,131221,3398,3502,3514,3504,3507,plants,kg/m2,GRO,
2759,33090,35493,131221,3398,3744,3745,3754,262529,plants,kg/m2,POP,
2759,33208,6656,6843,6854,83136,70320,109362,561515,insects,%,POP,
2759,33208,6656,6960,50557,7041,41073,41076,1710407,insects,kg/m2,POP,
2759,33208,6656,6960,50557,7041,41073,60755,1205962,insects,kg/m2,POP,
2759,33208,6656,6960,50557,7041,41073,41305,536889,insects,kg/m2,POP,
2759,33208,6656,6960,50557,7041,41073,87479,706269,insects,kg/m2,POP,
2759,33208,6656,6960,50557,7041,41073,41080,1205958,insects,kg/m2,POP,
2759,33208,6656,6960,50557,7041,41073,41080,1483803,insects,kg/m2,POP,
2759,33208,6656,6960,50557,7041,41073,41074,135105,insects,kg/m2,POP,
2759,33208,6656,6960,50557,7041,41073,60755,331368,insects,kg/m2,POP,
2759,33208,6656,6960,50557,7041,41073,60800,1166740,insects,kg/m2,POP,
2759,33208,6656,6960,50557,7041,41073,60755,795045,insects,kg/m2,POP,
2759,33208,6656,6960,50557,7041,41073,60755,1709569,insects,kg/m2,POP,
2759,33208,6656,6960,50557,7041,41073,207751,207752,insects,kg/m2,POP,
2759,33208,6656,6960,50557,7041,41073,207751,1206017,insects,kg/m2,POP,
2759,33208,6656,6960,50557,7041,41073,170333,536895,insects,kg/m2,POP,
2759,33208,6656,6960,50557,7041,41073,60823,230250,insects,kg/m2,POP,
2759,33208,6656,6960,50557,7041,41073,41078,1206050,insects,kg/m2,POP,
2759,33208,6656,6960,50557,7041,41073,41078,360350,insects,kg/m2,POP,
2759,33208,6656,6960,50557,7041,41073,170319,331380,insects,kg/m2,POP,
2759,33208,6656,6960,50557,7041,41073,178258,1654418,insects,kg/m2,POP,
2759,33208,6656,6960,50557,7041,41073,60787,60788,insects,kg/m2,POP,
2759,33208,6656,6960,50557,7041,41073,41307,1206008,insects,kg/m2,POP,
2759,33208,6656,6960,50557,7041,41073,41076,1483825,insects,kg/m2,POP,
2759,33208,6656,6960,50557,7041,41073,60752,1205987,insects,kg/m2,POP,
2759,33208,6656,6960,50557,7041,41073,27452,176377,insects,kg/m2,POP,
2759,33090,35493,131221,3398,72025,3803,47097,1157238,plants,kg/m2,POP,
2759,33090,35493,131221,3398,71239,3650,3655,3656,plants,kg/m2,GRO,
2759,4751,4890,147538,147548,5120,34371,62701,79249,fungi,mg/l,POP,
2759,33208,6656,6960,50557,7041,30009,292457,350085,insects,kg/m2,POP,
2759,33208,6656,6960,50557,7041,41073,60800,331371,insects,kg/m2,POP,
2759,33208,6656,6960,50557,7041,41073,60800,346745,insects,kg/m2,POP,
2759,33208,6656,6960,50557,7041,41073,795056,1205995,insects,kg/m2,POP,
2759,33208,6656,6960,50557,7041,41073,60808,331967,insects,kg/m2,POP,
2759,33208,6656,6960,50557,7041,41073,60811,1205982,insects,kg/m2,POP,
2759,33208,6656,6960,50557,7041,41073,60800,1166865,insects,kg/m2,POP,
2759,33208,6656,6960,50557,7041,41073,41080,1205957,insects,kg/m2,POP,
2759,33208,6656,6960,50557,7041,41073,247340,2083524,insects,kg/m2,POP,
2759,33208,6656,6960,50557,7041,41073,41076,177394,insects,kg/m2,POP,
2759,33208,6656,6960,50557,7041,41073,178247,1206004,insects,kg/m2,POP,
2759,33208,6656,6960,50557,7041,41073,177549,1206018,insects,kg/m2,POP,
2759,33208,6656,6960,50557,7399,7458,28641,207648,insects,mg/org,MOR,
2759,33208,6656,6960,50557,7399,48719,48720,2184723,insects,mg/kg bw,MOR,
2759,33208,7711,89593,40674,9397,9431,29077,29078,other mammals,mg/kg,MOR,
2759,33208,7711,89593,40674,9362,9376,9379,42254,other mammals,mg/kg,MOR,
2759,33208,7711,89593,40674,9989,337677,447134,447135,rodents,mg/kg,MOR,
2759,33208,6340,,42113,2803884,6392,27388,565146,worms,mg/kg soil,MOR,
2759,33208,7711,89593,8782,9126,9153,9154,9157,birds,mg/kg,MOR,
2759,33208,7711,89593,40674,9989,10066,10128,10129,rodents,mg/kg,MOR,
2759,33090,35493,131221,3398,38820,4479,4539,29692,plants,kg/m2,POP,
2759,33090,35493,131221,3398,4209,4210,4211,4212,plants,kg/m2,POP,
2759,33090,35493,131221,3398,38820,4479,4587,552841,plants,kg/m2,POP,
2759,33090,35493,131221,3398,38820,4609,4610,512623,plants,kg/m2,POP,
2759,33208,6231,,119089,6236,211158,211159,211160,worms,kg/m2,POP,
2759,33208,7711,89593,40674,9989,10066,10114,83752,rodents,mg/kg,MOR,
2759,33208,6656,6960,30001,730330,48704,254094,254095,insects,mg/kg soil,MOR,
2759,33208,6656,6960,30001,730330,48704,186257,1302326,insects,mg/kg soil,MOR,
2759,33208,6656,6960,30001,730330,48704,49178,247612,insects,mg/kg soil,MOR,
2759,33208,6656,6960,30001,730330,36141,158440,281420,insects,mg/kg soil,MOR,
2759,33208,6656,6960,30001,730330,36141,158440,1884766,insects,mg/kg soil,MOR,
2759,33208,6656,6960,30001,79705,187603,187717,1496267,insects,kg/m2,POP,
2759,33208,6656,61985,61986,,109754,61987,146864,insects,kg/m2,MOR,
2759,33208,7711,89593,8782,8976,9005,9003,83287,birds,mg/kg,MOR,
2759,33208,7711,89593,8782,9126,9133,1523891,30427,birds,mg/kg,MOR,
2759,33208,6656,6657,6681,29979,96859,96860,96861,crustaceans,mg/l,MOR,47.99999999999999
2759,33208,6656,6657,6681,29979,96825,115147,115148,crustaceans,mg/l,MOR,47.99999999999999
2759,33208,6656,6960,50557,7399,7458,28657,478164,insects,mg/org,MOR,
2759,4751,4890,147538,147545,5042,1131492,5052,33178,fungi,mg/l,POP,
2759,4751,4890,147538,147550,5139,35718,1920207,78579,fungi,mg/l,POP,
2759,33208,7711,89593,40674,9989,337677,10040,42411,rodents,mg/kg,MOR,
2759,33208,7711,89593,40674,9989,337677,10040,42413,rodents,mg/kg,MOR,
2759,33090,35493,131221,3398,3646,3977,3990,3993,plants,kg/m2,POP,
2759,33208,6656,6960,50557,7399,7408,144305,310391,insects,mg/l,MOR,
2759,33208,6656,6843,6854,83136,133229,478374,478375,insects,kg/m2,POP,
2759,33208,6656,6960,50557,7524,27482,13130,13131,insects,kg/m2,POP,
2759,33208,6656,6960,50557,7524,27482,269402,269403,insects,kg/m2,POP,
2759,33208,7711,89593,8782,30458,30459,349401,81905,birds,mg/kg,MOR,
2759,33090,35493,131221,3398,3524,3568,3573,42043,plants,kg/m2,POP,
2759,33090,35493,131221,3398,3699,3700,3705,3710,plants,kg/m2,GRO,
2759,33090,35493,131221,3398,280577,4000,4001,153571,plants,kg/m2,GRO,
2759,33090,35493,131221,3398,233875,4305,4306,255352,plants,kg/m2,GRO,
2759,33090,35493,131221,3398,41938,3629,47605,106335,plants,kg/m2,POP,
2759,33090,35493,131221,58019,1446379,3367,13100,50182,plants,kg/m2,MOR,
2759,33090,35493,131221,3398,41944,3928,122809,141186,plants,kg/m2,GRO,
2759,33090,35493,131221,3398,3744,3745,144561,690342,plants,kg/m2,POP,
2759,33090,35493,131221,3398,3744,3745,23224,309823,plants,kg/m2,POP,
2759,33090,35493,131221,3398,4143,4149,26473,28540,plants,kg/m2,GRO,
2759,33208,6656,6960,50557,7147,7211,43391,194918,insects,ppm,MOR,
2759,33208,6656,6960,50557,7088,7100,47766,47767,insects,kg/m2,MOR,
2759,33208,6656,6960,50557,7041,7055,166307,207148,insects,kg/m2,POP,
2759,33208,6656,6960,50557,7041,30009,292457,292458,insects,kg/m2,POP,
2759,33208,6656,6960,50557,7524,1566705,121840,121841,insects,mg/l,MOR,
2759,33208,6656,6843,6854,83137,41442,150114,370843,insects,kg/m2,MOR,
2759,33090,35493,131221,3398,38820,4479,38734,40583,plants,kg/m2,POP,
2759,33090,35493,131221,3398,3524,3563,3564,3565,plants,kg/m2,POP,
2759,33208,6656,6960,50557,7041,41073,60800,1166863,insects,kg/m2,POP,
2759,33208,6656,6843,6854,34634,109261,62624,109461,insects,%,MOR,
2759,33208,7711,89593,40674,9989,55153,45478,45480,rodents,mg/kg,MOR,
2759,33208,6656,6960,50557,7088,268499,581888,711050,insects,kg/m2,POP,
2759,33208,7711,89593,40674,9989,10066,69078,69079,rodents,mg/kg,MOR,
2759,33090,35493,131221,3398,3646,3977,3982,3983,plants,kg/m2,POP,
2759,33208,6656,6960,50557,6993,58543,58578,907066,insects,%,POP,
2759,33208,7711,89593,40674,9989,337677,10053,137712,rodents,mg/kg,MOR,
2759,33208,7711,89593,40674,9989,10066,13150,13151,rodents,mg/kg,MOR,
2759,33208,7711,89593,40674,9989,10066,10128,134910,rodents,mg/kg,MOR,
2759,33208,7711,89593,40674,9989,337677,2162899,2162900,rodents,mg/kg,MOR,
2759,33208,6656,6960,30001,730330,2768097,48705,48709,insects,mg/kg diet,MOR,
2759,33090,35493,131221,3398,38820,4479,4510,29674,plants,kg/m2,POP,
2759,33090,35493,131221,3398,4069,4118,4119,89647,plants,kg/m2,POP,
2759,33090,35493,131221,3398,4143,4136,53158,53160,plants,kg/m2,POP,
2759,33090,35493,131221,3398,41938,3629,108335,108380,plants,kg/m2,POP,
2759,33090,35493,131221,3398,3524,3615,61508,137687,plants,kg/m2,POP,
2759,33090,35493,131221,3398,41944,3934,3939,238288,plants,kg/m2,POP,
2759,33090,35493,131221,3398,4209,4210,99071,13423,plants,kg/m2,POP,
2759,33090,35493,131221,3398,38820,4609,4610,1053340,plants,kg/m2,POP,
2759,33090,35493,131221,3398,4209,4210,99071,99072,plants,kg/m2,POP,
2759,33090,35493,131221,3398,4209,4210,53718,53719,plants,kg/m2,POP,
2759,33090,35493,131221,3398,4209,4210,13448,159666,plants,kg/m2,POP,
2759,33090,35493,131221,3398,4209,4210,55623,55624,plants,kg/m2,POP,
2759,33090,35493,131221,3398,4209,4210,53747,53751,plants,kg/m2,POP,
2759,33208,6656,6960,50557,7041,41073,41078,245858,insects,kg/m2,POP,
2759,33208,6656,6960,50557,7524,27482,7028,7029,insects,kg/m2,POP,
2759,33208,6656,6960,50557,7399,108385,163151,297831,insects,mg/l,MOR,
2759,33090,35493,131221,3398,38820,4479,4554,149378,plants,kg/m2,POP,
2759,33090,35493,131221,3398,4209,4210,99027,158220,plants,kg/m2,POP,
2759,33090,35493,131221,3398,3699,3700,203630,313684,plants,kg/m2,GRO,
2759,33090,35493,131221,3398,3524,3563,3564,124765,plants,kg/m2,POP,
2759,33090,35493,131221,3398,71239,3650,3660,3661,plants,kg/m2,GRO,
2759,33208,6656,6960,50557,30262,45053,439357,1295333,insects,kg/m2,POP,
2759,33090,35493,131221,3398,41934,42219,4281,4283,plants,kg/m2,GRO,
2759,33090,35493,131221,3398,3502,3503,3511,73152,plants,kg/m2,POP,
2759,33090,35493,131221,3398,72025,3803,49800,49801,plants,kg/m2,POP,
2759,33090,35493,131221,3398,3502,3514,3504,3508,plants,kg/m2,GRO,
2759,33090,35493,131221,3398,3524,3568,3569,129770,plants,kg/m2,POP,
2759,33090,35493,131221,3398,41937,23672,4022,57650,plants,kg/m2,GRO,
2759,33090,35493,131221,3398,3524,3568,146094,1291635,plants,kg/m2,POP,
2759,33090,35493,131221,3398,4143,4136,53171,180010,plants,kg/m2,POP,
2759,33090,35493,131221,3398,41937,23513,2706,85571,plants,kg/m2,GRO,
2759,33090,35493,131221,3398,403666,43873,66647,210369,plants,kg/m2,POP,
2759,33090,35493,131221,3398,4209,4210,176578,176579,plants,kg/m2,POP,
2759,33090,35493,131221,3398,3524,3563,3564,1847922,plants,kg/m2,POP,
2759,33090,35493,131221,3398,4209,4210,13707,169607,plants,kg/m2,POP,
2759,33090,35493,131221,3398,3699,3700,3729,203582,plants,kg/m2,GRO,
2759,33090,35493,131221,3398,4209,4210,56016,883867,plants,kg/m2,POP,
2759,33090,35493,131221,3398,3524,3568,13273,13274,plants,kg/m2,POP,
2759,33090,35493,131221,3398,38820,4479,37562,200625,plants,kg/m2,POP,
2759,33090,35493,131221,3398,4069,4118,4119,43178,plants,kg/m2,POP,
2759,33090,35493,131221,3398,72025,3803,3894,498362,plants,kg/m2,POP,
2759,33090,35493,131221,3398,4209,4210,36590,318068,plants,kg/m2,POP,
2759,4751,5204,452284,5257,5267,5268,2689624,5270,fungi,mg/l,POP,
2759,33208,6656,6960,50557,7088,98966,173584,198959,insects,kg/m2,POP,
2759,33208,7711,89593,8782,9126,9133,1647189,54773,birds,mg/kg,MOR,
2759,33208,7711,89593,8782,9126,1729112,161623,161624,birds,mg/kg,MOR,
2759,33090,35493,131221,3398,3646,3977,3990,216479,plants,kg/m2,POP,
2759,33090,35493,131221,3398,4209,4210,35934,183063,plants,kg/m2,POP,
2759,33090,35493,131221,3398,3524,3563,3564,56196,plants,kg/m2,POP,
2759,33090,35493,131221,3398,3646,233880,58880,296034,plants,kg/m2,POP,
2759,33090,35493,131221,3398,3524,3542,3547,3548,plants,kg/m2,POP,
2759,33090,35493,131221,3398,3744,3745,36607,690315,plants,kg/m2,POP,
2759,33090,35493,131221,3398,41945,4345,4346,224352,plants,kg/m2,POP,
2759,33090,35493,131221,3398,38820,4479,66040,158163,plants,kg/m2,POP,
2759,33090,35493,131221,3398,3524,3590,3591,3592,plants,kg/m2,POP,
2759,,4762,,,4776,4777,4783,67594,unmapped,mg/l,POP,
2759,,4762,,,4776,4777,4783,53984,unmapped,mg/l,POP,
2759,,4762,,,4776,4777,4783,4794,unmapped,mg/l,POP,
2759,33090,35493,131221,3398,72025,3803,3904,3905,plants,kg/m2,POP,
2759,33090,35493,131221,3398,4069,4070,4107,205524,plants,kg/m2,GRO,
2759,33090,35493,131221,3398,38820,4479,15314,79824,plants,kg/m2,POP,
2759,33090,35493,131221,3398,38820,4479,15314,1175856,plants,kg/m2,POP,
2759,33090,35493,131221,3398,4055,24966,58379,60230,plants,kg/m2,POP,
2759,33090,35493,131221,3398,4069,4118,112276,112277,plants,kg/m2,POP,
2759,33090,35493,131221,3398,41938,3629,47605,229543,plants,kg/m2,POP,
2759,33090,35493,131221,3398,4209,4210,13695,13696,plants,kg/m2,POP,
2759,33208,6656,6960,50557,7399,7423,32388,32389,insects,kg/m2,MOR,
2759,33208,6656,6960,50557,7399,7402,32390,51544,insects,mg/l,MOR,
2759,33208,7711,89593,40674,9989,10066,10114,83755,rodents,mg/kg,MOR,
2759,33208,6656,6960,50557,7041,2878387,166876,308863,insects,kg/m2,POP,
2759,4751,4890,147538,147541,451869,45131,35724,35725,fungi,kg/m2,POP,
2759,33208,6231,,119089,6236,6301,31242,36090,worms,kg/m2,POP,
2759,33208,6656,6960,50557,7147,7211,28609,43413,insects,ppm,MOR,
2759,33090,35493,131221,3398,41938,3629,183218,455045,plants,kg/m2,POP,
2759,33208,6656,6960,50557,7524,30102,562201,869627,insects,kg/m2,POP,
2759,33208,7711,89593,40674,33554,9655,9665,36723,other mammals,mg/kg,MOR,
2759,33090,35493,131221,3398,38820,4479,4501,55777,plants,kg/m2,POP,
2759,33090,35493,131221,3398,4209,4210,50190,50193,plants,kg/m2,POP,
2759,33090,35493,131221,3398,4209,4210,41549,92907,plants,kg/m2,POP,
2759,33090,35493,131221,3398,4209,4210,99107,99108,plants,kg/m2,POP,
2759,33208,7711,89593,40674,9989,10066,10088,10101,rodents,mg/kg,MOR,
2759,33208,7711,89593,40674,9989,10066,121582,121583,rodents,mg/kg,MOR,
2759,33208,7711,89593,40674,9989,337677,10053,269655,rodents,mg/kg,MOR,
2759,33208,7711,89593,40674,9989,10066,10088,27681,rodents,mg/kg,MOR,
2759,33208,7711,89593,40674,9989,337677,10053,47230,rodents,mg/kg,MOR,
2759,33208,7711,89593,40674,9989,337677,10059,10060,rodents,mg/kg,MOR,
2759,33208,7711,89593,40674,9989,10066,10046,37435,rodents,mg/kg,MOR,
2759,4751,4890,147538,147541,2726947,93133,29002,122368,fungi,kg/m2,POP,
2759,33208,6656,6843,6854,83136,32262,32263,93129,insects,mg/l,MOR,
2759,33208,6656,6960,50557,7088,106496,301653,348706,insects,kg/m2,POP,
2759,33208,6656,6960,50557,7524,30092,121835,121839,insects,mg/l,POP,
2759,33090,35493,131221,3398,38820,4479,48731,160577,plants,kg/m2,POP,
2759,33090,35493,131221,186770,28908,29585,3196,3197,plants,kg/m2,POP,
2759,33090,35493,131221,3214,3226,37411,37412,37413,plants,kg/m2,POP,
2759,33090,35493,131221,3398,4069,4118,4119,4120,plants,kg/m2,POP,
2759,33208,6447,,6448,6527,6540,6542,171548,mollusks,%,GRO,
2759,33208,6656,6960,50557,7041,29026,295627,295628,insects,%,MOR,
2759,33208,6656,6960,50557,7041,29026,295649,878053,insects,%,MOR,
2759,33090,35493,131221,3398,4209,4210,405757,98722,plants,kg/m2,POP,
2759,4751,5204,29000,162484,5258,5262,5296,27348,fungi,kg/m2,POP,
2759,4751,4890,147538,147541,2726947,93133,2060154,2060155,fungi,kg/m2,POP,
2759,4751,4890,147538,147541,92860,5020,1351751,13684,fungi,kg/m2,POP,
2759,33090,35493,131221,3398,72025,3803,3877,47084,plants,kg/m2,POP,
2759,4751,4890,147538,147548,5178,2793945,538190,538191,fungi,mg/l,POP,
2759,4751,4890,147538,147541,92860,683158,5453,107450,fungi,kg/m2,POP,
2759,4751,4890,147538,147548,5178,2316155,2819089,210010,fungi,mg/l,POP,
2759,33090,35493,131221,3398,41943,4027,4028,554690,plants,kg/m2,POP,
2759,33090,35493,131221,3398,3524,3568,240010,325515,plants,kg/m2,POP,
2759,33090,35493,131221,3398,4143,156152,309344,69914,plants,kg/m2,POP,
2759,33090,35493,131221,3398,4209,4210,13516,102771,plants,kg/m2,POP,
2759,33090,35493,131221,3398,38820,4609,4610,180964,plants,kg/m2,POP,
2759,33090,35493,131221,3398,4209,4210,90789,318055,plants,kg/m2,POP,
2759,33208,6231,,119088,211184,211187,70236,189296,worms,kg/m2,POP,
2759,33090,35493,131221,3398,4069,4070,4085,35889,plants,kg/m2,GRO,
2759,33090,35493,131221,3398,41943,4027,21555,301481,plants,kg/m2,POP,
2759,33090,35493,131221,3398,41938,3629,96479,145753,plants,kg/m2,POP,
2759,33090,35493,131221,3398,4143,91896,36747,223102,plants,kg/m2,POP,
2759,4751,4890,147538,147550,1028384,1033978,1036719,27337,fungi,mg/l,POP,
2759,33208,7711,89593,40674,91561,9895,9918,89462,other mammals,mg/kg,MOR,
2759,33090,35493,131221,3398,40551,4710,13893,13894,plants,kg/m2,GRO,
2759,33208,6231,,119089,6236,45926,46011,46012,worms,kg/m2,POP,
2759,33208,6656,6960,50557,7147,127399,286470,1838149,insects,kg/m2,POP,
2759,33208,6656,6960,50557,7524,30102,562174,912347,insects,kg/m2,POP,
2759,33208,6656,6960,50557,7041,7042,122862,292309,insects,kg/m2,MOR,
2759,33208,6656,6960,50557,7041,7042,122856,202195,insects,kg/m2,MOR,
2759,33208,6656,6960,50557,7041,27439,50385,50386,insects,kg/m2,POP,
2759,4751,4890,147538,147550,5151,5152,5159,5163,fungi,ppm,POP,
2759,33090,35493,131221,3398,3646,4004,4005,4006,plants,kg/m2,GRO,
2759,33090,35493,131221,3398,38820,4479,37874,399647,plants,kg/m2,POP,
2759,,4762,,,4776,4777,4783,111171,unmapped,mg/l,POP,
2759,,4762,,,4776,4777,4783,53985,unmapped,mg/l,POP,
2759,33090,35493,131221,3398,4069,4070,4107,4112,plants,kg/m2,GRO,
2759,33090,35493,131221,3398,73496,4668,4678,74900,plants,kg/m2,GRO,
2759,,2604748,,2779609,37357,37358,37359,37360,protozoans,kg/m2,POP,
2759,33090,35493,131221,3398,3502,3514,3515,3517,plants,kg/m2,GRO,
2759,33208,6656,6960,50557,7041,7055,33393,1475333,insects,kg/m2,POP,
2759,33208,6656,6960,50557,7041,7042,55979,102832,insects,kg/m2,MOR,
2759,33208,6656,6960,50557,7399,7438,7451,30212,insects,mg/l,MOR,
2759,33090,35493,131221,3398,72025,3803,3820,3821,plants,kg/m2,POP,
2759,33090,35493,131221,3398,38820,4479,79830,167337,plants,kg/m2,POP,
2759,33090,35493,131221,3398,4209,4210,13546,13547,plants,kg/m2,POP,
2759,33208,6340,,42113,2803884,6400,195544,195545,worms,mg/kg soil,MOR,
2759,4751,4890,147538,147550,5125,474943,150366,2231603,fungi,mg/l,POP,
2759,33208,6656,6960,50557,7088,32434,192463,192464,insects,kg/m2,MOR,
2759,33208,6656,6960,50557,7399,7402,7405,586671,insects,mg/l,MOR,
2759,,4762,,,121069,4782,4797,65070,unmapped,mg/l,POP,
2759,4751,4890,,,,,73873,132111,fungi,,POP,
2759,4751,4890,147538,147545,5042,1131492,5073,5077,fungi,mg/l,POP,
2759,33208,6340,,42113,2803884,6392,73391,332519,worms,mg/kg soil,MOR,
2759,,4762,,,121069,4782,1448052,36331,unmapped,mg/l,POP,
2759,33208,6656,6960,50557,7147,7211,28609,28610,insects,ppm,MOR,
2759,33208,6656,6960,50557,85823,3046527,6972,6973,insects,%,MOR,
2759,33090,35493,131221,3398,38820,4609,4610,388567,plants,kg/m2,POP,
2759,33208,6231,,119088,6329,6332,6333,6334,worms,mg/l,MOR,
2759,33208,6656,6960,50557,7524,30080,340542,665250,insects,kg/m2,POP,
2759,33208,6656,6960,50557,7088,7100,43336,214292,insects,kg/m2,MOR,
2759,33208,6656,6960,50557,7041,7042,122891,122892,insects,kg/m2,MOR,
2759,33208,6656,6960,50557,7524,30102,1473733,1473734,insects,kg/m2,POP,
2759,33208,6656,6960,50557,7399,36668,12956,12957,insects,kg/m2,POP,
2759,33208,6656,6960,50557,7041,41094,591390,591392,insects,mg/l,MOR,
2759,33208,6656,6960,50557,7088,7135,943732,40079,insects,kg/m2,MOR,
2759,33208,6656,6960,50557,7088,32434,347734,347735,insects,kg/m2,MOR,
2759,33208,6656,6960,50557,7041,7042,7045,7048,insects,kg/m2,MOR,
2759,,4762,,,4776,4777,4783,4787,unmapped,mg/l,POP,
2759,33090,35493,131221,58019,1446380,3318,3337,3353,plants,kg/m2,GRO,
2759,33090,35493,131221,3398,3646,3688,40685,77063,plants,kg/m2,GRO,
2759,33090,35493,131221,3398,3646,3688,40685,75704,plants,kg/m2,GRO,
2759,33090,35493,131221,3398,41945,24584,40760,66234,plants,kg/m2,POP,
2759,33090,35493,131221,3398,3646,3688,3689,3693,plants,kg/m2,GRO,
2759,,5794,,422676,5819,1639119,5820,5833,protozoans,mg/l,POP,
2759,33090,35493,131221,58019,1446380,3318,3337,58042,plants,kg/m2,GRO,
2759,33090,35493,131221,3398,4143,4144,38871,38873,plants,kg/m2,GRO,
2759,33090,35493,131221,3398,41937,23672,4022,4026,plants,kg/m2,GRO,
2759,33090,35493,131221,3398,38820,4479,4539,38727,plants,kg/m2,POP,
2759,33208,6656,6960,50557,6993,7002,7003,7004,insects,mg/org,MOR,
2759,33090,35493,131221,3398,72025,3803,3826,92719,plants,kg/m2,POP,
2759,33090,35493,131221,3398,72025,3803,3826,90899,plants,kg/m2,POP,
2759,33090,35493,131221,3398,72025,3803,3826,90898,plants,kg/m2,POP,
2759,33090,35493,131221,3398,41944,3931,3932,34316,plants,kg/m2,GRO,
2759,33090,35493,131221,3398,3744,3745,3766,3767,plants,kg/m2,POP,
2759,,4762,,,4776,4777,70742,230439,unmapped,mg/l,POP,
2759,33090,35493,131221,3398,4069,4118,4119,35883,plants,kg/m2,POP,
2759,33090,35493,131221,3398,72025,3803,3913,115715,plants,kg/m2,POP,
2759,33090,35493,131221,3398,41938,3629,93758,93759,plants,kg/m2,POP,
2759,33090,35493,131221,3398,3646,3688,3689,2501768,plants,kg/m2,GRO,
2759,33090,35493,131221,3398,3646,3688,3689,688333,plants,kg/m2,GRO,
2759,33208,6656,6960,50557,7399,75200,246443,2029207,insects,kg/m2,POP,
2759,33208,6656,6960,50557,7088,7135,139035,139036,insects,kg/m2,MOR,
2759,4751,5204,29000,1055546,1055547,1055548,1001993,1001997,fungi,ppm,POP,
2759,4751,5204,452284,452283,62916,5279,13289,43049,fungi,mg/l,POP,
2759,33090,35493,131221,3398,41943,4027,4030,4032,plants,kg/m2,POP,
2759,33090,35493,131221,3398,41937,23672,4022,75745,plants,kg/m2,GRO,
2759,33208,6656,6960,50557,7147,7366,35569,35570,insects,mg/org,MOR,
2759,33208,6447,,6448,6527,1920660,145649,145650,mollusks,kg/m2,MOR,
2759,33208,6231,,119089,6236,6315,94964,45464,worms,mg/l,POP,
2759,33208,6656,6960,50557,7399,32417,32420,32421,insects,kg/m2,MOR,
2759,33208,6656,6960,50557,7399,36668,83484,83485,insects,kg/m2,POP,
2759,33208,6656,6960,50557,7147,127399,414290,414309,insects,kg/m2,POP,
2759,33208,6656,6960,50557,7399,36668,13685,13686,insects,kg/m2,POP,
2759,33208,6656,6960,50557,85823,6974,6977,6978,insects,mg/org,MOR,
2759,33208,6656,6960,50557,7399,107755,108640,327393,insects,mg/l,MOR,
2759,33208,6656,6960,50557,7399,7423,321015,2734899,insects,kg/m2,MOR,
2759,33208,6231,,119089,6236,6296,6278,6280,worms,mg/l,POP,
2759,33208,6340,,42113,2803884,6400,168853,1321764,worms,mg/kg soil,MOR,
2759,33208,6656,6960,50557,7041,7042,7045,7047,insects,kg/m2,MOR,
2759,33090,35493,131221,58019,1446380,3318,3328,3335,plants,kg/m2,GRO,
2759,33208,7711,89593,40674,9975,9979,9987,9988,other mammals,mg/kg,MOR,
2759,4751,4890,147538,147541,451869,45131,45132,55169,fungi,kg/m2,POP,
2759,33208,6656,6960,50557,7088,7100,214144,689085,insects,kg/m2,MOR,
2759,33090,35493,131221,3398,41944,3931,3932,183855,plants,kg/m2,GRO,
2759,33208,7711,89593,8504,8509,8555,8556,62051,reptiles,mg/kg,MOR,
2759,33208,6340,,42113,1964463,6388,1628347,1628350,worms,mg/kg soil,MOR,
2759,33208,6656,6960,50557,7147,7190,7191,1465601,insects,mg/l,MOR,
2759,33208,6656,6960,50557,7399,36668,7482,611257,insects,kg/m2,POP,
2759,33090,35493,131221,3398,41937,23672,128016,128017,plants,kg/m2,GRO,
2759,33208,6231,,119088,6329,455381,1647942,1647943,worms,ppm,POP,
2759,33208,6231,,119089,6236,65463,65464,65465,worms,ppm,POP,
2759,33208,6656,6960,50557,7147,7387,7388,7389,insects,mg/kg,POP,
2759,33208,6231,,119089,6236,6315,27827,96640,worms,mg/l,POP,
2759,33208,7711,89593,40674,33554,9608,55039,55040,other mammals,mg/kg,MOR,
2759,33208,6656,6960,50557,7041,41094,591390,888089,insects,mg/l,MOR,
2759,33208,6656,6960,50557,7147,7157,7174,7177,insects,mg/l,MOR,
2759,33208,6656,6960,50557,7399,36668,12956,64785,insects,kg/m2,POP,
2759,33208,6656,6960,50557,7399,29051,272196,272197,insects,kg/m2,MOR,
2759,33208,6656,6960,50557,7524,27482,136352,527648,insects,kg/m2,POP,
2759,33208,6157,,6178,27871,27843,6191,6192,worms,ppm,MOR,
2759,33208,6656,6960,50557,7041,7055,2680597,2680598,insects,kg/m2,POP,
2759,33090,35493,131221,3398,72025,3803,3865,3866,plants,kg/m2,POP,
2759,,2605435,,,2682482,33084,5758,5759,protozoans,mg/l,POP,
2759,33090,35493,131221,3398,41944,3931,120289,120290,plants,kg/m2,GRO,
2759,,4762,,,121069,4782,1448052,82926,unmapped,mg/l,POP,
2759,,4762,,,121069,4782,795339,907947,unmapped,mg/l,POP,
2759,,4762,,,121069,4782,1448052,2125998,unmapped,mg/l,POP,
2759,33208,6340,,42113,2803884,6392,116954,334867,worms,mg/kg soil,MOR,
2759,33208,7711,89593,8782,9126,164646,84832,84834,birds,mg/kg,MOR,
2759,33208,6656,6960,50557,7509,7511,163158,163159,insects,mg/kg,MOR,
2759,33208,6656,6843,6854,6935,6939,6944,6945,insects,%,MOR,
2759,33208,6656,6960,50557,7088,37571,208015,408244,insects,ppm,MOR,
2759,33090,35493,131221,3398,3502,16714,16718,51240,plants,mg/l,GRO,
2759,33208,7711,89593,40674,9975,9976,9977,42346,other mammals,mg/kg,MOR,
2759,33208,6656,6960,50557,7041,7042,105119,1230776,insects,kg/m2,MOR,
2759,33208,6656,6960,50557,7088,82593,214128,216861,insects,mg/kg bw,MOR,
2759,33208,6656,6960,50557,7088,695564,13122,13123,insects,kg/m2,POP,
2759,33208,6656,6960,30001,79705,187607,574227,2049373,insects,kg/m2,POP,
2759,33208,6656,6960,50557,7524,27482,136344,136345,insects,kg/m2,POP,
2759,33208,6656,6960,30001,730331,79713,187610,187611,insects,kg/m2,POP,
2759,33208,6656,6960,30001,730330,36141,36142,1410395,insects,mg/kg soil,MOR,
2759,33208,6656,6960,30001,79705,187696,212015,212016,insects,kg/m2,POP,
2759,33208,6656,6843,6854,83137,41442,41443,223636,insects,kg/m2,MOR,
2759,33208,6340,,42113,2803884,6392,6397,302035,worms,mg/kg soil,MOR,
2759,33208,6656,6960,50557,7399,77572,88467,88500,insects,mg/org,MOR,
2759,33208,6656,6960,50557,7399,7402,69818,69819,insects,mg/l,MOR,
2759,33090,35493,131221,3398,4667,4677,16047,34183,plants,kg/m2,GRO,
2759,33208,7711,89593,8782,9126,9153,156562,156563,birds,mg/kg,MOR,
2759,33208,6656,6843,6854,83136,32262,50018,311847,insects,mg/l,MOR,
2759,33208,6656,6960,50557,7088,695564,695183,1288830,insects,kg/m2,POP,
2759,33208,6656,6960,50557,7088,268499,311902,311903,insects,kg/m2,POP,
2759,33090,35493,131221,3398,41937,4011,23461,29780,plants,kg/m2,POP,
2759,33090,35493,131221,3398,3502,3503,3511,58334,plants,kg/m2,POP,
2759,33208,6656,6960,50557,7088,7100,55056,174822,insects,kg/m2,MOR,
2759,33208,7711,89593,8782,9126,72205,135429,135430,birds,mg/kg,MOR,
2759,33208,7711,89593,8782,8826,8830,8870,8874,birds,mg/kg,MOR,
2759,33090,35493,131221,3398,4199,4206,4204,237959,plants,kg/m2,GRO,
2759,33090,35493,131221,3398,41945,4345,13342,84005,plants,kg/m2,POP,
2759,33090,35493,131221,3398,38820,4479,4510,4511,plants,kg/m2,POP,
2759,33090,35493,131221,3398,38820,4479,147271,173849,plants,kg/m2,POP,
2759,33090,35493,131221,3398,38820,4479,4554,4555,plants,kg/m2,POP,
2759,33208,7711,89593,8782,9126,9133,135423,198940,birds,mg/kg,MOR,
2759,33208,6656,6843,6854,83137,66553,66559,66560,insects,kg/m2,MOR,
2759,4751,4890,147538,147550,5125,1667166,1859696,1859699,fungi,ppm,POP,
2759,4751,4890,147538,147541,92860,683158,1770253,749842,fungi,kg/m2,POP,
2759,4751,1913637,451507,2212703,4827,4851,4852,76405,fungi,ppm,POP,
2759,33208,6656,6960,50557,7041,7042,57061,57062,insects,kg/m2,MOR,
2759,33208,6656,6960,50557,7524,30083,567061,1656509,insects,kg/m2,POP,
2759,,4762,,,4776,4777,467175,467176,unmapped,mg/l,POP,
2759,33208,6340,,42113,2803884,6392,6397,81491,worms,mg/kg soil,MOR,
2759,33208,6340,,42113,2803884,6392,161231,302033,worms,mg/kg soil,MOR,
2759,33208,6656,6960,50557,7041,41073,41076,247442,insects,kg/m2,POP,
2759,33208,6656,6960,50557,7041,41073,41080,536883,insects,kg/m2,POP,
2759,33208,6656,6960,50557,7041,41073,60834,110024,insects,kg/m2,POP,
2759,33208,6656,6960,50557,7041,41073,586009,586010,insects,kg/m2,POP,
2759,33208,6656,6960,50557,7399,7489,7490,7491,insects,mg/l,MOR,
2759,33090,35493,131221,3398,3646,3977,3990,37495,plants,kg/m2,POP,
2759,33208,6656,6960,50557,7399,7408,92443,32260,insects,mg/l,MOR,
2759,33208,6656,6960,50557,7516,7520,7521,189513,insects,mg/l,MOR,
2759,33090,35493,131221,3398,38820,4479,45618,45619,plants,kg/m2,POP,
2759,33208,7711,89593,8504,8509,81953,52201,103695,reptiles,mg/kg,MOR,
2759,4751,1913637,214504,214506,36750,36751,1129544,94130,fungi,mg/l,POP,
2759,33208,6656,6960,50557,7041,27439,154013,878018,insects,kg/m2,POP,
2759,33090,35493,131221,58019,1446379,3367,13414,13415,plants,kg/m2,MOR,
2759,33090,35493,131221,58019,1446380,3318,3337,77912,plants,kg/m2,GRO,
2759,33090,35493,131221,58019,1446380,3318,3337,3350,plants,kg/m2,GRO,
2759,33090,35493,131221,58019,1446380,3318,3325,54800,plants,kg/m2,GRO,
2759,33090,35493,131221,58019,1446380,3318,3337,71633,plants,kg/m2,GRO,
2759,33090,35493,131221,3398,3502,3514,3504,78630,plants,kg/m2,GRO,
2759,33090,35493,131221,3398,38820,4479,673199,673200,plants,kg/m2,POP,
2759,33090,35493,131221,3398,3646,3688,40685,339964,plants,kg/m2,GRO,
2759,33208,6656,6960,50557,7524,27479,30075,65344,insects,mg/org,MOR,
2759,33090,35493,131221,3398,41945,27065,59676,59677,plants,mg/l,GRO,
2759,33208,6656,6960,50557,7041,7055,50578,50579,insects,kg/m2,POP,
2759,33090,35493,131221,3398,38820,4479,79856,79857,plants,kg/m2,POP,
2759,33208,6656,6960,50557,7041,27439,64390,64391,insects,kg/m2,POP,
2759,33208,6656,6960,50557,7524,160513,460023,460024,insects,kg/m2,POP,
2759,33208,6656,6960,50557,7088,319783,656906,1231953,insects,ppm,MOR,
2759,33208,6656,6960,50557,7041,41073,60805,372538,insects,kg/m2,POP,
2759,33208,6656,6960,50557,7088,98966,199019,199020,insects,kg/m2,POP,
2759,4751,4890,147538,147550,5125,110618,5506,42665,fungi,mg/l,POP,
2759,33208,6231,,119089,6236,6301,34509,157846,worms,kg/m2,POP,
2759,33208,6656,6960,50557,7399,7408,67751,2598068,insects,mg/l,MOR,
2759,33208,6656,6960,50557,7399,32417,32420,1009677,insects,kg/m2,MOR,
2759,33208,6656,6960,50557,7041,27439,216194,937812,insects,kg/m2,POP,
2759,33208,6656,6960,50557,7041,27439,133116,133117,insects,kg/m2,POP,
2759,33208,6656,6960,50557,7524,186376,236420,236421,insects,kg/m2,POP,
2759,33208,6656,6960,50557,7088,319783,656906,1372994,insects,ppm,MOR,
2759,33208,6656,6960,50557,7041,122754,197178,197179,insects,kg/m2,POP,
2759,33208,6656,6960,50557,7088,268499,687091,753182,insects,kg/m2,POP,
2759,33208,6656,6960,50557,7088,7100,254366,254367,insects,kg/m2,MOR,
2759,33208,6656,6960,50557,7041,7080,420087,420089,insects,mg/l,MOR,
2759,33208,6656,6960,50557,7524,160513,336656,336657,insects,kg/m2,POP,
2759,33208,6656,6960,50557,30262,45053,864848,864849,insects,kg/m2,POP,
2759,33208,6656,6960,50557,7041,7080,420098,2083708,insects,mg/l,MOR,
2759,33090,35493,131221,3398,41945,4345,13749,13750,plants,kg/m2,POP,
2759,4751,1913637,214504,214506,36750,36751,1117308,1117310,fungi,mg/l,POP,
2759,33208,6656,6960,50557,7041,27439,294674,2045228,insects,kg/m2,POP,
2759,33208,6231,,119088,27838,27840,13657,13658,worms,ppm,MOR,
2759,33208,6656,6960,50557,7088,32434,1280450,2741915,insects,kg/m2,MOR,
2759,33208,6656,6960,50557,7041,7055,383510,383520,insects,kg/m2,POP,
2759,33208,6656,6960,50557,7088,268499,168630,236792,insects,kg/m2,POP,
2759,33208,6656,6843,6854,83136,32262,50018,1282894,insects,mg/l,MOR,
2759,33208,6656,6960,50557,7147,33406,263139,263140,insects,kg/m2,POP,
2759,33208,6656,6960,50557,7088,106496,106500,348703,insects,kg/m2,POP,
2759,33208,6656,6960,50557,7088,82593,104451,104452,insects,mg/kg bw,MOR,
2759,33208,6656,6960,50557,7399,7423,7428,51937,insects,kg/m2,MOR,
2759,33208,6656,6960,50557,7399,108385,32397,32398,insects,mg/l,MOR,
2759,33208,6656,6960,50557,7399,7489,7490,53598,insects,mg/l,MOR,
2759,33208,6656,6960,50557,7399,108385,32399,121811,insects,mg/l,MOR,
2759,33208,6656,6960,50557,7524,30083,567598,1032904,insects,kg/m2,POP,
2759,4751,4890,147538,147550,5125,474942,42367,270392,fungi,mg/l,POP,
2759,33208,6656,6960,50557,7147,27474,1888031,1888032,insects,mg/org,MOR,
2759,33208,6656,6960,50557,7399,7402,64864,64865,insects,mg/l,MOR,
2759,4751,4890,147538,147548,5120,34371,5121,212602,fungi,mg/l,POP,
2759,33208,6656,6960,50557,7147,127399,286470,414273,insects,kg/m2,POP,
2759,33208,6656,6960,50557,7088,268499,481308,481309,insects,kg/m2,POP,
2759,4751,4890,147538,147545,33183,299071,38946,121759,fungi,mg/l,POP,
2759,33208,6656,6960,50557,7041,27439,79506,111238,insects,kg/m2,POP,
2759,33208,6340,,42113,2803884,6392,27388,408844,worms,mg/kg soil,MOR,
2759,33208,6656,6960,50557,7399,7402,58719,574208,insects,mg/l,MOR,
2759,33208,6656,6843,6854,83136,32262,50022,50023,insects,mg/l,MOR,
2759,33208,6656,6843,6854,34634,34636,84383,2083218,insects,mg/l,MOR,
2759,33208,7711,89593,40674,38608,9277,9300,9301,other mammals,mg/kg,MOR,
2759,33208,7711,89593,8782,8936,57386,57420,325341,birds,mg/kg,MOR,
2759,,4762,,,4776,4777,4783,4796,unmapped,mg/l,POP,
2759,33208,7711,89593,8782,9126,37611,59728,59729,birds,mg/kg,MOR,
2759,33208,7711,89593,8782,9126,400782,182948,92121,birds,mg/kg,MOR,
2759,33208,7711,89593,8782,9126,400782,182948,92122,birds,mg/kg,MOR,
2759,33208,7711,89593,8782,9126,1607688,9181,9182,birds,mg/kg,MOR,
2759,33208,7711,89593,8782,9126,9153,156566,156567,birds,mg/kg,MOR,
2759,33208,7711,89593,8782,9126,9133,36254,37598,birds,mg/kg,MOR,
2759,33208,7711,89593,8782,9126,9183,36283,37610,birds,mg/kg,MOR,
2759,33208,7711,89593,8782,9126,2927774,13244,68468,birds,mg/kg,MOR,
2759,33208,6656,6960,50557,85823,3046527,37812,152182,insects,%,MOR,
2759,33208,6231,,119089,6236,29166,70201,290746,worms,mg/l,MOR,
2759,33090,35493,131221,58019,1446380,3318,3328,162306,plants,kg/m2,GRO,
2759,33090,35493,131221,241806,3268,3275,61309,187371,plants,mg/l,POP,
2759,4751,4890,147538,147550,5125,474943,5581,118266,fungi,mg/l,POP,
2759,33208,6231,,119089,6236,2301471,37861,52065,worms,kg/m2,MOR,
2759,33208,6656,6960,50557,7088,695564,95218,95219,insects,kg/m2,POP,
2759,33208,6656,6960,50557,7088,7139,96880,96881,insects,kg/m2,MOR,
2759,33208,7711,89593,8782,9126,1729112,40206,40211,birds,mg/kg,MOR,
2759,33208,6656,6960,50557,7041,7042,122821,2051964,insects,kg/m2,MOR,
2759,33208,6656,6960,50557,7088,98966,173584,233165,insects,kg/m2,POP,
2759,33208,6656,6960,50557,7147,33406,650424,650427,insects,kg/m2,POP,
2759,33208,6656,6960,50557,7524,27482,34665,34666,insects,kg/m2,POP,
2759,33208,6231,,119089,6236,211154,288494,410329,worms,kg/m2,POP,
2759,33090,35493,131221,58019,1446380,3318,3328,3334,plants,kg/m2,GRO,
2759,,5794,,1280412,75739,35082,5806,5807,protozoans,mg/l,POP,
2759,,4762,,,121069,4782,4797,82934,unmapped,mg/l,POP,
2759,33208,7711,89593,8504,8509,2024743,8518,8519,reptiles,mg/kg,MOR,
2759,,33682,,5653,2704949,5654,5658,5671,protozoans,mg/l,POP,
2759,4751,4890,147538,147550,5125,110618,5506,117187,fungi,mg/l,POP,
2759,33208,6656,6960,50557,7147,7157,7164,59161,insects,mg/l,MOR,
2759,33208,6656,6960,50557,7147,7214,7215,7240,insects,mg/l,MOR,
2759,33208,6656,6960,50557,7147,7214,7215,7238,insects,mg/l,MOR,
2759,33208,6656,6960,50557,7147,7214,7215,7226,insects,mg/l,MOR,
2759,33208,6656,6960,50557,7088,7100,244289,244290,insects,kg/m2,MOR,
2759,33208,7711,89593,8504,8509,2024747,28376,28377,reptiles,mg/kg,MOR,
2759,33208,7711,89593,40674,9989,10010,13544,27682,rodents,mg/kg,MOR,
2759,33208,6656,6960,50557,7041,7042,49926,49927,insects,kg/m2,MOR,
2759,33208,7711,89593,40674,9989,10010,10011,35660,rodents,mg/kg,MOR,
2,1783272,1117,,3028117,1161,1162,56106,184932,cyanobacteria,mg/l,POP,96.0
2759,33208,7711,89593,8782,9126,400782,1610823,1610824,birds,mg/kg,MOR,
2759,4751,1913638,1264859,1399769,1264873,150349,150350,1573175,fungi,kg/m2,POP,
2759,4751,4890,147538,147541,92860,28556,5598,119953,fungi,kg/m2,POP,
2759,4751,4890,147538,147541,92860,221678,125369,565426,fungi,kg/m2,POP,
2759,33208,6656,6960,50557,7399,7402,32390,217443,insects,mg/l,MOR,
2759,33208,7711,89593,,1294634,1294636,8497,190476,reptiles,mg/kg,MOR,
2759,33090,35493,131221,3398,38820,4609,46324,110284,plants,kg/m2,POP,
2759,33208,7711,89593,40674,9989,55153,64675,64681,rodents,mg/kg,MOR,
2759,33208,6656,6960,50557,7516,7520,7521,76823,insects,mg/l,MOR,
2759,4751,4890,147538,147548,5178,28983,38447,38448,fungi,mg/l,POP,
2759,33208,6656,6960,50557,7147,7157,7164,7165,insects,mg/l,MOR,
2759,33208,6656,6960,50557,7088,7100,103830,103831,insects,kg/m2,MOR,
2759,33208,6656,6843,6854,83137,83156,36935,36936,insects,mg/l,MOR,
2759,33208,6656,6960,50557,7399,107755,108641,108729,insects,mg/l,MOR,
2759,33208,7711,89593,8292,8342,8397,121164,45623,amphibians,mg/l,MOR,
2759,4751,4890,147538,147541,92860,28556,5502,5503,fungi,kg/m2,POP,
2759,4751,4890,147538,147550,5125,1667166,1859940,1859971,fungi,ppm,POP,
2759,4751,4890,147538,147545,5042,1131492,5073,70792,fungi,mg/l,POP,
2759,4751,4890,147538,147550,5125,1667166,74721,74722,fungi,ppm,POP,
2759,4751,4890,147538,147541,92860,28556,5502,145392,fungi,kg/m2,POP,
2759,4751,4890,147538,147545,5042,1131492,5052,40382,fungi,mg/l,POP,
2759,4751,4890,147538,147550,1028384,681950,5455,5465,fungi,kg/m2,POP,
2759,33208,6656,6960,30001,730330,36141,1617845,2994027,insects,mg/kg soil,MOR,
2759,33208,6656,6960,30001,730330,36141,1184818,2041945,insects,mg/kg soil,MOR,
2759,4751,1913637,451507,2212703,4827,34489,4830,4841,fungi,mg/l,POP,
2759,4751,4890,147538,147545,5042,1131492,5073,5082,fungi,mg/l,POP,
2759,4751,4890,147538,147545,5042,1131492,5073,5074,fungi,mg/l,POP,
2759,4751,4890,147538,147545,5042,1131492,5073,29845,fungi,mg/l,POP,
2759,33208,6656,6960,50557,7041,7042,77156,77170,insects,kg/m2,MOR,
2759,4751,4890,147538,147545,5042,1131492,5073,36651,fungi,mg/l,POP,
2759,4751,4890,147538,147541,92860,683158,104397,105696,fungi,kg/m2,POP,
2759,4751,4890,147538,147548,5178,2316155,76658,76659,fungi,mg/l,POP,
2759,4751,4890,147538,147541,451869,45131,66739,45133,fungi,kg/m2,POP,
2759,33208,6656,6960,50557,7041,7042,105119,124027,insects,kg/m2,MOR,
2759,33208,6656,6960,50557,7041,92690,295661,295662,insects,mg/l,MOR,
2759,4751,4890,147538,147550,5125,110618,5506,61235,fungi,mg/l,POP,
2759,33208,6656,6960,50557,7399,36668,55077,307658,insects,kg/m2,POP,
2759,33208,6656,6960,50557,7399,36668,58224,262035,insects,kg/m2,POP,
2759,4751,1913637,451507,2212703,4827,1344955,4842,64495,fungi,ppm,POP,
2759,33208,6656,6960,50557,7041,110015,251758,251759,insects,mg/kg bw,MOR,
2759,33208,6656,6960,50557,7147,7157,190765,7162,insects,mg/l,MOR,
2759,33208,7711,89593,40674,33554,9681,9682,9683,other mammals,mg/kg,MOR,
2759,,33682,,5653,2704949,5654,5690,5691,protozoans,mg/l,POP,
2759,33090,35493,131221,3398,3524,1804623,46108,126914,plants,kg/m2,POP,
2759,,33682,,5653,2704949,5654,5658,5661,protozoans,mg/l,POP,
2759,33208,6231,,119089,6236,6296,6278,6279,worms,mg/l,POP,
2759,33208,6231,,119089,6236,6315,6288,6289,worms,mg/l,POP,
2759,33090,35493,131221,3398,38820,4479,4539,206014,plants,kg/m2,POP,
2759,33090,35493,131221,3398,38820,4479,66011,110876,plants,kg/m2,POP,
2759,33090,35493,131221,3398,38820,4479,38413,38414,plants,kg/m2,POP,
2759,33208,6656,6960,50557,7041,116151,225191,913120,insects,kg/m2,POP,
2759,33208,6656,6960,50557,7041,27439,50385,50389,insects,kg/m2,POP,
2759,33208,6656,6960,50557,7041,7042,36756,36758,insects,kg/m2,MOR,
2759,33208,7711,89593,40674,9989,337677,44233,44234,rodents,mg/kg,MOR,
2759,33208,7711,89593,40674,9989,55153,1141640,43179,rodents,mg/kg,MOR,
2759,4751,4890,147538,147550,5125,110618,5506,298378,fungi,mg/l,POP,
2759,,4762,,,4776,4777,4783,4784,unmapped,mg/l,POP,
2759,4751,4890,147538,147550,5125,110618,5506,5515,fungi,mg/l,POP,
2759,4751,4890,147538,147548,5178,28983,5179,38451,fungi,mg/l,POP,
2759,33090,35493,131221,3398,38820,4479,45618,90396,plants,kg/m2,POP,
2759,33208,6656,6960,50557,7399,7489,7490,214012,insects,mg/l,MOR,
2759,4751,4890,147538,147541,2726947,93133,39702,215477,fungi,kg/m2,POP,
2759,33208,6656,6960,50557,7399,7402,55901,55902,insects,mg/l,MOR,
2759,33090,35493,131221,3398,72025,3803,3877,3880,plants,kg/m2,POP,
2759,33208,6656,6960,50557,7041,7042,7043,201758,insects,kg/m2,MOR,
2759,33090,35493,131221,3398,38820,4479,4605,200279,plants,kg/m2,POP,
2759,33208,7711,89593,8782,9126,9158,9159,9160,birds,mg/kg,MOR,
2759,33208,6656,6960,50557,7041,29026,41148,346861,insects,%,MOR,
2759,33208,6656,6960,50557,7147,34680,286458,286459,insects,kg/m2,POP,
2759,33208,6656,6960,50557,7041,41073,60800,346744,insects,kg/m2,POP,
2759,33208,6656,6960,50557,7041,41073,347333,347334,insects,kg/m2,POP,
2759,33208,6231,,119089,6236,211168,211170,313715,worms,kg/m2,POP,
2759,33090,35493,131221,3398,4739,16367,16372,44964,plants,mg/l,GRO,
2759,33090,35493,131221,3398,91812,42228,4464,55184,plants,mg/l,GRO,
2759,33208,6656,6960,50557,7041,7042,41162,122849,insects,kg/m2,MOR,
2759,33208,6656,6960,50557,7041,27439,50385,133124,insects,kg/m2,POP,
2759,33208,6656,6960,50557,7041,7055,71817,1310277,insects,kg/m2,POP,
2759,33208,6656,6960,50557,7041,7080,64693,64696,insects,mg/l,MOR,
2759,33208,6656,6960,50557,7041,7080,484824,633097,insects,mg/l,MOR,
2759,33208,6656,6960,50557,7524,160513,29024,29025,insects,kg/m2,POP,
2759,33208,6656,6960,50557,7041,7042,114902,122851,insects,kg/m2,MOR,
2759,4751,4890,147538,147550,5139,5148,5140,5141,fungi,mg/l,POP,
2759,33208,6656,6960,50557,7041,7080,115356,511894,insects,mg/l,MOR,
2759,33208,6656,6960,50557,7088,7139,354121,989809,insects,kg/m2,MOR,
2759,33208,7711,89593,8782,9126,28725,28726,28727,birds,mg/kg,MOR,
2759,33208,7711,89593,8782,9126,1729112,40200,161625,birds,mg/kg,MOR,
2759,33208,7711,89593,8782,9219,9220,1517830,118200,birds,mg/kg,MOR,
2759,33208,7711,89593,8782,9219,9220,51358,51359,birds,mg/kg,MOR,
2759,33208,7711,89593,8782,9126,28728,190695,238987,birds,mg/kg,MOR,
2759,33208,7711,89593,8782,8940,33599,33602,33603,birds,mg/kg,MOR,
2759,33208,7711,89593,8782,9126,9153,88113,88114,birds,mg/kg,MOR,
2759,33208,7711,89593,8782,9126,9153,142475,48891,birds,mg/kg,MOR,
2759,33208,7711,89593,8782,9126,66704,66705,66707,birds,mg/kg,MOR,
2759,33208,7711,89593,8782,9126,28728,183520,183524,birds,mg/kg,MOR,
2759,33208,7711,89593,8782,9126,400782,182931,182932,birds,mg/kg,MOR,
2759,33208,7711,89593,8782,9126,400782,182948,182907,birds,mg/kg,MOR,
2759,33208,7711,89593,8782,9126,2969676,84842,84843,birds,mg/kg,MOR,
2759,33208,7711,89593,8782,9126,400782,182945,182946,birds,mg/kg,MOR,
2759,33208,7711,89593,8782,9219,9220,36302,51356,birds,mg/kg,MOR,
2759,33208,7711,89593,8782,9126,9183,172419,172420,birds,mg/kg,MOR,
2759,33208,7711,89593,8782,9126,28728,28729,209628,birds,mg/kg,MOR,
2759,33208,6656,6960,50557,7524,30083,30084,248460,insects,kg/m2,POP,
2759,33208,6656,6960,50557,85823,46569,377716,377887,insects,kg/m2,POP,
2759,33208,6656,6960,50557,7041,7055,219349,489800,insects,kg/m2,POP,
2759,33208,6656,6960,50557,7088,7100,214144,1485811,insects,kg/m2,MOR,
2759,33208,6656,6960,50557,7041,27439,131581,2486037,insects,kg/m2,POP,
2759,33208,6656,6960,50557,7041,7055,360073,1254970,insects,kg/m2,POP,
2759,33208,6656,6960,50557,7399,27532,1129769,2962982,insects,kg/m2,POP,
2759,33208,6656,6960,50557,7088,93884,93885,93886,insects,mg/l,MOR,
2759,33208,6656,6960,50557,7041,27439,27440,27441,insects,kg/m2,POP,
2759,33208,6656,6960,50557,7088,695564,39465,39466,insects,kg/m2,POP,
2759,33208,6656,6960,50557,7088,7135,687068,935715,insects,kg/m2,MOR,
2759,33208,6656,6960,50557,7088,7135,660290,943736,insects,kg/m2,MOR,
2759,33208,6656,6960,50557,7041,7055,190493,190499,insects,kg/m2,POP,
2759,33208,6656,6960,50557,7041,41073,60805,1206023,insects,kg/m2,POP,
2759,33090,35493,131221,113508,13802,13803,13804,128215,plants,mg/l,GRO,
2759,33208,6656,6960,50557,7399,95274,222797,455475,insects,kg/m2,MOR,
2759,33208,6656,6960,50557,7088,106496,301030,348699,insects,kg/m2,POP,
2759,33208,7711,89593,8504,8509,8522,42163,74081,reptiles,mg/kg,MOR,
2759,33208,7711,89593,8504,8509,8522,42163,159718,reptiles,mg/kg,MOR,
2759,4751,4890,147538,147541,92860,683158,749461,749465,fungi,kg/m2,POP,
2759,4751,4890,147538,147550,1028384,681950,5455,290576,fungi,kg/m2,POP,
2759,4751,4890,147538,147541,2726947,93133,131324,687962,fungi,kg/m2,POP,
2759,33090,35493,131221,3398,38820,4479,15297,204232,plants,kg/m2,POP,
2759,33090,35493,131221,3398,41768,3465,3468,33128,plants,kg/m2,GRO,
2759,33090,35493,131221,3398,3524,3615,3618,174649,plants,kg/m2,POP,
2759,33090,35493,131221,3398,4209,4210,49743,50225,plants,kg/m2,POP,
2759,33090,35493,131221,3398,4209,4210,41549,41550,plants,kg/m2,POP,
2759,33090,35493,131221,3398,4069,4070,4107,45834,plants,kg/m2,GRO,
2759,33090,35493,131221,3398,4209,4210,56016,98504,plants,kg/m2,POP,
2759,33090,35493,131221,3398,41944,3934,13054,210355,plants,kg/m2,POP,
2759,33090,35493,131221,3398,38820,4479,15324,29661,plants,kg/m2,POP,
2759,33090,35493,131221,3398,4143,156152,4173,160511,plants,kg/m2,POP,
2759,33090,35493,131221,3398,3646,3977,3990,38846,plants,kg/m2,POP,
2759,33090,35493,131221,3398,3524,3568,3573,39879,plants,kg/m2,POP,
2759,33090,35493,131221,3398,3744,3745,3761,57919,plants,kg/m2,POP,
2759,33090,35493,131221,3398,4199,4200,40573,183561,plants,kg/m2,POP,
2759,33208,7711,89593,8292,8293,8314,339868,323757,amphibians,mg/l,MOR,
2759,33208,6656,6960,50557,7088,7135,305659,500706,insects,kg/m2,MOR,
2759,33208,6656,6960,50557,7399,162252,2086437,273961,insects,mg/l,MOR,
2759,33208,6656,6960,50557,7399,108385,77301,272444,insects,mg/l,MOR,
2759,33208,6656,6960,50557,7041,30009,292457,346689,insects,kg/m2,POP,
2759,33208,6656,6960,50557,7041,196984,57999,58000,insects,mg/kg,MOR,
2759,33208,6656,6960,30001,730330,36141,57735,187635,insects,mg/kg soil,MOR,
2759,33208,6656,6960,30001,730330,36141,36142,36144,insects,mg/kg soil,MOR,
2759,33208,6656,6843,6854,6893,81835,933019,1485669,insects,kg/m2,POP,
2759,33208,6656,6843,6854,6893,81835,1107849,1698934,insects,kg/m2,POP,
2759,33208,6656,6843,6854,6893,81835,447591,662951,insects,kg/m2,POP,
2759,33208,6656,6843,6854,6893,81835,2567208,2567209,insects,kg/m2,POP,
2759,33208,6656,6843,6854,6893,81835,247614,247619,insects,kg/m2,POP,
2759,33208,6656,6843,6854,6893,81835,662954,662955,insects,kg/m2,POP,
2759,33208,6656,6843,6854,6893,81835,81838,81839,insects,kg/m2,POP,
2759,33208,6656,6843,6854,6893,81835,1107760,1107762,insects,kg/m2,POP,
2759,33208,6656,6843,6854,6893,81835,685671,2747023,insects,kg/m2,POP,
2759,33208,6656,6843,6854,6893,74973,74991,330967,insects,mg/l,MOR,
2759,33208,6656,6843,6854,6893,74973,74980,74985,insects,mg/l,MOR,
2759,33208,6656,6843,6854,6893,27394,473175,473176,insects,ppm,MOR,
2759,33208,6656,6960,30001,79705,79710,438491,1113191,insects,kg/m2,POP,
2759,33208,6656,6960,30001,730330,36141,57735,247611,insects,mg/kg soil,MOR,
2759,33208,6656,6843,6854,6893,74973,74980,74988,insects,mg/l,MOR,
2759,33090,35493,131221,3398,72025,3803,58859,58860,plants,kg/m2,POP,
2759,33090,35493,131221,3398,72025,3803,468162,138046,plants,kg/m2,POP,
2759,33090,35493,131221,3398,72025,3803,468162,138033,plants,kg/m2,POP,
2759,33208,6656,6960,50557,7041,27439,64392,64408,insects,kg/m2,POP,
2759,33208,6656,6960,50557,7041,27439,64392,64393,insects,kg/m2,POP,
2759,33208,6656,6960,50557,7041,27439,64392,64402,insects,kg/m2,POP,
2759,33208,7711,89593,8504,8509,8522,71686,71739,reptiles,mg/kg,MOR,
2759,33208,7711,89593,8504,8509,8522,71733,122289,reptiles,mg/kg,MOR,
2759,33208,6656,6960,50557,7041,7042,141174,479299,insects,kg/m2,MOR,
2759,33208,6656,6960,50557,7399,75200,75202,1463671,insects,kg/m2,POP,
2759,33208,6656,6960,50557,7399,7402,322212,468285,insects,mg/l,MOR,
2759,33208,6656,6960,50557,7399,7423,1118641,1118642,insects,kg/m2,MOR,
2759,33208,6656,6960,50557,7399,7423,2303483,2867667,insects,kg/m2,MOR,
2759,33208,6656,6960,50557,7399,7402,144323,1585985,insects,mg/l,MOR,
2759,33208,6656,6960,50557,7399,7402,37852,545764,insects,mg/l,MOR,
2759,33208,6231,,119089,6236,6301,34509,97005,worms,kg/m2,POP,
2759,33208,6656,6960,50557,7524,27482,542819,542820,insects,kg/m2,POP,
2759,33208,6656,6960,50557,7399,29051,29052,29053,insects,kg/m2,MOR,
2759,4751,4890,147538,147541,2726946,452563,5498,93488,fungi,mg/l,POP,
2759,33208,6656,6960,50557,7524,27482,80764,307491,insects,kg/m2,POP,
2759,33208,6656,6960,50557,7088,571299,753481,1178041,insects,kg/m2,MOR,
2759,4751,5204,29000,162484,5258,5262,5296,331382,fungi,kg/m2,POP,
2759,33090,35493,131221,3398,38820,4479,158091,158093,plants,kg/m2,POP,
2759,33208,6656,6960,50557,7399,36668,29038,219810,insects,kg/m2,POP,
2759,33208,6656,6960,50557,7147,7157,7164,7167,insects,mg/l,MOR,
2759,33208,6656,6960,50557,7041,7080,524581,559131,insects,mg/l,MOR,
2759,33208,6231,,119088,46000,46001,46002,208518,worms,kg/m2,POP,
2759,33208,6656,6960,50557,7088,7100,214144,320027,insects,kg/m2,MOR,
2759,33208,6656,6960,50557,7088,7100,103830,271217,insects,kg/m2,MOR,
2759,33208,6656,6843,6854,83137,41442,221163,2527844,insects,kg/m2,MOR,
2759,33090,35493,131221,3398,38820,4479,15679,29687,plants,kg/m2,POP,
2759,33090,35493,131221,3398,4209,4210,4246,436207,plants,kg/m2,POP,
2759,33090,35493,131221,3398,3646,24921,13757,502511,plants,kg/m2,POP,
2759,33208,6656,6960,50557,7524,36998,191327,191328,insects,kg/m2,MOR,
2759,4751,4890,147538,147547,5197,56478,56479,258253,fungi,mg/l,POP,
2759,33090,35493,131221,3214,13798,65549,69532,94541,plants,mg/l,POP,
2759,33208,6656,6960,50557,7399,7402,37852,77486,insects,mg/l,MOR,
2759,33208,6656,6960,50557,6993,208677,2126137,2126138,insects,kg/m2,MOR,
2759,,2605435,,142796,2058949,2058185,5782,44689,protozoans,mg/l,POP,
2759,33208,7711,89593,8782,9126,37611,40156,357702,birds,mg/kg,MOR,
2759,33208,7711,89593,8782,9126,37611,40156,414892,birds,mg/kg,MOR,
2759,33208,7711,89593,8782,9126,37611,40156,414888,birds,mg/kg,MOR,
2759,33090,35493,131221,58019,1446379,3367,13100,114266,plants,kg/m2,MOR,
2759,33090,35493,131221,3398,3744,3745,23136,140993,plants,kg/m2,POP,
2759,33090,35493,131221,3398,3744,3745,23136,32216,plants,kg/m2,POP,
2759,33090,35493,131221,3398,3502,3503,3511,167420,plants,kg/m2,POP,
2759,33090,35493,131221,3398,38820,4479,48731,110875,plants,kg/m2,POP,
2759,33208,6656,6960,50557,7088,7139,293340,293341,insects,kg/m2,MOR,
2759,33208,6656,6960,50557,7399,27532,362141,1384891,insects,kg/m2,POP,
2759,33208,6656,6960,50557,7088,7139,581527,2680986,insects,kg/m2,MOR,
2759,33208,6656,6960,50557,7147,7214,7215,30033,insects,mg/l,MOR,
2759,4751,4890,147538,147550,5125,474942,1052105,33203,fungi,mg/l,POP,
2759,4751,4890,147538,147550,1028384,1033978,40657,40658,fungi,mg/l,POP,
2759,33208,6656,6960,50557,30262,45053,764593,764594,insects,kg/m2,POP,
2759,33208,6656,6960,50557,7524,27482,693966,693967,insects,kg/m2,POP,
2759,33090,35493,131221,3398,403667,3602,3603,29760,plants,kg/m2,POP,
2759,4751,4890,147538,147545,5042,1131492,5073,60167,fungi,mg/l,POP,
2759,33208,6231,,119089,6236,45926,46009,362338,worms,kg/m2,POP,
2759,4751,4890,147538,147550,5151,5152,96312,100367,fungi,ppm,POP,
2759,33090,35493,131221,3398,41945,4345,13384,13385,plants,kg/m2,POP,
2759,33090,35493,131221,3398,3699,3700,290573,107243,plants,kg/m2,GRO,
2759,33208,42241,,42242,149990,2759064,245087,245088,unmapped,%,MOR,
2759,33208,7711,89593,40674,38605,9265,13615,13616,other mammals,mg/kg,MOR,
2759,33208,7711,89593,8504,8509,8689,103943,88087,reptiles,mg/kg,MOR,
2759,33208,7711,89593,40674,9392,9393,9394,37347,other mammals,mg/kg,MOR,
2759,33090,35493,131221,3214,13798,28466,53006,53007,plants,mg/l,GRO,
2759,33208,6656,6960,50557,7399,7408,288157,288158,insects,mg/l,MOR,
2759,4751,4890,147538,147545,5042,1131492,5073,69488,fungi,mg/l,POP,
2759,4751,4890,147538,147541,2726946,452563,5498,29918,fungi,mg/l,POP,
2759,4751,1913637,451507,2212703,4827,34489,4830,1302847,fungi,mg/l,POP,
2759,4751,1913637,451507,2212703,4827,4851,4828,213030,fungi,ppm,POP,
2759,33090,35493,131221,3398,3524,3563,3564,107608,plants,kg/m2,POP,
2759,33090,35493,131221,3398,38820,4479,391960,29672,plants,kg/m2,POP,
2759,33208,6656,6960,50557,7399,36668,121514,369240,insects,kg/m2,POP,
2759,4751,4890,147538,147550,5125,34397,5110,40602,fungi,ppm,POP,
2759,4751,4890,147538,147541,2726947,93133,39702,215473,fungi,kg/m2,POP,
2759,33208,6656,6843,6854,6935,6939,34630,6941,insects,%,MOR,
2759,33090,35493,131221,3398,41945,4345,45894,45901,plants,kg/m2,POP,
2759,33090,35493,131221,3398,41944,3931,3932,34317,plants,kg/m2,GRO,
2759,33208,6656,6960,50557,7088,397428,572879,627135,insects,%,POP,
2759,33090,35493,131221,3398,3524,3615,137672,137673,plants,kg/m2,POP,
2759,33208,7711,89593,40674,33554,9655,9665,9668,other mammals,mg/kg,MOR,
2759,33090,35493,131221,3398,3502,3503,3511,58333,plants,kg/m2,POP,
2759,33208,6447,,6448,6527,6540,6542,145126,mollusks,%,GRO,
2759,4751,4890,147538,147545,5042,1131492,5052,162425,fungi,mg/l,POP,
2759,4751,4890,147538,147550,5139,35718,290625,2567926,fungi,mg/l,POP,
2759,4751,4890,147538,147545,5042,1131492,5052,41984,fungi,mg/l,POP,
2759,33090,35493,131221,3398,3699,3700,3291025,2982281,plants,kg/m2,GRO,
2759,33090,35493,131221,3398,41768,3465,200992,200993,plants,kg/m2,GRO,
2759,33090,35493,131221,3398,72025,3803,3833,3835,plants,kg/m2,POP,
2759,33090,35493,131221,58019,1446379,25623,25628,25629,plants,kg/m2,GRO,
2759,33090,35493,131221,3398,72025,3803,48134,134032,plants,kg/m2,POP,
2759,33090,35493,131221,3398,4143,156152,4173,138560,plants,kg/m2,POP,
2759,33090,35493,131221,3398,4055,24966,25168,29788,plants,kg/m2,POP,
2759,33090,35493,131221,3398,4143,4136,41225,475396,plants,kg/m2,POP,
2759,33090,35493,131221,3398,4143,4136,41225,2006516,plants,kg/m2,POP,
2759,4751,4890,147538,147550,5125,34397,243023,280754,fungi,ppm,POP,
2759,33208,6656,6960,50557,7399,108385,77301,77302,insects,mg/l,MOR,
2759,33208,6656,6960,50557,30262,45053,1675518,1675519,insects,kg/m2,POP,
2759,33208,6656,6960,50557,7399,7489,7490,53591,insects,mg/l,MOR,
2759,33208,6656,6960,50557,7524,27482,527789,527790,insects,kg/m2,POP,
2759,33208,6656,6960,50557,7088,268499,40084,40085,insects,kg/m2,POP,
2759,33208,6656,6960,50557,7147,7381,7384,7386,insects,mg/kg bw,MOR,
2759,33208,6656,6960,30001,730330,48704,187694,187695,insects,mg/kg soil,MOR,
2759,33090,35493,131221,3398,4209,4210,41574,72917,plants,kg/m2,POP,
2759,33090,35493,131221,3398,3524,3563,3564,158579,plants,kg/m2,POP,
2759,33090,35493,131221,3398,4209,4210,114188,1447767,plants,kg/m2,POP,
2759,33090,35493,131221,3398,3524,1804623,83153,83154,plants,kg/m2,POP,
2759,33090,35493,131221,3398,41938,3629,47605,183268,plants,kg/m2,POP,
2759,33208,6656,6960,50557,7147,7392,7393,7394,insects,mg/l,MOR,
2759,33090,35493,131221,3398,3646,3688,40685,77065,plants,kg/m2,GRO,
2759,33208,6656,6960,50557,7147,7157,46207,332059,insects,mg/l,MOR,
2759,33208,6656,6960,50557,7041,7065,1272851,2053791,insects,mg/l,MOR,
2759,33208,6656,6960,50557,7088,7139,65024,65032,insects,kg/m2,MOR,
2759,33208,7711,89593,8782,9126,66704,36277,58211,birds,mg/kg,MOR,
2759,33208,6656,6960,50557,7524,30092,121844,121845,insects,mg/l,POP,
2759,33208,7711,89593,40674,38609,9335,9336,9337,other mammals,mg/kg,MOR,
2759,33208,6656,6960,50557,7088,695564,33413,33414,insects,kg/m2,POP,
2759,33208,6656,6843,6854,34634,99235,99236,99237,insects,kg/m2,MOR,
2759,33208,6231,,119088,46000,46001,46002,191820,worms,kg/m2,POP,
2759,33208,6656,6960,50557,7041,41094,219452,295669,insects,mg/l,MOR,
2759,33208,6656,6960,50557,7524,27482,44662,44664,insects,kg/m2,POP,
2759,33208,6656,6843,6854,83136,32262,32263,50029,insects,mg/l,MOR,
2759,33208,6656,6960,50557,7524,27482,80764,191316,insects,kg/m2,POP,
2759,33208,6656,6960,50557,7524,236375,1980620,2867716,insects,ppm,MOR,
2759,33208,6656,6960,50557,6993,7002,30252,103640,insects,mg/org,MOR,
2759,33208,6656,6960,50557,7088,7100,95261,1485854,insects,kg/m2,MOR,
2759,33208,6656,6960,50557,7041,27439,3120374,3120375,insects,kg/m2,POP,
2759,33208,6656,6960,50557,7041,27439,79504,131627,insects,kg/m2,POP,
2759,33208,6656,6960,50557,7041,7042,7043,201759,insects,kg/m2,MOR,
2759,33208,6656,6960,50557,7399,7402,51534,92986,insects,mg/l,MOR,
2759,33090,35493,131221,3398,41945,3737,3740,3741,plants,kg/m2,POP,
2759,33208,6656,6960,50557,7041,27439,50385,107213,insects,kg/m2,POP,
2759,33208,6656,6960,50557,7041,116151,225191,913121,insects,kg/m2,POP,
2759,33208,6656,6960,50557,7088,7128,7129,335999,insects,kg/m2,POP,
2759,33208,6656,6960,50557,7041,7042,2340105,2340106,insects,kg/m2,MOR,
2759,33208,6656,6960,50557,7088,268499,582051,1889816,insects,kg/m2,POP,
2759,33090,35493,131221,3398,4143,4136,21880,49207,plants,kg/m2,POP,
2759,33090,35493,131221,3398,4143,4136,21880,1933761,plants,kg/m2,POP,
2759,33090,35493,131221,3398,4143,4136,21880,1933716,plants,kg/m2,POP,
2759,33090,35493,131221,3398,4143,4136,21880,1933717,plants,kg/m2,POP,
2759,33090,35493,131221,3398,41944,3928,122809,122810,plants,kg/m2,GRO,
2759,33090,35493,131221,3398,3524,1804623,151229,454511,plants,kg/m2,POP,
2759,33208,6656,6960,50557,7041,7042,122862,412987,insects,kg/m2,MOR,
2759,33208,6656,6960,50557,7041,7042,1101376,1220391,insects,kg/m2,MOR,
2759,33208,6656,6960,50557,7041,7080,7083,7084,insects,mg/l,MOR,
2759,33208,6656,6960,50557,7041,7080,41138,1553216,insects,mg/l,MOR,
2759,33208,6656,6960,50557,7041,7080,41138,1790162,insects,mg/l,MOR,
2759,33208,6656,6960,50557,7041,7080,64693,1720693,insects,mg/l,MOR,
2759,33208,6656,6960,50557,7041,7080,64693,1514968,insects,mg/l,MOR,
2759,33208,6656,6960,50557,7041,7080,64693,1005992,insects,mg/l,MOR,
2759,33208,6656,6960,50557,7399,107755,108673,2931480,insects,mg/l,MOR,
2759,33208,6656,6960,50557,7524,30102,886866,925781,insects,kg/m2,POP,
2759,33208,6447,,6448,6527,6533,212652,212653,mollusks,mg/l,MOR,
2759,33208,6656,6960,50557,7399,7423,162945,162946,insects,kg/m2,MOR,
2759,33208,6656,6960,50557,7088,7139,7140,27541,insects,kg/m2,MOR,
2759,33208,6656,6960,50557,7088,7100,47766,1488712,insects,kg/m2,MOR,
2759,33208,6656,6960,50557,7147,127399,127403,127406,insects,kg/m2,POP,
2759,33208,6656,6960,50557,7088,7117,40089,167096,insects,%,MOR,
2759,33208,6656,6960,30001,730331,48715,187683,187684,insects,kg/m2,POP,
2759,33208,6656,6843,6854,83137,229765,229768,229769,insects,mg/kg bw,POP,
2759,33208,6656,6960,50557,7088,7139,82599,691566,insects,kg/m2,MOR,
2759,33090,35493,131221,3398,38820,4479,15740,376798,plants,kg/m2,POP,
2759,33090,35493,131221,3398,38820,4479,4592,4593,plants,kg/m2,POP,
2759,33208,6656,6960,50557,7399,7402,32390,32391,insects,mg/l,MOR,
2759,33208,6656,6960,50557,7147,27474,569079,880982,insects,mg/org,MOR,
2759,33208,6656,6960,50557,7399,7408,65334,880975,insects,mg/l,MOR,
2759,33208,6656,6960,50557,7399,7402,51538,698516,insects,mg/l,MOR,
2759,33208,6656,6960,50557,7399,7408,274149,2079681,insects,mg/l,MOR,
2759,33208,6656,6960,50557,7399,7408,274345,274346,insects,mg/l,MOR,
2759,33208,6656,6960,50557,7399,7408,494808,494809,insects,mg/l,MOR,
2759,33208,6656,6960,50557,7147,27474,569101,569102,insects,mg/org,MOR,
2759,33208,6656,6960,50557,7399,7408,274404,2736776,insects,mg/l,MOR,
2759,33208,6656,6960,50557,7041,92690,101469,101470,insects,mg/l,MOR,
2759,33208,6656,6960,50557,7147,7184,170626,767460,insects,kg/m2,POP,
2759,33090,35493,131221,3398,3524,1804623,3550,240028,plants,kg/m2,POP,
2759,33208,6656,6960,50557,7524,30080,30081,30082,insects,kg/m2,POP,
2759,33208,7711,89593,40674,9989,337673,10084,10085,rodents,mg/kg,MOR,
2759,33090,35493,131221,3398,4036,4037,40910,40916,plants,mg/l,GRO,
2759,33208,7711,89593,8504,8509,8578,39142,92519,reptiles,mg/kg,MOR,
2759,33208,6340,,42113,2803884,6400,298367,320987,worms,mg/kg soil,MOR,
2759,33208,6656,6843,6854,83137,41442,66545,264913,insects,kg/m2,MOR,
2759,33208,6656,6843,6854,6935,6939,6942,34610,insects,%,MOR,
2759,33090,35493,131221,3398,4036,4050,4051,4052,plants,kg/m2,GRO,
2759,33090,35493,131221,3398,280577,4000,74824,74825,plants,kg/m2,GRO,
2759,33090,35493,131221,3398,4055,4056,60092,60093,plants,kg/m2,POP,
2759,33090,35493,131221,3398,3524,3542,141999,379215,plants,kg/m2,POP,
2759,33090,35493,131221,3398,4209,4210,41617,174461,plants,kg/m2,POP,
2759,33090,35493,131221,3398,4199,4200,49606,447676,plants,kg/m2,POP,
2759,33208,6656,6960,50557,7524,30102,30137,30138,insects,kg/m2,POP,
2759,33090,35493,131221,3398,38820,4479,4587,85679,plants,kg/m2,POP,
2759,33090,35493,131221,3398,4143,156152,4150,4151,plants,kg/m2,POP,
2759,33090,35493,131221,3398,73496,40552,16046,34182,plants,kg/m2,GRO,
2759,33090,35493,131221,3398,41944,3928,3929,376207,plants,kg/m2,GRO,
2759,33090,35493,131221,3398,91883,4294,4295,146505,plants,kg/m2,POP,
2759,33090,35493,131221,3398,91883,4294,4295,4296,plants,kg/m2,POP,
2759,33090,35493,131221,3398,91883,4294,4295,101729,plants,kg/m2,POP,
2759,33090,35493,131221,3398,91883,4294,4295,4297,plants,kg/m2,POP,
2759,33090,35493,131221,3398,4143,4144,13596,458695,plants,kg/m2,GRO,
2759,33090,35493,131221,3398,3400,3401,3402,3406,plants,kg/m2,GRO,
2759,33090,35493,131221,3398,16736,16739,13196,69414,plants,ppm,GRO,
2759,33090,35493,131221,3398,16360,4454,174214,258264,plants,mg/l,POP,
2759,33090,35493,131221,3398,4209,4210,41503,124926,plants,kg/m2,POP,
2759,33090,35493,131221,3398,4143,26122,26254,85262,plants,mg/l,GRO,
2759,33090,35493,131221,3398,4069,4118,113200,197388,plants,kg/m2,POP,
2759,33090,35493,131221,3398,4143,4144,13596,126438,plants,kg/m2,GRO,
2759,33090,35493,131221,3398,3744,3745,36623,36624,plants,kg/m2,POP,
2759,33090,35493,131221,3398,41945,4345,4346,118357,plants,kg/m2,POP,
2759,33090,35493,131221,3398,41945,4345,4346,49465,plants,kg/m2,POP,
2759,33090,35493,131221,3398,4143,4136,41227,1476575,plants,kg/m2,POP,
2759,33090,35493,131221,3398,16360,4454,71613,290852,plants,mg/l,POP,
2759,33090,35493,131221,3398,72025,3803,54873,54874,plants,kg/m2,POP,
2759,33090,35493,131221,3398,72025,3803,53882,53883,plants,kg/m2,POP,
2759,33090,35493,131221,3398,3646,3977,138557,138558,plants,kg/m2,POP,
2759,33090,35493,131221,3398,72025,3803,53922,346999,plants,kg/m2,POP,
2759,33090,35493,131221,3398,72025,3803,53862,107308,plants,kg/m2,POP,
2759,33090,35493,131221,3398,38820,4479,4544,89684,plants,kg/m2,POP,
2759,33090,35493,131221,3398,38820,4479,4583,173850,plants,kg/m2,POP,
2759,33090,35493,131221,3398,4209,4210,50190,50207,plants,kg/m2,POP,
2759,33090,35493,131221,3398,232378,4328,83698,188604,plants,kg/m2,GRO,
2759,33090,35493,131221,3398,232378,4328,206267,206269,plants,kg/m2,GRO,
2759,33090,35493,131221,3398,232378,4328,4331,83737,plants,kg/m2,GRO,
2759,33090,35493,131221,3398,3699,3700,19205,59292,plants,kg/m2,GRO,
2759,33090,35493,131221,3398,4209,4210,18794,76276,plants,kg/m2,POP,
2759,33090,35493,131221,3398,3699,3700,50460,50463,plants,kg/m2,GRO,
2759,33090,35493,131221,3398,3502,3514,3515,109069,plants,kg/m2,GRO,
2759,33090,35493,131221,3398,3646,3688,40685,40686,plants,kg/m2,GRO,
2759,33090,35493,131221,3398,3646,3688,3689,73824,plants,kg/m2,GRO,
2759,33090,35493,131221,3398,3646,3688,40685,194339,plants,kg/m2,GRO,
2759,33090,35493,131221,3398,3744,3745,3754,42229,plants,kg/m2,POP,
2759,33090,35493,131221,3398,3502,3503,3511,38942,plants,kg/m2,POP,
2759,33208,6656,6960,50557,7524,27482,80764,527582,insects,kg/m2,POP,
2759,33090,35493,131221,3398,3524,3568,146094,235358,plants,kg/m2,POP,
2759,33090,35493,131221,3398,38820,4479,4605,98750,plants,kg/m2,POP,
2759,33090,35493,131221,3398,38820,4479,79854,79855,plants,kg/m2,POP,
2759,33090,35493,131221,3398,41945,24584,40749,103533,plants,kg/m2,POP,
2759,33090,35493,131221,3398,73496,26339,26378,198826,plants,kg/m2,GRO,
2759,33090,35493,131221,3398,73496,40552,13090,13091,plants,kg/m2,GRO,
2759,33090,35493,131221,3398,72025,3803,3904,3911,plants,kg/m2,POP,
2759,33090,35493,131221,3398,73496,40552,39528,39529,plants,kg/m2,GRO,
2759,33208,6656,6960,50557,7088,106496,301653,655047,insects,kg/m2,POP,
2759,33208,6656,6960,50557,7524,27482,7028,34664,insects,kg/m2,POP,
2759,33090,35493,131221,3214,13798,28466,34162,34163,plants,mg/l,GRO,
2759,33090,35493,131221,3214,13798,28466,2510089,28469,plants,mg/l,GRO,
2759,33090,35493,131221,3398,41938,3629,145744,145745,plants,kg/m2,POP,
2759,33090,35493,131221,58019,1446380,3318,3337,3346,plants,kg/m2,GRO,
2759,33090,35493,131221,58019,1446380,3318,3337,71647,plants,kg/m2,GRO,
2759,4751,5204,5302,155619,139380,40424,2038740,135589,fungi,ppm,POP,
2759,33208,6656,6960,50557,7524,30102,631721,1582033,insects,kg/m2,POP,
2759,33208,6656,6960,50557,7088,695564,705993,720635,insects,kg/m2,POP,
2759,33208,7711,89593,40674,33554,9647,9653,9654,other mammals,mg/kg,MOR,
2759,33208,6231,,119089,6236,45926,45927,222096,worms,kg/m2,POP,
2759,33208,6231,,119089,6236,315429,189290,59747,worms,kg/m2,POP,
2759,33208,6231,,119089,6236,45926,45927,45931,worms,kg/m2,POP,
2759,33208,6656,6960,50557,7088,695564,56593,56594,insects,kg/m2,POP,
2759,33208,6656,6960,50557,7088,695564,33413,95259,insects,kg/m2,POP,
2759,33208,6656,6960,50557,7088,82593,84295,84293,insects,mg/kg bw,MOR,
2759,33208,6656,6960,50557,7088,7100,989867,989868,insects,kg/m2,MOR,
2759,33208,6656,6960,50557,7399,52632,222781,1170502,insects,kg/m2,MOR,
2759,33208,6656,6960,50557,7041,7042,322464,322470,insects,kg/m2,MOR,
2759,33208,6656,6960,50557,7524,30190,13231,249563,insects,ppm,MOR,
2759,33208,6656,6960,50557,7524,30189,536012,536013,insects,mg/l,POP,
2759,33090,35493,131221,3398,4069,4070,4107,4114,plants,kg/m2,GRO,
2759,33090,35493,131221,3398,4143,4144,4145,4146,plants,kg/m2,GRO,
2759,33090,35493,131221,3398,41937,4011,55512,55513,plants,kg/m2,POP,
2759,33090,35493,131221,3398,41937,23808,23809,2768810,plants,mg/l,POP,
2759,33090,35493,131221,3398,16360,4454,15105,28478,plants,mg/l,POP,
2759,33090,35493,131221,3398,4143,24079,83936,83937,plants,kg/m2,POP,
2759,4751,1913638,1264859,1399769,1264873,150349,150350,164420,fungi,kg/m2,POP,
2759,4751,1913637,214504,214506,36750,36751,1129544,241619,fungi,mg/l,POP,
2759,33090,35493,131221,3398,41945,3623,3624,3627,plants,mg/l,GRO,
2759,33208,6656,6960,50557,7147,7157,190765,310513,insects,mg/l,MOR,
2759,33208,6656,6960,50557,7088,2681869,58003,58004,insects,%,GRO,
2759,33208,6656,6960,50557,7041,27439,217246,217247,insects,kg/m2,POP,
2759,33208,6447,,6448,6527,6533,6534,6536,mollusks,mg/l,MOR,
2759,33208,6656,6960,50557,7399,7402,32390,89804,insects,mg/l,MOR,
2759,4751,4890,147538,147547,5197,56478,56479,157171,fungi,mg/l,POP,
2759,4751,4890,147538,147547,5197,78060,172614,172615,fungi,mg/l,GRO,
2759,4751,4890,147538,147547,5197,78060,87256,87257,fungi,mg/l,GRO,
2759,4751,4890,147538,147547,5197,78060,78063,78064,fungi,mg/l,GRO,
2759,4751,4890,147538,147547,5197,78060,78063,112271,fungi,mg/l,GRO,
2759,33090,35493,131221,3398,38820,4479,15956,15957,plants,kg/m2,POP,
2759,33090,35493,131221,3398,3744,3745,57937,137457,plants,kg/m2,POP,
2759,4751,4890,147538,147550,1028384,681950,5455,31870,fungi,kg/m2,POP,
2759,4751,4890,147538,147550,5114,767018,36922,36923,fungi,kg/m2,POP,
2759,33208,6656,6960,50557,7147,29035,397139,1601821,insects,kg/m2,POP,
2759,33208,6656,6843,6854,43271,101160,118623,118624,insects,%,POP,
2759,33208,6656,6960,50557,7147,29035,397146,397147,insects,kg/m2,POP,
2759,33208,6656,6960,50557,7399,52632,270857,441937,insects,kg/m2,MOR,
2759,33090,35493,131221,3398,38820,4479,147271,158143,plants,kg/m2,POP,
2759,33090,35493,131221,3398,4143,4185,141291,141292,plants,kg/m2,GRO,
2759,4751,4890,147538,147541,92860,28556,5502,1325487,fungi,kg/m2,POP,
2759,33090,35493,131221,3398,4069,4070,4078,35626,plants,kg/m2,GRO,
2759,33090,35493,131221,3398,3744,3487,58663,58664,plants,%,GRO,
2759,33090,35493,131221,3398,72025,3803,3892,132459,plants,kg/m2,POP,
2759,33090,35493,131221,3398,3744,3745,3754,140311,plants,kg/m2,POP,
2759,33090,35493,131221,3398,4069,4118,113198,1053343,plants,kg/m2,POP,
2759,33090,35493,131221,3398,71239,3650,3653,3654,plants,kg/m2,GRO,
2759,33090,35493,131221,3398,4143,156152,4173,189991,plants,kg/m2,POP,
2759,33090,35493,131221,3398,41944,3934,13054,426283,plants,kg/m2,POP,
2759,33090,35493,131221,3398,41768,3440,3445,137665,plants,kg/m2,POP,
2759,33090,35493,131221,3398,38820,4479,15303,81473,plants,kg/m2,POP,
2759,33090,35493,131221,3398,3524,3615,61508,457184,plants,kg/m2,POP,
2759,33208,6231,,119089,6236,2301471,37861,51550,worms,kg/m2,MOR,
2759,33208,6231,,119089,6236,33253,34507,37863,worms,kg/m2,MOR,
2759,33090,35493,131221,3398,38820,4479,4605,89686,plants,kg/m2,POP,
2759,33090,35493,131221,3398,3524,4437,46093,70371,plants,kg/m2,GRO,
2759,33090,35493,131221,3398,38820,4479,15740,96050,plants,kg/m2,POP,
2759,33090,35493,131221,3398,38820,4479,15376,286491,plants,kg/m2,POP,
2759,33090,35493,131221,3398,38820,4479,58284,58286,plants,kg/m2,POP,
2759,33090,35493,131221,3398,38820,4479,4583,48735,plants,kg/m2,POP,
2759,33090,35493,131221,3398,4143,4136,38595,38596,plants,kg/m2,POP,
2759,33090,35493,131221,3398,72025,3803,20685,520844,plants,kg/m2,POP,
2759,33090,35493,131221,3398,3646,233880,3067304,293058,plants,kg/m2,POP,
2759,33090,35493,131221,3398,72025,3803,21013,76306,plants,kg/m2,POP,
2759,33090,35493,131221,3398,38820,4479,38730,751712,plants,kg/m2,POP,
2759,33090,35493,131221,3398,38820,4609,76442,269581,plants,kg/m2,POP,
2759,33090,35493,131221,3398,4209,4210,13328,13329,plants,kg/m2,POP,
2759,33090,35493,131221,3398,4209,4210,48209,52299,plants,kg/m2,POP,
2759,33090,35493,131221,3398,4209,4210,13448,13449,plants,kg/m2,POP,
2759,33090,35493,131221,3398,41938,3629,47605,241598,plants,kg/m2,POP,
2759,33090,35493,131221,3398,41938,3629,65556,65557,plants,kg/m2,POP,
2759,33090,35493,131221,3398,4209,4210,99105,301880,plants,kg/m2,POP,
2759,33090,35493,131221,58019,1446379,3367,13100,669713,plants,kg/m2,MOR,
2759,33090,35493,131221,3398,4055,24966,43486,114476,plants,kg/m2,POP,
2759,33208,6656,6960,50557,7041,7042,159923,160329,insects,kg/m2,MOR,
2759,33208,6656,6960,50557,7088,7135,12984,12985,insects,kg/m2,MOR,
2759,33208,6656,6960,50557,7399,108385,32399,121810,insects,mg/l,MOR,
2759,33208,6656,6960,50557,7524,27482,54178,935269,insects,kg/m2,POP,
2759,33208,6656,6960,50557,7041,27439,224132,2680842,insects,kg/m2,POP,
2759,33208,6656,6960,50557,7041,27439,226608,1191538,insects,kg/m2,POP,
2759,33208,6656,6960,50557,7088,27544,228010,228011,insects,kg/m2,POP,
2759,33208,6656,6960,50557,7041,27439,64390,146774,insects,kg/m2,POP,
2759,33208,6656,6960,50557,7041,116151,295924,433045,insects,kg/m2,POP,
2759,33208,6656,6960,50557,7041,7042,13039,13040,insects,kg/m2,MOR,
2759,33090,35493,131221,3398,4069,4118,4122,4123,plants,kg/m2,POP,
2759,33090,35493,131221,3398,4209,4210,4264,4265,plants,kg/m2,POP,
2759,33090,35493,131221,3398,41945,25692,35939,127142,plants,kg/m2,GRO,
2759,33090,35493,131221,3398,4069,4070,4101,4102,plants,kg/m2,GRO,
2759,33208,6656,6960,50557,30259,2545764,160150,550478,insects,mg/l,MOR,
2759,33208,6656,6960,50557,30259,2545764,160150,185214,insects,mg/l,MOR,
2759,33208,6656,6960,50557,7041,196984,57999,1173686,insects,mg/kg,MOR,
2759,33090,35493,131221,3398,16360,4454,42195,42196,plants,mg/l,POP,
2759,33090,35493,131221,3398,73496,40552,39500,39501,plants,kg/m2,GRO,
2759,33090,35493,131221,3398,38820,4479,58090,751683,plants,kg/m2,POP,
2759,33090,35493,131221,3398,4069,4070,4107,45838,plants,kg/m2,GRO,
2759,33090,35493,131221,3398,4143,4136,587658,4142,plants,kg/m2,POP,
2759,33090,35493,131221,3398,3646,3977,3990,2071565,plants,kg/m2,POP,
2759,33090,35493,131221,3398,3646,3977,100370,323035,plants,kg/m2,POP,
2759,33208,7711,89593,40674,91561,9850,9871,9872,other mammals,mg/kg,MOR,
2759,33208,7711,89593,8782,8929,8930,47244,93382,birds,mg/kg,MOR,
2759,33208,7711,89593,8782,8906,8910,8911,126683,birds,mg/kg,MOR,
2759,33208,7711,89593,8782,8976,9005,9051,9052,birds,mg/kg,MOR,
2759,33208,7711,89593,8782,8976,9005,9003,9004,birds,mg/kg,MOR,
2759,4751,5204,29000,162484,5258,5262,5263,5264,fungi,kg/m2,POP,
2759,33208,6656,6843,6854,34634,34636,425255,425259,insects,mg/l,MOR,
2759,4751,4890,147538,147541,92860,683158,749880,749889,fungi,kg/m2,POP,
2759,33208,6656,6843,6854,83136,92248,66557,2250316,insects,mg/l,POP,
2759,33090,35493,131221,3398,4143,4136,39173,39350,plants,kg/m2,POP,
2759,33208,6340,,42113,2803884,6400,168853,168854,worms,mg/kg soil,MOR,
2759,33208,6656,6843,6854,34634,334644,334645,1255759,insects,mg/l,MOR,
2759,33090,35493,131221,3398,73496,40552,13090,81734,plants,kg/m2,GRO,
2759,33090,35493,131221,3398,4055,4056,21199,48545,plants,kg/m2,POP,
2759,33090,35493,131221,3398,73496,51383,25641,117798,plants,mg/l,MOR,
2759,33090,35493,131221,3398,3744,3745,3766,23211,plants,kg/m2,POP,
2759,33090,35493,131221,241806,3268,32151,32152,34165,plants,mg/l,GRO,
2759,33090,35493,131221,3398,3524,3997,3998,3999,plants,mg/l,GRO,
2759,33090,35493,131221,3398,71239,3650,3671,3673,plants,kg/m2,GRO,
2759,4751,5204,5302,155619,36064,5250,5251,646465,fungi,kg/m2,POP,
2759,4751,5204,5302,155619,452338,5304,63236,63190,fungi,kg/m2,POP,
2759,4751,4890,147538,147541,45676,40995,40996,2601811,fungi,mg/l,POP,
2759,33090,35493,131221,3398,4143,4185,23945,2030897,plants,kg/m2,GRO,
2759,4751,5204,29000,162484,5258,5262,5296,27349,fungi,kg/m2,POP,
2759,,4762,,,4776,4777,70742,102136,unmapped,mg/l,POP,
2759,33090,35493,131221,3398,41945,4345,13749,1493660,plants,kg/m2,POP,
2759,4751,4890,147538,147550,1028384,681950,5455,34405,fungi,kg/m2,POP,
2759,4751,4890,147538,147541,92860,28556,5598,29001,fungi,kg/m2,POP,
2759,33090,35493,131221,3398,41944,3931,199403,236232,plants,kg/m2,GRO,
2759,4751,5204,5302,155619,68889,37466,68787,857202,fungi,mg/kg,POP,
2759,33090,35493,131221,58019,1446380,3318,3337,71636,plants,kg/m2,GRO,
2759,33090,35493,131221,3398,3699,3700,13287,13288,plants,kg/m2,GRO,
2759,33090,35493,131221,3398,4143,4136,53158,53164,plants,kg/m2,POP,
2759,33090,35493,131221,3398,72025,3803,3883,3884,plants,kg/m2,POP,
2759,33090,35493,131221,3398,38820,4479,798297,866555,plants,kg/m2,POP,
2759,33090,35493,131221,3398,4209,4210,41549,1308048,plants,kg/m2,POP,
2759,33208,6656,6960,50557,7524,7036,88555,88556,insects,ppm,POP,
2759,33208,6656,6843,6854,6893,74973,74980,330961,insects,mg/l,MOR,
2759,33208,6656,6843,6854,6893,27394,27395,216284,insects,ppm,MOR,
2759,33208,6656,6843,6854,6893,81835,447596,447592,insects,kg/m2,POP,
2759,33208,6656,6843,6854,6893,81835,430933,2337421,insects,kg/m2,POP,
2759,33208,6656,6960,50557,7147,7211,28609,33396,insects,ppm,MOR,
2759,33208,6231,,119089,6236,45926,45927,45934,worms,kg/m2,POP,
2759,33208,6656,6960,50557,7399,7423,51947,51948,insects,kg/m2,MOR,
2759,33208,6656,6960,50557,7399,7423,7424,7425,insects,kg/m2,MOR,
2759,33208,6656,6960,50557,7399,7423,75217,632107,insects,kg/m2,MOR,
2759,33090,35493,131221,3398,3646,3688,40685,349989,plants,kg/m2,GRO,
2759,33090,35493,131221,3398,233875,4305,85180,123407,plants,kg/m2,GRO,
2759,33090,35493,131221,3398,4143,4136,21922,204211,plants,kg/m2,POP,
2759,4751,4890,147538,147550,5592,1028423,1580844,1580850,fungi,mg/l,POP,
2759,33090,35493,131221,3398,16360,4454,174189,174190,plants,mg/l,POP,
2759,33090,35493,131221,3398,4209,4210,405757,189230,plants,kg/m2,POP,
2759,33090,35493,131221,3398,3744,3745,3764,74653,plants,kg/m2,POP,
2759,33090,35493,131221,3398,38820,4479,38413,48734,plants,kg/m2,POP,
2759,33208,7711,89593,40674,9989,10066,10046,723805,rodents,mg/kg,MOR,
2759,33208,7711,89593,40674,9989,10010,10011,50723,rodents,mg/kg,MOR,
2759,33090,35493,131221,3398,72025,3803,47646,54743,plants,kg/m2,POP,
2759,33208,7711,89593,8504,8509,1329930,96736,481883,reptiles,mg/kg,MOR,
2759,33208,6656,6960,50557,7399,162252,401871,680295,insects,mg/l,MOR,
2759,33208,6656,6960,50557,7524,1864455,236434,881461,insects,kg/m2,MOR,
2759,33090,35493,131221,3398,3524,3593,3594,3595,plants,kg/m2,MOR,
2759,33090,35493,131221,3398,4055,4056,63461,63479,plants,kg/m2,POP,
2759,33090,35493,131221,3398,4618,4637,4640,228181,plants,mg/l,POP,
2759,33090,35493,131221,3398,4143,4149,90650,90651,plants,kg/m2,GRO,
2759,33208,6656,6960,50557,7524,27482,1656072,2932687,insects,kg/m2,POP,
2759,33090,35493,131221,3398,3744,3499,83905,83906,plants,kg/m2,POP,
2759,33090,35493,131221,241806,693762,693765,13823,148566,plants,mg/l,GRO,
2759,33208,7711,89593,8782,9108,9109,1977159,1977160,birds,mg/kg,MOR,
2759,33208,7711,89593,8782,8826,8830,8842,8849,birds,mg/kg,MOR,
2759,33090,35493,131221,3398,16360,4454,201273,267621,plants,mg/l,POP,
2759,33090,35493,131221,3398,38820,4479,4501,55771,plants,kg/m2,POP,
2759,33090,35493,131221,3398,38820,4479,86022,86023,plants,kg/m2,POP,
2759,33090,35493,131221,3398,4209,4210,189212,415160,plants,kg/m2,POP,
2759,33090,35493,131221,3398,38820,4479,4583,173841,plants,kg/m2,POP,
2759,33090,35493,131221,3398,4036,4037,40953,40954,plants,mg/l,GRO,
2759,33090,35493,131221,3398,4209,4210,4211,2067525,plants,kg/m2,POP,
2759,33090,35493,131221,3398,72025,3803,3867,347994,plants,kg/m2,POP,
2759,33090,35493,131221,3398,72025,3803,3869,3871,plants,kg/m2,POP,
2759,33090,35493,131221,3398,38820,4479,37874,37680,plants,kg/m2,POP,
2759,33090,35493,131221,3398,4209,4210,55623,128738,plants,kg/m2,POP,
2759,33090,35493,131221,3398,232378,4401,4402,4403,plants,kg/m2,GRO,
2759,33090,35493,131221,3398,3400,3401,3413,3415,plants,kg/m2,GRO,
2759,33090,35493,131221,3398,38820,4479,158101,1043330,plants,kg/m2,POP,
2759,33090,35493,131221,3398,1538097,21571,192327,278672,plants,kg/m2,GRO,
2759,33090,35493,131221,3398,3524,3568,3569,3570,plants,kg/m2,POP,
2759,33090,35493,131221,3398,72025,3803,118934,53861,plants,kg/m2,POP,
2759,33090,35493,131221,3398,71243,4033,21563,28974,plants,kg/m2,POP,
2759,33090,35493,131221,3398,3646,3688,72452,1220074,plants,kg/m2,GRO,
2759,33090,35493,131221,3398,41937,23672,151068,151069,plants,kg/m2,GRO,
2759,33090,35493,131221,3398,232378,4328,4329,60698,plants,kg/m2,GRO,
2759,33090,35493,131221,3398,3432,3433,3434,3435,plants,kg/m2,GRO,
2759,33090,35493,131221,3398,4209,4210,199528,199531,plants,kg/m2,POP,
2759,33208,6656,6960,50557,7147,43848,454640,454641,insects,kg/m2,ITX,
2759,33090,35493,131221,3398,4209,4210,41552,91242,plants,kg/m2,POP,
2759,33090,35493,131221,3398,3502,16714,16718,16719,plants,mg/l,GRO,
2759,33090,35493,131221,3398,41945,3623,3624,3625,plants,mg/l,GRO,
2759,33208,6656,6960,50557,7041,27439,122864,122865,insects,kg/m2,POP,
2759,33090,35493,131221,3398,38820,4479,38721,309978,plants,kg/m2,POP,
2759,33090,35493,131221,3398,38820,4479,160546,160547,plants,kg/m2,POP,
2759,33090,35493,131221,3398,38820,4479,110880,433885,plants,kg/m2,POP,
2759,33090,35493,131221,3398,4209,4210,4211,4214,plants,kg/m2,POP,
2759,33090,35493,131221,3398,4209,4210,71045,1114729,plants,kg/m2,POP,
2759,4751,5204,5302,155619,452334,80628,80662,1834218,fungi,%,POP,
2759,33208,7711,89593,40674,9989,10066,121584,121585,rodents,mg/kg,MOR,
2759,33090,35493,131221,3398,3524,3615,61508,430754,plants,kg/m2,POP,
2759,33208,6656,6960,50557,7399,7408,7419,7421,insects,mg/l,MOR,
2759,33208,6656,6960,50557,7041,7080,420092,420093,insects,mg/l,MOR,
2759,33208,6656,6960,50557,7041,7080,158621,158622,insects,mg/l,MOR,
2759,33090,35493,131221,3398,38820,4479,15740,28479,plants,kg/m2,POP,
2759,33090,35493,131221,3398,38820,4479,42088,500205,plants,kg/m2,POP,
2759,33208,6656,6960,50557,7088,268499,72365,437485,insects,kg/m2,POP,
2759,33208,6231,,119089,6236,57559,57561,57562,worms,kg/m2,POP,
2759,33208,6656,6960,50557,7524,27482,13192,220093,insects,kg/m2,POP,
2759,33090,35493,131221,3398,3524,3615,3618,61450,plants,kg/m2,POP,
2759,33090,35493,131221,3398,38820,4609,4610,388568,plants,kg/m2,POP,
2759,33090,35493,131221,3398,4143,156152,43170,43171,plants,kg/m2,POP,
2759,33090,35493,131221,3398,4069,4118,47518,47519,plants,kg/m2,POP,
2759,33090,35493,131221,3398,3646,3977,20025,32204,plants,kg/m2,POP,
2759,33090,35493,131221,3398,3524,3563,3564,277990,plants,kg/m2,POP,
2759,33208,7711,89593,8292,8293,8332,8335,263671,amphibians,mg/l,MOR,
2759,33208,7711,89593,8292,8342,8382,651670,8389,amphibians,mg/l,MOR,
2759,33090,35493,131221,3398,3646,233880,3067300,296035,plants,kg/m2,POP,
2759,33208,6656,6960,50557,7041,7042,41162,202098,insects,kg/m2,MOR,
2759,33090,35493,131221,3398,4069,4070,2570238,33120,plants,kg/m2,GRO,
2759,33090,35493,131221,3398,38820,4479,4557,91525,plants,kg/m2,POP,
2759,33090,35493,131221,3398,4739,4740,4743,4744,plants,kg/m2,POP,
2759,4751,1913637,214504,214506,36750,36751,4875,144533,fungi,mg/l,POP,
2759,4751,1913637,214504,214506,36750,36751,1144751,1133423,fungi,mg/l,POP,
2759,33090,35493,131221,3398,3646,3977,3990,756026,plants,kg/m2,POP,
2759,33208,6656,6960,50557,7041,186089,433153,433272,insects,mg/l,MOR,
2759,4751,4890,147538,147550,37989,,155415,155416,fungi,,POP,
2759,4751,1913637,214504,214506,36750,36751,4875,2153294,fungi,mg/l,POP,
2759,4751,1913637,214504,214506,214509,36753,4873,27379,fungi,kg/m2,POP,
2759,4751,1913637,214504,214506,214509,36753,27382,85575,fungi,kg/m2,POP,
2759,4751,1913637,214504,214506,214509,36752,27372,78546,fungi,mg/kg soil,POP,
2759,4751,1913637,214504,214506,214509,36753,940661,1433469,fungi,kg/m2,POP,
2759,4751,5204,5302,155619,68889,80611,80614,157262,fungi,mg/l,POP,
2759,4751,5204,5302,155619,68889,48595,5375,217305,fungi,mg/l,POP,
2759,4751,5204,5302,155619,5338,330899,29882,29883,fungi,ppm,POP,
2759,33090,35493,131221,3398,3524,3615,46786,701369,plants,kg/m2,POP,
2759,33090,35493,131221,3398,3744,3745,3764,74647,plants,kg/m2,POP,
2759,33208,6656,6960,50557,7041,27439,131644,409921,insects,kg/m2,POP,
2759,33208,6656,6960,50557,7399,32417,32420,2758956,insects,kg/m2,MOR,
2759,33208,6656,6960,50557,30262,45053,45059,45061,insects,kg/m2,POP,
2759,33208,6656,6960,50557,7088,98966,797001,1798870,insects,kg/m2,POP,
2759,33208,6656,6960,50557,7088,32434,702716,702717,insects,kg/m2,MOR,
2759,33208,7711,89593,40674,9989,10066,10067,10068,rodents,mg/kg,MOR,
2759,33208,7711,89593,40674,9989,10066,61153,61156,rodents,mg/kg,MOR,
2759,33208,6656,6960,50557,7399,7458,166426,596841,insects,mg/org,MOR,
2759,33208,6656,6960,50557,7399,7458,28651,415722,insects,mg/org,MOR,
2759,33208,6656,6960,50557,7399,7458,166413,597023,insects,mg/org,MOR,
2759,33208,6656,6960,50557,7399,7438,7451,30213,insects,mg/l,MOR,
2759,33208,6656,6960,50557,7147,7211,27456,27457,insects,ppm,MOR,
2759,33208,6656,6960,50557,7399,7402,283796,283797,insects,mg/l,MOR,
2759,33208,6656,6960,50557,7399,7402,58732,58733,insects,mg/l,MOR,
2759,33208,6656,6960,50557,7399,7402,58732,866916,insects,mg/l,MOR,
2759,33090,35493,131221,3398,38820,4479,649763,59788,plants,kg/m2,POP,
2759,33090,35493,131221,3398,4739,4740,4743,34173,plants,kg/m2,POP,
2759,33090,35493,131221,3398,3646,3683,3684,159421,plants,kg/m2,POP,
2759,33090,35493,131221,3398,3524,703405,107600,110664,plants,kg/m2,POP,
2759,33090,35493,131221,3398,71243,4033,4034,213833,plants,kg/m2,POP,
2759,33090,35493,131221,3398,4143,4136,53171,194220,plants,kg/m2,POP,
2759,33090,35493,131221,3398,38820,4479,15740,222563,plants,kg/m2,POP,
2759,33090,35493,131221,3398,72025,3803,47081,200951,plants,kg/m2,POP,
2759,33090,35493,131221,3398,38820,4479,4496,83444,plants,kg/m2,POP,
2759,33090,35493,131221,3398,72025,3803,3853,3854,plants,kg/m2,POP,
2759,4751,4890,147538,147541,92860,683158,55170,749589,fungi,kg/m2,POP,
2759,33090,35493,131221,3398,4069,4118,4119,28523,plants,kg/m2,POP,
2759,33090,35493,131221,3398,72025,3803,3913,3914,plants,kg/m2,POP,
2759,33090,35493,131221,3398,3524,3563,3564,124761,plants,kg/m2,POP,
2759,33090,35493,131221,3398,38820,4479,300124,300125,plants,kg/m2,POP,
2759,33090,35493,131221,3398,38820,4479,4501,29667,plants,kg/m2,POP,
2759,33208,6656,6657,6681,29979,96867,64694,262335,crustaceans,mg/l,MOR,47.99999999999999
2759,33208,6656,6960,50557,7041,27439,131607,1896592,insects,kg/m2,POP,
2759,33090,35493,131221,3398,3524,1804623,240079,464023,plants,kg/m2,POP,
2759,33208,6656,6960,50557,7399,7402,32390,93006,insects,mg/l,MOR,
2759,4751,4890,147538,147541,2726947,93133,29002,84275,fungi,kg/m2,POP,
2759,,4762,,,4763,4764,100860,100861,unmapped,mg/l,POP,
2759,33090,3041,,3166,3042,3043,3044,289299,algae,mg/l,POP,96.0
2759,33208,6656,6657,72037,84308,84315,263416,938088,crustaceans,mg/l,MOR,47.99999999999999
2759,33090,35493,131221,186771,3199,41845,41847,215256,plants,mg/l,MOR,
2759,33208,6447,,6544,47521,47526,2038097,1735009,mollusks,mg/l,MOR,
2759,33208,6447,,6544,47521,47526,499894,499895,mollusks,mg/l,MOR,
2759,33208,6447,,6544,47521,47526,499894,644998,mollusks,mg/l,MOR,
2759,33208,7711,89593,186623,,42148,34815,46260,fish,mg/l,MOR,96.0
2759,33208,7711,89593,186623,7933,7934,7935,7936,fish,mg/l,MOR,96.0
2759,33208,6656,6960,50557,7147,7190,7191,7192,insects,mg/l,MOR,
2759,33208,7711,89593,186623,1489900,30910,33789,64150,fish,mg/l,MOR,96.0
2759,33208,7711,89593,186623,1489878,8220,150287,1664192,fish,mg/l,MOR,96.0
2759,33208,7711,89593,186623,8007,8008,8009,126735,fish,mg/l,MOR,96.0
2759,33208,6340,,6341,,120993,120994,120995,worms,mg/l,MOR,
2759,33208,7586,,7625,734141,31183,7639,7641,echinoderms,mg/l,GRO,
2759,33208,7711,89593,186623,1489940,603452,163147,163149,fish,mg/l,MOR,96.0
2759,33208,7711,89593,186623,1489878,8220,166740,1231918,fish,mg/l,MOR,96.0
2759,33208,6656,6960,50557,7147,7157,190765,173086,insects,mg/l,MOR,
2759,33208,6656,6657,6681,6683,331407,303041,324906,crustaceans,mg/l,MOR,47.99999999999999
2759,33208,6447,,6448,75116,54973,255477,759386,mollusks,mg/l,MOR,
2759,33208,7711,89593,186623,,30870,76339,76340,fish,mg/l,MOR,96.0
2759,33208,6656,6657,6681,6683,6685,133894,139456,crustaceans,mg/l,MOR,47.99999999999999
2759,33208,7711,89593,186623,,75382,75041,225757,fish,mg/l,MOR,96.0
2759,33208,6447,,6544,6546,6547,6548,6549,mollusks,mg/l,MOR,
2759,33208,6447,,6544,6552,6553,220872,220873,mollusks,mg/l,MOR,
2759,33090,35493,131221,241806,74353,13814,13815,388479,plants,mg/l,GRO,
2759,33208,6656,6657,6681,6683,6725,306272,306179,crustaceans,mg/l,MOR,47.99999999999999
2759,33208,7711,89593,186623,7952,2743726,13476,13477,fish,mg/l,MOR,96.0
2759,33208,6656,6960,50557,30263,177913,177920,692092,insects,mg/l,POP,
2759,33208,6656,6960,50557,30263,57995,761638,761639,insects,mg/l,MOR,
2759,33208,7711,89593,186623,8006,8015,27772,59862,fish,mg/l,MOR,96.0
2759,33208,7711,89593,186623,7952,2743726,67536,67537,fish,mg/l,MOR,96.0
2759,33208,6157,,147100,6159,31262,52316,135777,worms,mg/l,MOR,
2759,33208,7711,89593,186623,8111,8165,8166,8167,fish,mg/l,MOR,96.0
2759,33208,7711,89593,186623,32446,55118,34772,34773,fish,mg/l,MOR,96.0
2759,33208,7711,89593,186623,7952,2743726,28793,254296,fish,mg/l,MOR,96.0
2759,33208,6656,6657,6681,6683,108099,108122,108123,crustaceans,mg/l,MOR,47.99999999999999
2759,,2763,,2797,29216,31345,2853170,2788,algae,mg/l,POP,96.0
2759,33208,7711,89593,186623,1489911,8113,8139,51762,fish,mg/l,MOR,96.0
2759,33208,6656,6960,50557,50622,51551,143765,143766,insects,mg/l,MOR,
2759,33208,6656,6960,50557,50622,143751,143752,270884,insects,mg/l,MOR,
2759,33208,6656,6657,6681,6821,36939,45625,52639,crustaceans,mg/l,MOR,47.99999999999999
2759,33208,6656,6960,50557,30073,50633,240913,248223,insects,mg/l,MOR,
2759,33208,6656,6960,50557,30263,41030,50443,1107662,insects,mg/l,MOR,
2759,33208,6656,6960,50557,30263,41030,121161,121162,insects,mg/l,MOR,
2759,33208,7711,89593,186623,7952,2743726,33535,33539,fish,mg/l,MOR,96.0
2759,33208,7711,89593,186623,1489940,8180,27705,147949,fish,mg/l,MOR,96.0
2759,33208,6656,6657,6681,6683,6695,117982,647170,crustaceans,mg/l,MOR,47.99999999999999
2759,33208,6656,6960,50557,50622,143751,143752,1485930,insects,mg/l,MOR,
2759,33208,6656,6657,6681,29979,63227,142547,2202326,crustaceans,mg/l,MOR,47.99999999999999
2759,33208,7711,89593,186623,7952,2743745,7963,13095,fish,mg/l,MOR,96.0
2759,33208,6447,,6544,47521,47526,96931,55827,mollusks,mg/l,MOR,
2759,33208,7711,89593,186623,1489931,8169,50350,50351,fish,mg/l,MOR,96.0
2759,33208,7711,89593,186623,7952,2743709,27710,27715,fish,mg/l,MOR,96.0
2759,33208,7711,89593,186623,,50791,50813,50814,fish,mg/l,MOR,96.0
2759,33208,6656,6657,6681,6683,6745,6746,111067,crustaceans,mg/l,MOR,47.99999999999999
2759,33208,7711,89593,186623,1489928,8247,76337,76338,fish,mg/l,MOR,96.0
2759,33208,7711,89593,186623,31022,31031,39109,482916,fish,mg/l,MOR,96.0
2759,33208,7711,89593,186623,28738,28756,8077,76053,fish,mg/l,MOR,96.0
2759,33208,7711,89593,186623,7952,2743726,7966,36791,fish,mg/l,MOR,96.0
2759,33208,7711,89593,186623,7952,2743726,13476,28791,fish,mg/l,MOR,96.0
2759,33208,7711,89593,186623,7995,7996,50384,66912,fish,mg/l,MOR,96.0
2759,33208,6656,6657,6681,6683,6685,133894,64468,crustaceans,mg/l,MOR,47.99999999999999
2759,33208,6656,6657,6681,6683,72876,446184,53323,crustaceans,mg/l,MOR,47.99999999999999
2759,33208,7711,89593,186623,28738,28756,8077,54267,fish,mg/l,MOR,96.0
2759,33208,6447,,6448,216294,1260510,2006551,2006552,mollusks,mg/l,MOR,
2759,33208,7711,89593,186623,28738,8076,28741,69138,fish,mg/l,MOR,96.0
2759,33208,6656,6960,50557,30073,50581,197159,433278,insects,mg/l,MOR,
2759,33208,7711,89593,186623,1489911,8113,1315722,8129,fish,mg/l,MOR,96.0
2759,33208,7711,89593,186623,29140,29142,29143,29144,fish,mg/l,MOR,96.0
2759,33208,7711,89593,186623,7952,7953,84644,72446,fish,mg/l,MOR,96.0
2759,33208,6656,6960,50557,50622,50623,466665,466666,insects,mg/l,MOR,
2759,33208,6656,6657,6681,6683,6685,133894,29019,crustaceans,mg/l,MOR,47.99999999999999
2759,33208,7711,89593,186623,7952,2743726,61317,61318,fish,mg/l,MOR,96.0
2759,33208,7711,89593,186623,7952,7982,425478,457492,fish,mg/l,MOR,96.0
2759,33208,7711,89593,186623,7952,2743726,58318,58319,fish,mg/l,MOR,96.0
2759,33208,7711,89593,186623,7952,2743726,58322,58323,fish,mg/l,MOR,96.0
2759,33208,6656,6657,6681,6683,6725,6726,553240,crustaceans,mg/l,MOR,47.99999999999999
2759,33208,6447,,6544,6580,1176409,45948,61343,mollusks,mg/l,MOR,
2759,33208,10205,,34517,,34518,34519,480604,cnidarians and bryozoans,mg/l,MOR,
2759,33208,6656,6657,6681,29979,63227,142547,3059449,crustaceans,mg/l,MOR,47.99999999999999
2759,33208,6656,6960,50557,50622,51551,143763,143764,insects,mg/l,MOR,
2759,33208,6656,6960,50557,50622,143751,143754,466579,insects,mg/l,MOR,
2759,33208,6656,6657,6681,6683,6701,6702,397978,crustaceans,mg/l,MOR,47.99999999999999
2759,33208,7711,89593,186623,8252,8256,8259,8260,fish,mg/l,MOR,96.0
2759,33208,6447,,6544,6562,6563,37858,37623,mollusks,mg/l,ITX,
2759,33208,6447,,6448,,6521,55689,1804063,mollusks,mg/l,MOR,
2759,33208,7711,89593,186623,8006,8015,8016,8018,fish,mg/l,MOR,96.0
2759,33208,6656,6657,6681,6683,6725,6726,197206,crustaceans,mg/l,MOR,47.99999999999999
2759,33208,6656,6960,50557,50553,50554,50555,559164,insects,mg/l,MOR,
2759,33208,6656,6960,50557,50622,50623,466708,466709,insects,mg/l,MOR,
2759,33208,6656,6960,50557,6961,70895,79456,88053,insects,mg/l,MOR,
2759,33208,7711,89593,186623,,30870,13028,13029,fish,mg/l,MOR,96.0
2759,33208,7711,89593,186623,,8184,28801,28806,fish,mg/l,MOR,96.0
2759,33208,7711,89593,186623,32446,55118,224706,224707,fish,mg/l,MOR,96.0
2759,33208,7711,89593,186623,7914,7915,7916,572540,fish,mg/l,MOR,96.0
2759,33208,7711,89593,186623,7952,2743726,1046118,42663,fish,mg/l,MOR,96.0
2759,33208,7711,89593,186623,8111,69291,240155,240156,fish,mg/l,MOR,96.0
2759,33208,7711,89593,186623,1489940,8180,13105,270330,fish,mg/l,MOR,96.0
2759,33208,7711,89593,186623,,30870,225388,225389,fish,mg/l,MOR,96.0
2759,33208,7711,89593,186623,7921,7922,7923,7924,fish,mg/l,MOR,96.0
2759,33208,7711,89593,186623,7995,7996,75287,75288,fish,mg/l,MOR,96.0
2759,33208,7586,,7625,31184,39211,161050,240833,echinoderms,mg/l,MOR,
2759,33208,7711,89593,186623,1489911,8113,27750,27751,fish,mg/l,MOR,96.0
2759,33208,7711,89593,186623,7952,2743726,234875,86938,fish,mg/l,MOR,96.0
2759,33208,7711,89593,186623,7995,7996,50384,27778,fish,mg/l,MOR,96.0
2759,33208,7711,89593,8292,8342,8418,1926313,30342,amphibians,mg/l,MOR,
2759,33208,7711,89593,8292,8293,8294,8295,43115,amphibians,mg/l,MOR,
2759,33208,6656,6657,6658,84337,77658,6668,42851,crustaceans,mg/l,MOR,47.99999999999999
2759,33208,6447,,6448,,6524,65076,1720690,mollusks,mg/l,MOR,
2759,33208,6340,,42113,2218736,57110,57111,60951,worms,mg/l,MOR,
2759,33208,6447,,6448,,6524,264246,264247,mollusks,mg/l,MOR,
2759,33208,6656,6657,6681,6683,6725,306272,2588666,crustaceans,mg/l,MOR,47.99999999999999
2759,33208,7711,89593,186623,8111,8165,54318,54319,fish,mg/l,MOR,96.0
2759,33208,7711,89593,186623,7952,2743726,67555,67556,fish,mg/l,MOR,96.0
2759,33208,7711,89593,186623,7952,2743726,33535,33536,fish,mg/l,MOR,96.0
2759,33208,7711,89593,186623,8111,8165,54318,54343,fish,mg/l,MOR,96.0
2759,33208,7711,89593,186623,8111,8165,54318,54337,fish,mg/l,MOR,96.0
2759,33208,6656,6960,50557,30073,50581,197159,197160,insects,mg/l,MOR,
2759,33208,7711,89593,186623,28738,8079,8082,8083,fish,mg/l,MOR,96.0
2759,33208,7711,89593,186623,1489940,8180,71676,201696,fish,mg/l,MOR,96.0
2759,33208,7711,89593,186623,41872,8189,8190,48194,fish,mg/l,MOR,96.0
2759,33208,6656,6960,50557,7147,7157,7174,38742,insects,mg/l,MOR,
2759,33208,10190,,2816136,104783,44580,44581,96448,rotifers,mg/l,ITX,
2759,33090,35493,131221,131209,131210,31314,33100,33101,plants,mg/l,POP,
2759,33208,6656,6657,6681,6683,6685,133894,71412,crustaceans,mg/l,MOR,47.99999999999999
2759,33208,6447,,6605,551347,6615,1051063,1051066,mollusks,mg/kg,MOR,
2759,33208,6656,6657,6681,6683,177236,177237,177238,crustaceans,mg/l,MOR,47.99999999999999
2759,33208,7711,89593,186623,8006,8015,27772,59861,fish,mg/l,MOR,96.0
2759,33208,7711,89593,186623,1489931,8169,38940,38941,fish,mg/l,MOR,96.0
2759,33208,7711,89593,186623,1489931,8169,50590,50591,fish,mg/l,MOR,96.0
2759,33208,7711,89593,186623,1489931,8169,119726,741940,fish,mg/l,MOR,96.0
2759,33208,7711,89593,186623,8252,30948,195613,2893485,fish,mg/l,MOR,96.0
2759,33208,6656,6657,6681,75399,79901,236571,236572,crustaceans,mg/l,MOR,47.99999999999999
2759,33208,6447,,6544,6562,6563,6564,459436,mollusks,mg/l,ITX,
2759,33208,6656,6657,6681,6683,6770,6771,1212500,crustaceans,mg/l,MOR,47.99999999999999
2759,33208,7711,89593,186623,7933,7934,7935,7937,fish,mg/l,MOR,96.0
2759,33208,6656,6657,6681,6683,6770,6771,6772,crustaceans,mg/l,MOR,47.99999999999999
2759,33208,6656,6657,6681,6683,6757,6762,53942,crustaceans,mg/l,MOR,47.99999999999999
2759,33208,6656,6657,116172,2899670,37806,637416,1220549,crustaceans,mg/l,MOR,47.99999999999999
2759,33208,7711,89593,186623,1489911,8113,318742,318743,fish,mg/l,MOR,96.0
2759,33208,6656,6657,6681,6683,6770,1239987,196277,crustaceans,mg/l,MOR,47.99999999999999
2759,33208,6656,6657,6681,6683,6770,1239987,578101,crustaceans,mg/l,MOR,47.99999999999999
2759,33208,6656,6657,6681,29979,161571,161572,2172532,crustaceans,mg/l,MOR,47.99999999999999
2759,33208,6656,6657,6681,6821,371451,1582899,1582901,crustaceans,mg/l,MOR,47.99999999999999
2759,33208,6656,6657,6681,6821,1336363,1336364,1336365,crustaceans,mg/l,MOR,47.99999999999999
2759,33208,7711,89593,186623,7952,7953,84644,182801,fish,mg/l,MOR,96.0
2759,33208,6656,6960,50557,7147,7149,54968,54969,insects,mg/l,MOR,
2759,33208,6656,6960,50557,7147,7149,7150,169422,insects,mg/l,MOR,
2759,33208,6656,6657,72037,84308,84315,298419,2529367,crustaceans,mg/l,MOR,47.99999999999999
2759,33208,6656,6960,50557,30263,41030,50443,1095303,insects,mg/l,MOR,
2759,33208,6447,,6448,,6524,157969,55810,mollusks,mg/l,MOR,
2759,33208,7711,89593,7777,30483,7826,7829,7830,fish,mg/l,MOR,96.0
2759,,5878,431838,6020,1974272,85904,60849,155140,protozoans,mg/l,MOR,
2759,,5878,431838,33829,693921,57506,5948,5950,protozoans,mg/l,MOR,
2759,33208,6340,,42113,2218736,6417,6420,42736,worms,mg/l,ITX,
2759,33208,7711,89593,8292,8342,8418,189919,194198,amphibians,mg/l,MOR,
2759,33208,6656,6960,50557,7147,7157,190765,120869,insects,mg/l,MOR,
2759,33208,6656,6960,50557,7147,7157,7158,7163,insects,mg/l,MOR,
2759,33208,6656,6960,50557,7147,7157,190765,329103,insects,mg/l,MOR,
2759,33208,6656,6960,50557,7147,7157,190765,46209,insects,mg/l,MOR,
2759,33208,6656,6960,50557,7147,7157,174825,332058,insects,mg/l,MOR,
2759,33208,6656,6960,50557,7147,7157,190765,329099,insects,mg/l,MOR,
2759,33208,6656,6960,50557,7147,7157,190765,120878,insects,mg/l,MOR,
2759,33208,6656,6657,72037,41212,512265,6831,6832,crustaceans,mg/l,MOR,47.99999999999999
2759,33208,6656,6657,6681,6821,36939,45625,360729,crustaceans,mg/l,MOR,47.99999999999999
2759,33208,6447,,6448,75116,54976,634721,2704383,mollusks,mg/l,MOR,
2759,33208,7711,89593,186623,7995,30996,42507,69930,fish,mg/l,MOR,96.0
2759,33208,7711,89593,186623,41712,31092,69935,91713,fish,mg/l,MOR,96.0
2759,33208,7711,89593,186623,7995,2485743,236587,1003157,fish,mg/l,MOR,96.0
2759,33208,7711,89593,186623,7952,7953,1911134,137034,fish,mg/l,MOR,96.0
2759,33208,6656,6657,6681,6683,6685,133894,27405,crustaceans,mg/l,MOR,47.99999999999999
2759,33208,6656,6657,6681,6683,98089,397946,397952,crustaceans,mg/l,MOR,47.99999999999999
2759,33208,7711,89593,186623,,205120,390299,1003683,fish,mg/l,MOR,96.0
2759,33208,6656,6960,50557,30263,41030,50443,599746,insects,mg/l,MOR,
2759,33208,6656,6657,6681,6821,111559,111560,467483,crustaceans,mg/l,MOR,47.99999999999999
2759,33208,6447,,6448,,6521,55689,199954,mollusks,mg/l,MOR,
2759,33208,6656,6657,6681,6683,6685,133894,64467,crustaceans,mg/l,MOR,47.99999999999999
2759,33208,7711,89593,186623,8111,8092,320616,320617,fish,mg/l,MOR,96.0
2759,33208,7711,89593,186623,8252,30947,106173,366923,fish,mg/l,MOR,96.0
2759,33208,6340,,42113,2218736,57110,57111,39305,worms,mg/l,MOR,
2759,33208,6656,6960,50557,7524,236405,280182,1545103,insects,mg/l,MOR,
2759,33208,7711,89593,186623,41872,8189,48170,48191,fish,mg/l,MOR,96.0
2759,33208,7711,89593,186623,7995,31002,36713,163994,fish,mg/l,MOR,96.0
2759,33208,6656,6657,6681,6683,96235,159740,159741,crustaceans,mg/l,MOR,47.99999999999999
2759,33208,7711,89593,186623,,205120,210631,210632,fish,mg/l,MOR,96.0
2759,33208,7711,89593,186623,1489911,8113,2926660,2926661,fish,mg/l,MOR,96.0
2759,33208,7711,89593,186623,41711,8012,137519,240830,fish,mg/l,MOR,96.0
2759,33208,6656,6657,6658,84337,77713,362317,381656,crustaceans,mg/l,MOR,47.99999999999999
2759,33208,7711,89593,186623,41712,31091,42651,103479,fish,mg/l,MOR,96.0
2759,33208,6447,,6448,,6524,157969,157967,mollusks,mg/l,MOR,
2759,33208,7711,89593,186623,7995,31009,13012,103204,fish,mg/l,MOR,96.0
2759,33208,10190,,2816136,84394,10193,10194,204736,rotifers,mg/l,MOR,
2759,33208,6340,,42113,6406,6407,55813,60927,worms,mg/l,MOR,
2759,33208,6157,,147100,6159,27893,27894,27895,worms,mg/l,MOR,
2759,33208,6656,6960,50557,30263,177631,177632,1178152,insects,mg/l,POP,
2759,33208,6656,6960,50557,50622,51551,441508,441509,insects,mg/l,MOR,
2759,33208,6656,6960,50557,6961,70895,78523,79468,insects,mg/l,MOR,
2759,33208,6656,6960,50557,7524,236405,446485,1983464,insects,mg/l,MOR,
2759,33208,6656,6960,50557,50553,50606,50607,279420,insects,mg/l,MOR,
2759,33208,6656,6960,50557,6961,50489,52611,52612,insects,mg/l,MOR,
2759,33208,6656,6960,50557,50622,50623,143767,552050,insects,mg/l,MOR,
2759,33208,6656,6960,50557,7524,236408,280208,280209,insects,mg/l,MOR,
2759,33208,6656,6960,50557,7147,7157,190765,228919,insects,mg/l,MOR,
2759,33208,6656,6960,50557,7147,7157,190765,743690,insects,mg/l,MOR,
2759,33208,6656,6960,50557,7147,7157,190765,228917,insects,mg/l,MOR,
2759,33208,6656,6960,50557,7524,236405,446485,881664,insects,mg/l,MOR,
2759,33208,7711,89593,186623,7995,31009,13012,35657,fish,mg/l,MOR,96.0
2759,33208,6656,6657,6681,6683,108326,6780,6781,crustaceans,mg/l,MOR,47.99999999999999
2759,33208,7711,89593,186623,41872,8189,1935872,1111460,fish,mg/l,MOR,96.0
2759,33208,6656,6657,6681,29979,63227,142547,2992683,crustaceans,mg/l,MOR,47.99999999999999
2759,33208,6656,6960,50557,7041,186983,219454,219455,insects,mg/l,MOR,
2759,33208,6447,,6448,,53506,2510713,101406,mollusks,mg/l,MOR,
2759,33208,6447,,6448,,53506,53515,501005,mollusks,mg/l,MOR,
2759,33208,6656,6960,50557,30073,178295,185820,603647,insects,mg/l,MOR,
2759,33208,6656,6960,50557,50622,143756,143759,1056713,insects,mg/l,MOR,
2759,33208,6340,,42113,2218736,57110,57111,184741,worms,mg/l,MOR,
2759,33208,6656,6960,50557,7147,7157,7164,7170,insects,mg/l,MOR,
2759,33208,7711,89593,186623,7952,2743726,28793,28795,fish,mg/l,MOR,96.0
2759,33208,7711,89593,186623,1489940,8180,8181,201697,fish,mg/l,MOR,96.0
2759,33208,6656,6960,50557,50622,51551,178278,178279,insects,mg/l,MOR,
2759,33208,6656,6960,50557,6961,70895,78523,79462,insects,mg/l,MOR,
2759,33208,7711,89593,186623,8075,461499,238743,461517,fish,mg/l,MOR,96.0
2759,33208,6656,6657,72037,6833,163474,163475,163476,crustaceans,mg/l,MOR,47.99999999999999
2759,33208,6656,6657,6681,75399,79901,88016,88017,crustaceans,mg/l,MOR,47.99999999999999
2759,33208,7711,89593,186623,8111,69291,240153,240154,fish,mg/l,MOR,96.0
2759,33208,7711,89593,186623,8252,171414,8254,66718,fish,mg/l,MOR,96.0
2759,33208,7711,89593,186623,8252,8256,172658,172659,fish,mg/l,MOR,96.0
2759,33208,6340,,6341,6373,104750,104751,2567161,worms,mg/l,MOR,
2759,33208,6656,6657,6681,6683,6704,6705,6707,crustaceans,mg/l,MOR,47.99999999999999
2759,33208,6656,6960,50557,30263,41030,50443,177864,insects,mg/l,MOR,
2759,33208,6656,6960,50557,30263,41030,50443,177868,insects,mg/l,MOR,
2759,33208,6656,6657,,,,,1304431,crustaceans,mg/l,MOR,47.99999999999999
2759,33208,6656,6657,72037,6833,236535,236536,240653,crustaceans,mg/l,MOR,47.99999999999999
2759,33208,6656,6960,50557,7147,41811,41812,204564,insects,mg/l,ITX,
2759,33208,6656,6960,50557,7524,236405,446485,1249915,insects,mg/l,MOR,
2759,33208,7711,89593,186623,7995,30998,55672,55673,fish,mg/l,MOR,96.0
2759,33090,35493,131221,3398,16360,4454,4469,161105,plants,mg/l,POP,
2759,33208,7711,89593,8292,8342,8397,192752,145282,amphibians,mg/l,MOR,
2759,33208,7711,89593,186623,8075,30700,32459,120796,fish,mg/l,MOR,96.0
2759,33208,7711,89593,186623,8075,69128,69133,69135,fish,mg/l,MOR,96.0
2759,33208,6656,6657,6681,6683,6685,32277,32278,crustaceans,mg/l,MOR,47.99999999999999
2759,33208,6656,6960,50557,7147,7157,46207,498392,insects,mg/l,MOR,
2759,33208,6447,,6544,47521,47526,47527,47528,mollusks,mg/l,MOR,
2759,33208,6656,6960,50557,6961,70895,79454,116143,insects,mg/l,MOR,
2759,33208,6656,6657,6681,6683,96235,96236,382087,crustaceans,mg/l,MOR,47.99999999999999
2759,33208,6447,,6544,47521,47526,52403,52404,mollusks,mg/l,MOR,
2759,33208,7711,89593,186623,8075,461499,103865,103866,fish,mg/l,MOR,96.0
2759,33208,6447,,6448,2315720,6466,1093071,43341,mollusks,mg/l,MOR,
2759,33208,6656,6657,6681,6683,6695,117982,543362,crustaceans,mg/l,MOR,47.99999999999999
2759,33090,35493,131221,3398,72025,3803,53922,362788,plants,kg/m2,POP,
2759,33208,6656,6657,6681,6683,108099,108107,108111,crustaceans,mg/l,MOR,47.99999999999999
2759,33208,6073,,6101,6125,46729,46730,46731,cnidarians and bryozoans,mg/l,MOR,
2759,33208,6656,6960,50557,7147,7157,190765,767023,insects,mg/l,MOR,
2759,33208,7711,89593,186623,8111,1490017,56721,56722,fish,mg/l,MOR,96.0
2759,33208,7711,89593,186623,51241,130264,51242,61620,fish,mg/l,MOR,96.0
2759,33208,6656,6657,6681,6683,37850,72421,99749,crustaceans,mg/l,MOR,47.99999999999999
2759,33208,6656,6960,50557,7147,7190,7191,1265834,insects,mg/l,MOR,
2759,33208,6656,6960,50557,30073,172515,248182,248183,insects,mg/l,MOR,
2759,33208,6656,6960,50557,7147,7190,7191,626802,insects,mg/l,MOR,
2759,33208,6447,,6650,6652,27822,2964325,2964326,mollusks,mg/l,MOR,
2759,33208,6447,,6650,6652,27822,27823,1948877,mollusks,mg/l,MOR,
2759,33208,6073,,6074,406427,1612402,446530,492274,cnidarians and bryozoans,mg/l,POP,
2759,33090,35493,131221,3398,16360,26319,55452,55453,plants,mg/l,GRO,
2759,33090,35493,131221,3398,16360,4454,4469,161103,plants,mg/l,POP,
2759,33090,35493,131221,3398,16360,16362,13228,55320,plants,mg/l,GRO,
2759,33208,6656,6960,50557,7147,7190,7191,37338,insects,mg/l,MOR,
2759,33090,35493,131221,3398,16360,16362,27253,29654,plants,mg/l,GRO,
2759,33090,35493,131221,3398,16360,25926,16365,29652,plants,mg/l,GRO,
2759,33090,35493,131221,3398,16360,26319,55495,55497,plants,mg/l,GRO,
2759,33208,6656,6657,6681,6683,177245,177246,1882547,crustaceans,mg/l,MOR,47.99999999999999
2759,33208,7711,89593,186623,28738,28778,52579,445991,fish,mg/l,MOR,96.0
2759,33208,6340,,42113,1964463,6388,6389,34589,worms,mg/kg soil,MOR,
2759,33208,6656,6657,6681,6683,6701,6702,397976,crustaceans,mg/l,MOR,47.99999999999999
2759,33208,7711,89593,8292,8293,8294,8295,8304,amphibians,mg/l,MOR,
2759,33208,6656,6960,50557,30073,178295,248190,248191,insects,mg/l,MOR,
2759,33208,6656,6657,6681,6683,6725,306272,2860243,crustaceans,mg/l,MOR,47.99999999999999
2759,33208,6656,6960,50557,30073,178295,178296,248246,insects,mg/l,MOR,
2759,,5878,431837,194287,5957,219171,5959,5960,protozoans,ppm,POP,
2759,33208,6656,6960,50557,7041,50515,107801,107803,insects,mg/l,MOR,
2759,33208,6656,6657,6681,6683,6757,6760,6761,crustaceans,mg/l,MOR,47.99999999999999
2759,33208,6656,6843,6854,83136,708419,1252991,2796852,insects,mg/l,MOR,
2759,33208,6656,6843,6854,83136,297017,297021,2907871,insects,mg/l,MOR,
2759,33208,6656,6843,6854,83136,1046910,1046911,2891658,insects,mg/l,MOR,
2759,33208,6656,6843,6854,83136,1072388,768087,1783291,insects,mg/l,MOR,
2759,33208,6656,6843,6854,83136,322636,673105,673106,insects,mg/l,MOR,
2759,33208,6656,6843,6854,83136,257709,257710,3155225,insects,mg/l,MOR,
2759,33208,6656,6843,6854,83136,94809,94810,2734855,insects,mg/l,MOR,
2759,33208,6656,6843,6854,83136,322638,1046329,1046330,insects,mg/l,MOR,
2759,33208,6447,,6544,47521,47526,55836,55837,mollusks,mg/l,MOR,
2759,33208,6447,,6544,47521,47526,55836,143298,mollusks,mg/l,MOR,
2759,33208,6656,6843,6854,6893,134565,375086,375087,insects,mg/l,MOR,
2759,33208,6656,6843,6854,83136,257020,480915,673102,insects,mg/l,MOR,
2759,33208,6656,6960,50557,7041,107778,110031,1323538,insects,mg/l,ITX,
2759,33208,6656,6960,50557,7041,50515,107883,1267246,insects,mg/l,MOR,
2759,33208,6656,6960,50557,7041,50515,156912,156945,insects,mg/l,MOR,
2759,33208,6656,6960,50557,7041,50515,107799,398601,insects,mg/l,MOR,
2759,33208,6656,6960,50557,50622,62802,62803,2014037,insects,mg/l,MOR,
2759,33208,6656,6960,50557,7041,50515,107767,107768,insects,mg/l,MOR,
2759,33208,6656,6960,50557,6961,126177,126230,126231,insects,mg/l,MOR,
2759,33208,6656,6960,50557,30263,50645,177674,292572,insects,mg/l,MOR,
2759,33208,6656,6960,50557,30263,50645,177674,260544,insects,mg/l,MOR,
2759,33208,6656,6960,50557,6961,70895,79454,196756,insects,mg/l,MOR,
2759,33208,6656,6960,50557,6961,126180,181491,411057,insects,mg/l,MOR,
2759,33208,6656,6960,50557,6961,50509,12920,12921,insects,mg/l,MOR,
2759,33208,6656,6960,50557,6961,6964,6968,126069,insects,mg/l,MOR,
2759,33208,6656,6657,6658,84337,77654,77655,77656,crustaceans,mg/l,MOR,47.99999999999999
2759,33208,6656,6657,6658,84337,27401,200858,186181,crustaceans,mg/l,MOR,47.99999999999999
2759,33208,6656,6657,6658,84337,77667,77665,202087,crustaceans,mg/l,MOR,47.99999999999999
2759,33208,6656,6960,50557,7147,7157,190765,662895,insects,mg/l,MOR,
2759,33208,6656,6960,50557,7147,41811,2516901,2516902,insects,mg/l,ITX,
2759,33208,6656,6960,50557,7147,7157,7164,41429,insects,mg/l,MOR,
2759,33208,6656,6960,50557,7524,36161,56096,108914,insects,mg/l,ITX,
2759,33208,6656,6960,50557,7524,50616,236412,260537,insects,mg/l,MOR,
2759,33208,6656,6960,50557,7524,236406,280202,280203,insects,mg/l,MOR,
2759,33208,6656,6960,50557,7041,107851,107852,446441,insects,mg/l,MOR,
2759,33208,6656,6960,50557,7041,41102,290644,290645,insects,ppm,MOR,
2759,33208,6656,6657,6681,75399,79901,236561,419523,crustaceans,mg/l,MOR,47.99999999999999
2759,33208,6656,6657,6681,29979,82764,341130,341131,crustaceans,mg/l,MOR,47.99999999999999
2759,33208,6656,6657,6681,6821,36939,45625,178002,crustaceans,mg/l,MOR,47.99999999999999
2759,33208,7711,89593,186623,28738,2547680,30735,30736,fish,mg/l,MOR,96.0
2759,33208,6656,6657,116172,2899670,37806,94629,94630,crustaceans,mg/l,MOR,47.99999999999999
2759,33208,6447,,6605,551347,6615,1051063,1051067,mollusks,mg/kg,MOR,
2759,33208,6656,6960,50557,7524,36161,36162,36163,insects,mg/l,ITX,
2759,33208,6656,6960,50557,7041,107778,357802,1978417,insects,mg/l,ITX,
2759,33208,7711,89593,8292,8293,8294,8295,43114,amphibians,mg/l,MOR,
2759,33208,6656,6960,50557,7147,7149,7150,1671608,insects,mg/l,MOR,
2759,33208,6656,6960,50557,7147,7149,33398,2715850,insects,mg/l,MOR,
2759,33208,6656,6657,72037,6833,163470,163471,187406,crustaceans,mg/l,MOR,47.99999999999999
2759,33208,6656,6657,72037,84308,84315,938111,938113,crustaceans,mg/l,MOR,47.99999999999999
2759,33208,7711,89593,186623,1489911,8113,8114,113515,fish,mg/l,MOR,96.0
2759,33208,7711,89593,186623,8111,8092,8098,147210,fish,mg/l,MOR,96.0
2759,33208,6656,6657,6681,6821,36939,45625,732107,crustaceans,mg/l,MOR,47.99999999999999
2759,33208,6447,,6544,2783445,52798,52799,244423,mollusks,mg/l,MOR,
2759,33208,7711,89593,186623,32446,55118,34772,224703,fish,mg/l,MOR,96.0
2759,33208,7711,89593,186623,32446,55118,34772,34774,fish,mg/l,MOR,96.0
2759,33208,7711,89593,186623,41872,8189,48170,2914170,fish,mg/l,MOR,96.0
2759,33208,6447,,6448,,6470,2480990,2706822,mollusks,mg/l,MOR,
2759,33208,6340,,6341,6348,39820,42114,595970,worms,mg/l,MOR,
2759,33208,6656,6657,6658,84337,675437,77663,262336,crustaceans,mg/l,MOR,47.99999999999999
2759,33208,6656,6657,6681,75399,79901,223649,1049545,crustaceans,mg/l,MOR,47.99999999999999
2759,33208,7711,89593,186623,8111,8165,54318,54330,fish,mg/l,MOR,96.0
2759,33208,7711,89593,186623,1489931,8169,35578,35579,fish,mg/l,MOR,96.0
2759,33208,6447,,6448,,6524,191796,191797,mollusks,mg/l,MOR,
2759,33208,6447,,6448,,584723,145881,145882,mollusks,mg/l,MOR,
2759,33208,7711,89593,8292,8342,8382,8383,8384,amphibians,mg/l,MOR,
2759,33208,6656,6960,50557,6961,6964,126255,254766,insects,mg/l,MOR,
2759,33208,7711,89593,186623,1489878,86197,78194,86242,fish,mg/l,MOR,96.0
2759,33208,6656,6657,6681,6683,6713,6714,6715,crustaceans,mg/l,MOR,47.99999999999999
2759,33208,6656,6657,6658,84337,,,1068518,crustaceans,mg/l,MOR,47.99999999999999
2759,33208,6656,6960,50557,30073,50581,50582,219458,insects,mg/l,MOR,
2759,33208,7711,89593,186623,,30870,215359,240163,fish,mg/l,MOR,96.0
2759,33208,7711,89593,186623,1489878,8220,166753,166754,fish,mg/l,MOR,96.0
2759,33208,6656,6657,6681,6683,6695,6696,345820,crustaceans,mg/l,MOR,47.99999999999999
2759,33208,6656,6657,6681,6683,6685,133894,71411,crustaceans,mg/l,MOR,47.99999999999999
2759,33208,7711,89593,186623,1489926,84619,84620,476914,fish,mg/l,MOR,96.0
2759,33208,6656,6657,6681,6683,72876,40175,88210,crustaceans,mg/l,MOR,47.99999999999999
2759,33208,6656,6657,6681,6683,72876,40175,106767,crustaceans,mg/l,MOR,47.99999999999999
2759,33208,7711,89593,186623,,42148,34815,46259,fish,mg/l,MOR,96.0
2759,33208,7711,89593,186623,8111,8165,283033,283034,fish,mg/l,MOR,96.0
2759,33208,7711,89593,186623,7952,278171,160394,135647,fish,mg/l,MOR,96.0
2759,33208,7711,89593,186623,8075,30700,32459,120843,fish,mg/l,MOR,96.0
2759,33208,7711,89593,186623,32446,55118,316162,316163,fish,mg/l,MOR,96.0
2759,33208,7711,89593,186623,1489940,8162,45782,135764,fish,mg/l,MOR,96.0
2759,33208,7711,89593,186623,1489940,30875,443751,443752,fish,mg/l,MOR,96.0
2759,33090,3041,,3166,3042,3043,3044,257627,algae,mg/l,POP,96.0
2759,33208,6656,6657,6681,6683,108099,53943,53944,crustaceans,mg/l,MOR,47.99999999999999
2759,33208,7711,89593,8292,8342,8397,8399,79015,amphibians,mg/l,MOR,
2759,33208,7711,89593,8292,8293,30366,36311,36312,amphibians,mg/l,MOR,
2759,33208,6656,6960,50557,7147,7190,7191,626799,insects,mg/l,MOR,
2759,33208,6656,6960,50557,30073,185813,219340,603554,insects,mg/l,ITX,
2759,33208,6656,6960,50557,30073,50633,240913,603579,insects,mg/l,MOR,
2759,33208,6656,6960,50557,50622,51551,178292,178293,insects,mg/l,MOR,
2759,33208,6656,6960,50557,30263,93876,177910,178329,insects,mg/l,POP,
2759,33208,6656,6960,50557,50622,50623,143767,1056681,insects,mg/l,MOR,
2759,33208,7711,89593,186623,1489900,270602,1679031,96903,fish,mg/l,MOR,96.0
2759,33208,6340,,42113,2937015,2109251,41693,41694,worms,mg/l,MOR,
2759,33208,6340,,42113,2937015,2109251,74726,212246,worms,mg/l,MOR,
2759,33208,6340,,42113,2218736,307842,38566,51991,worms,mg/l,MOR,
2759,33208,6340,,42113,6406,6407,6411,34588,worms,mg/l,MOR,
2759,33208,6656,6657,72037,84308,84315,516365,516366,crustaceans,mg/l,MOR,47.99999999999999
2759,33208,6656,6960,50557,50622,143727,143728,466583,insects,mg/l,MOR,
2759,33208,6656,6960,50557,30263,93876,177900,98977,insects,mg/l,POP,
2759,,2836,,33836,265576,49236,49237,655751,algae,mg/l,POP,96.0
2759,,2836,,33836,33847,29202,35127,83372,algae,mg/l,POP,96.0
2759,,2836,,33836,265576,49236,49237,49238,algae,mg/l,POP,96.0
2759,,2836,,33836,33847,29202,83370,83371,algae,mg/l,POP,96.0
2759,33208,7711,89593,186623,8252,8256,2135392,8258,fish,mg/l,MOR,96.0
2759,33208,6656,6960,50557,30263,50645,50646,761618,insects,mg/l,MOR,
2759,33208,6656,6960,50557,30263,177660,177662,177663,insects,mg/l,MOR,
2759,33208,6656,6960,50557,30263,41034,41035,1188089,insects,mg/l,MOR,
2759,33208,6656,6960,50557,30263,41034,177647,763322,insects,mg/l,MOR,
2759,33208,6656,6960,50557,30263,158437,158438,763313,insects,mg/l,MOR,
2759,33208,6656,6960,50557,30263,177799,177802,177803,insects,mg/l,MOR,
2759,33208,6656,6960,50557,50622,51551,466773,1056302,insects,mg/l,MOR,
2759,33208,6656,6960,50557,50622,143751,143752,1485931,insects,mg/l,MOR,
2759,33208,6656,6960,50557,50622,143699,143700,143701,insects,mg/l,MOR,
2759,33208,6656,6960,50557,50622,62802,62803,466572,insects,mg/l,MOR,
2759,33208,6656,6960,50557,50622,50623,143767,910621,insects,mg/l,MOR,
2759,33208,6656,6960,50557,30073,178295,603960,603977,insects,mg/l,MOR,
2759,33208,6656,6960,50557,30073,185813,219340,248216,insects,mg/l,ITX,
2759,33208,6656,6960,50557,30073,89829,219461,219488,insects,mg/l,MOR,
2759,33208,6656,6960,50557,30073,50633,50634,219339,insects,mg/l,MOR,
2759,33208,6656,6657,116172,2899670,37806,637416,1232801,crustaceans,mg/l,MOR,47.99999999999999
2759,33208,6656,6657,6681,29979,63227,92524,272817,crustaceans,mg/l,MOR,47.99999999999999
2759,33208,6656,6960,50557,30263,177924,177929,1876104,insects,mg/l,MOR,
2759,33208,7711,89593,186623,1489940,30842,163136,242929,fish,mg/l,MOR,96.0
2759,33208,7711,89593,186623,32446,43062,495044,2747774,fish,mg/l,MOR,96.0
2759,33208,6656,6657,72037,6833,163235,163236,163468,crustaceans,mg/l,MOR,47.99999999999999
2759,33208,10197,,140493,50341,86008,34498,140457,cnidarians and bryozoans,mg/l,MOR,
2759,33208,6656,6657,72037,6833,6835,119367,119370,crustaceans,mg/l,MOR,47.99999999999999
2759,33208,6656,6657,72037,6833,122094,114066,114067,crustaceans,mg/l,MOR,47.99999999999999
2759,33208,6656,6657,72037,6833,6835,184746,184747,crustaceans,mg/l,MOR,47.99999999999999
2759,33208,6656,6657,72037,6833,117959,117960,544693,crustaceans,mg/l,MOR,47.99999999999999
2759,33208,10197,,140493,27921,51105,27922,27923,cnidarians and bryozoans,mg/l,MOR,
2759,33208,6656,6657,6681,6683,6701,6702,263425,crustaceans,mg/l,MOR,47.99999999999999
2759,33208,7711,89593,186623,7991,7992,42493,42494,fish,mg/l,MOR,96.0
2759,33208,6447,,6448,,53506,2510713,362874,mollusks,mg/l,MOR,
2759,33208,7711,89593,186623,1489907,8157,8160,8161,fish,mg/l,MOR,96.0
2759,33208,6447,,6448,2315720,6466,2072689,2777158,mollusks,mg/l,MOR,
2759,33208,6447,,6448,,6462,6463,6465,mollusks,mg/l,MOR,
2759,33208,6073,,6101,6103,42822,6104,6106,cnidarians and bryozoans,mg/l,MOR,
2759,33208,7711,89593,186623,1489878,8220,13224,13225,fish,mg/l,MOR,96.0
2759,33208,10190,,2816136,84394,10193,10194,396692,rotifers,mg/l,MOR,
2759,33208,10190,,2816136,84394,10193,204737,885371,rotifers,mg/l,MOR,
2759,33208,6656,6960,50557,6961,50509,1081944,1081945,insects,mg/l,MOR,
2759,33208,7711,89593,186623,8075,69128,69131,69132,fish,mg/l,MOR,96.0
2759,33208,6656,6657,6681,6821,398846,398847,398848,crustaceans,mg/l,MOR,47.99999999999999
2759,33208,6340,,42113,2937015,2109251,74730,212334,worms,mg/l,MOR,
2759,33208,6656,6960,50557,7147,7149,153373,1042861,insects,mg/l,MOR,
2759,33208,6656,6960,50557,30263,57995,599788,1771389,insects,mg/l,MOR,
2759,33208,7711,89593,186623,8111,30871,94952,349661,fish,mg/l,MOR,96.0
2759,33208,6656,6657,6681,6683,6770,53288,53306,crustaceans,mg/l,MOR,47.99999999999999
2759,33208,7711,89593,186623,7952,7953,84644,643323,fish,mg/l,MOR,96.0
2759,,2836,,589449,420271,49247,49248,49249,algae,mg/l,POP,96.0
2759,33208,7711,89593,186623,,30870,29153,29154,fish,mg/l,MOR,96.0
2759,33208,7711,89593,8292,8342,8418,189919,189920,amphibians,mg/l,MOR,
2759,33090,3041,,3166,3042,3051,3052,51694,algae,mg/l,POP,96.0
2759,33208,6656,6657,6681,6683,6695,117982,390956,crustaceans,mg/l,MOR,47.99999999999999
2759,33208,7711,89593,186623,7899,7911,7912,7913,fish,mg/l,MOR,96.0
2759,33208,7711,89593,186623,7952,7953,137057,1602383,fish,mg/l,MOR,96.0
2759,33208,6447,,6544,47521,47526,47527,143294,mollusks,mg/l,MOR,
2759,33090,3041,,3166,3042,3065,33098,33099,algae,mg/l,POP,96.0
2759,33090,3041,,3166,35491,3086,55408,795111,algae,mg/l,POP,96.0
2759,33090,3041,,75966,35460,35461,126838,126839,algae,mg/l,POP,96.0
2759,33090,35493,131221,131209,131210,131211,34145,102165,plants,mg/l,POP,
2759,33090,35493,131221,131209,131210,131211,34145,157562,plants,mg/l,POP,
2759,33090,35493,131221,131209,131210,31314,33100,98434,plants,mg/l,POP,
2759,33090,35493,131221,131209,131210,31314,130992,426044,plants,mg/l,POP,
2759,33090,35493,131221,131209,131210,130972,102168,102169,plants,mg/l,POP,
2759,,2836,,33849,1880621,1003068,265567,431333,algae,mg/l,POP,96.0
2759,,2836,,33853,33855,33856,33644,432266,algae,mg/l,POP,96.0
2759,,2836,,33853,2108076,2108078,426668,426669,algae,mg/l,POP,96.0
2759,,,,3027,589350,2896,3030,70450,algae,mg/l,POP,96.0
2,1783272,1117,,3028117,1161,1892259,748770,135104,cyanobacteria,ppm,POP,96.0
2,1783272,1117,,3028117,1890424,1890428,53402,271628,cyanobacteria,mg/l,POP,96.0
2,1783272,1117,,3028117,2881377,1890436,1152,71190,cyanobacteria,mg/l,POP,96.0
2759,,2836,,33836,,49232,49233,49234,algae,mg/l,POP,96.0
2759,,,,3027,589350,2896,3030,233185,algae,mg/l,POP,96.0
2,1783272,1117,,3028117,1150,1892252,1501433,331992,cyanobacteria,mg/l,POP,96.0
2759,33208,7711,89593,186623,7991,7992,188718,756470,fish,mg/l,MOR,96.0
2759,33208,10205,,34517,,350066,361474,361475,cnidarians and bryozoans,mg/l,MOR,
2759,33208,10205,,34517,,350069,350070,350071,cnidarians and bryozoans,mg/l,MOR,
2759,33208,10205,,34517,,34518,34519,56620,cnidarians and bryozoans,mg/l,MOR,
2759,33090,3041,,75966,2981622,,1034479,3082,algae,mg/l,POP,96.0
2,1783272,1117,,3028117,2881377,1890436,1152,1112103,cyanobacteria,mg/l,POP,96.0
2759,33208,6656,6960,50557,30073,50581,50582,911379,insects,mg/l,MOR,
2759,33208,7711,89593,186623,1489931,8169,8176,72011,fish,mg/l,MOR,96.0
2759,33208,7711,89593,186623,1489940,8180,8181,8182,fish,mg/l,MOR,96.0
2759,33208,6656,6960,50557,7147,92611,124299,124300,insects,mg/l,MOR,
2759,33208,7711,89593,186623,7952,2743726,28793,111846,fish,mg/l,MOR,96.0
2759,33208,6656,6960,50557,6961,126180,181491,273679,insects,mg/l,MOR,
2759,33208,7711,89593,186623,7952,7968,7969,43956,fish,mg/l,MOR,96.0
2759,33208,6656,6657,6658,6659,59186,59187,270791,crustaceans,mg/l,MOR,47.99999999999999
2759,33208,6340,,42113,2218736,6417,6420,6421,worms,mg/l,ITX,
2759,33208,6656,6657,6658,6659,59186,59187,91590,crustaceans,mg/l,MOR,47.99999999999999
2759,33208,7711,89593,186623,,30863,80978,83874,fish,mg/l,MOR,96.0
2759,33208,6656,6960,50557,7147,7190,7191,37341,insects,mg/l,MOR,
2,1783272,1117,,3028117,1161,1892259,748770,109265,cyanobacteria,ppm,POP,96.0
2759,33208,7711,89593,186623,8075,160493,160494,160495,fish,mg/l,MOR,96.0
2759,33208,6656,6657,6681,75399,79901,110440,419521,crustaceans,mg/l,MOR,47.99999999999999
2759,33208,7711,89593,186623,28738,8079,8080,48701,fish,mg/l,MOR,96.0
2759,33090,3041,,3166,35491,3086,91202,119579,algae,mg/l,POP,96.0
2759,33208,7711,89593,186623,7952,2743709,198509,857619,fish,mg/l,MOR,96.0
2759,33208,6656,6657,6658,84337,77658,527155,527158,crustaceans,mg/l,MOR,47.99999999999999
2759,33208,7711,89593,186623,32446,55118,224712,336262,fish,mg/l,MOR,96.0
2759,33208,6447,,6544,47521,47526,96931,96932,mollusks,mg/l,MOR,
2759,33208,6656,6960,50557,7147,34680,198633,198635,insects,kg/m2,POP,
2759,33208,6340,,42113,2937015,2109251,66487,212255,worms,mg/l,MOR,
2759,33208,6656,6960,50557,30073,197146,197147,446426,insects,mg/l,POP,
2759,33208,6656,6960,50557,30263,177681,1432123,1523455,insects,mg/l,MOR,
2759,33208,6656,6960,50557,30263,41030,50443,329908,insects,mg/l,MOR,
2759,33208,6157,,147100,6159,31262,6160,56551,worms,mg/l,MOR,
2759,33208,7711,89593,186623,7899,7900,7901,7906,fish,mg/l,MOR,96.0
2759,33208,7711,89593,186623,7995,30989,94992,94993,fish,mg/l,MOR,96.0
2759,33208,7711,89593,186623,7952,2743726,67555,86924,fish,mg/l,MOR,96.0
2759,33208,6656,6657,72037,84308,84315,245076,669468,crustaceans,mg/l,MOR,47.99999999999999
2759,33208,6656,6657,72037,6833,6835,399987,399988,crustaceans,mg/l,MOR,47.99999999999999
2759,33208,6656,6657,6681,6821,315604,315605,315606,crustaceans,mg/l,MOR,47.99999999999999
2759,33208,6656,6960,50557,30263,93876,177910,338476,insects,mg/l,POP,
2759,33208,6656,6960,50557,30263,41030,50443,1208699,insects,mg/l,MOR,
2759,33208,6656,6960,50557,30263,41030,50443,599825,insects,mg/l,MOR,
2759,33208,6656,6960,50557,30263,41030,50443,1208702,insects,mg/l,MOR,
2759,33208,6656,6657,6681,6821,371451,1582899,1582900,crustaceans,mg/l,MOR,47.99999999999999
2759,33208,7586,,7705,7701,7702,7703,7704,echinoderms,mg/l,MOR,
2759,33208,6447,,6544,6580,6581,31205,31206,mollusks,mg/l,MOR,
2759,33208,6447,,6544,2783444,114957,6586,6587,mollusks,mg/l,MOR,
2759,33208,6340,,6341,,36122,167807,167808,worms,mg/l,MOR,
2759,33208,6447,,6544,2783445,55708,241163,241167,mollusks,mg/l,MOR,
2759,33208,6340,,6341,,51292,397553,397554,worms,mg/l,MOR,
2759,33208,7711,89593,186623,41872,8189,48170,48192,fish,mg/l,MOR,96.0
2759,33208,43120,,,,43124,43125,662536,worms,mg/l,POP,
2759,33208,7711,89593,186623,7899,7900,7901,27689,fish,mg/l,MOR,96.0
2759,33208,7711,89593,186623,28738,8079,8080,69235,fish,mg/l,MOR,96.0
2759,33208,6656,6960,50557,7147,169447,320954,320956,insects,mg/l,ITX,
2759,33208,6656,6960,50557,30263,41030,50443,3381274,insects,mg/l,MOR,
2759,33208,6656,6960,50557,30263,41030,177865,177866,insects,mg/l,MOR,
2759,33208,6656,6657,6681,6683,6725,306272,2885560,crustaceans,mg/l,MOR,47.99999999999999
2759,33208,6656,6960,50557,50622,51551,2570579,2570580,insects,mg/l,MOR,
2759,33208,6656,6960,50557,30263,50642,699975,764567,insects,kg/m2,MOR,
2759,33208,7711,89593,186623,7952,2509195,75333,80783,fish,mg/l,MOR,96.0
2759,33208,6447,,6448,2315723,6451,6452,37743,mollusks,mg/l,MOR,
2759,33208,6447,,6544,106218,6566,186466,6573,mollusks,mg/l,MOR,
2759,33208,6447,,6448,6479,39476,55522,272940,mollusks,mg/l,MOR,
2759,33208,7711,89593,186623,1489900,30910,33789,64152,fish,mg/l,MOR,96.0
2759,,555280,,,1485168,33677,5754,5755,protozoans,mg/l,POP,
2759,33208,6340,,6341,65495,104701,104702,167815,worms,mg/l,MOR,
2759,33208,6656,6960,50557,30263,41034,41035,911175,insects,mg/l,MOR,
2759,33208,6656,6960,50557,7524,50616,236412,881685,insects,mg/l,MOR,
2759,33208,6656,6657,6681,6683,6685,133894,171294,crustaceans,mg/l,MOR,47.99999999999999
2759,33208,7711,89593,117569,7745,7746,94988,104630,fish,mg/l,MOR,96.0
2759,33208,7711,89593,186623,2024539,30850,40493,211834,fish,mg/l,MOR,96.0
2759,33208,6447,,6448,2340871,69683,145630,619695,mollusks,mg/l,MOR,
2759,33208,6340,,42113,2937015,2109251,76586,146604,worms,mg/l,MOR,
2759,33208,6656,6657,6681,6821,36939,45625,903971,crustaceans,mg/l,MOR,47.99999999999999
2759,33208,6656,6960,50557,30073,89829,202397,446454,insects,mg/l,MOR,
2759,33208,6447,,6544,106218,6566,6578,6579,mollusks,mg/l,MOR,
2759,33208,6656,6657,6681,6683,96235,96236,446220,crustaceans,mg/l,MOR,47.99999999999999
2759,33208,7711,89593,8292,8342,8397,192752,190276,amphibians,mg/l,MOR,
2759,33208,6656,6960,50557,7147,7157,7164,7166,insects,mg/l,MOR,
2759,33208,7711,89593,186623,8111,69291,134919,134920,fish,mg/l,MOR,96.0
2759,33208,6656,6960,50557,30073,197146,197147,1279096,insects,mg/l,POP,
2759,33208,6656,6960,50557,7147,41811,41812,204562,insects,mg/l,ITX,
2759,33090,3041,,3166,31299,33093,55998,764117,algae,mg/l,POP,96.0
2,1783272,1117,,3028117,1161,1162,1177,1178,cyanobacteria,mg/l,POP,96.0
2759,33208,7711,89593,186623,7952,278171,425496,425510,fish,mg/l,MOR,96.0
2759,33208,6656,6657,6658,6659,59186,59187,91585,crustaceans,mg/l,MOR,47.99999999999999
2759,33208,6656,6960,50557,7147,7149,646288,2058789,insects,mg/l,MOR,
2759,33208,6447,,6544,47521,47526,2706149,165450,mollusks,mg/l,MOR,
2759,33208,6447,,6544,6580,6592,74490,1050419,mollusks,mg/l,MOR,
2759,33208,6447,,6544,6580,1176409,1176410,1176411,mollusks,mg/l,MOR,
2759,33208,7586,,7618,2783457,742520,70179,1266684,echinoderms,mg/l,MOR,
2759,33208,6447,,6544,6552,6553,6554,148819,mollusks,mg/l,MOR,
2759,33208,7711,89593,186623,1489940,30858,163133,163134,fish,mg/l,MOR,96.0
2759,33208,6656,6657,6681,6683,84660,84661,84662,crustaceans,mg/l,MOR,47.99999999999999
2759,33208,6447,,6544,2783445,40128,40129,120568,mollusks,mg/l,MOR,
2759,33208,6073,,6074,500008,27800,314521,314522,cnidarians and bryozoans,mg/l,MOR,
2759,33208,7711,89593,186623,7952,2743726,28793,210137,fish,mg/l,MOR,96.0
2759,33208,6656,6657,6658,84337,77658,6668,132684,crustaceans,mg/l,MOR,47.99999999999999
2759,33208,7711,89593,186623,7952,2743714,27703,27704,fish,mg/l,MOR,96.0
2759,33208,7711,89593,186623,8006,8015,27772,107322,fish,mg/l,MOR,96.0
2759,,33682,,5653,2704949,5654,5655,5656,protozoans,mg/l,POP,
2759,33208,7711,89593,186623,7952,2509195,58326,58327,fish,mg/l,MOR,96.0
2759,33208,6656,6960,50557,6961,70895,79456,218367,insects,mg/l,MOR,
2759,33208,6656,6960,50557,30073,89829,89830,2776930,insects,mg/l,MOR,
2759,33208,6656,6657,6681,6821,578848,578844,1050851,crustaceans,mg/l,MOR,47.99999999999999
2759,33208,6447,,6448,,6521,1570295,1658597,mollusks,mg/l,MOR,
2759,33208,7711,89593,186623,8075,461499,461497,1643406,fish,mg/l,MOR,96.0
2759,,2836,,33849,1003319,216726,216727,265541,algae,mg/l,POP,96.0
2759,,2836,,33849,38748,265582,265583,655802,algae,mg/l,POP,96.0
2759,33208,6656,6657,6681,29979,96822,96874,96875,crustaceans,mg/l,MOR,47.99999999999999
2759,33208,6656,6960,50557,7524,50616,236412,1656707,insects,mg/l,MOR,
2759,33208,6656,6960,50557,7147,7157,7174,7178,insects,mg/l,MOR,
2759,33208,7711,89593,186623,7952,2743745,80809,80810,fish,mg/l,MOR,96.0
2759,33208,6447,,6544,106218,6566,100775,100776,mollusks,mg/l,MOR,
2759,33208,6157,,6178,2717078,57254,57259,57260,worms,mg/l,MOR,
2759,33208,7711,89593,186623,1489940,8180,109272,109273,fish,mg/l,MOR,96.0
2759,33208,6447,,6448,75116,54976,57623,2939650,mollusks,mg/l,MOR,
2759,33208,6656,6960,50557,30073,178295,226220,391583,insects,mg/l,MOR,
2759,33208,6447,,6544,47521,47526,691886,1183213,mollusks,mg/l,MOR,
2759,33208,6656,6657,6681,6683,6731,6734,6737,crustaceans,mg/l,MOR,47.99999999999999
2759,,555280,,,1485168,33677,5754,65660,protozoans,mg/l,POP,
2759,33208,6447,,6448,6479,39476,399970,399971,mollusks,mg/l,MOR,
2759,33208,6656,6657,72037,41212,324870,1042267,1042268,crustaceans,mg/l,MOR,47.99999999999999
2759,33208,7586,,7625,2785018,31176,7633,1043166,echinoderms,mg/l,GRO,
2759,33208,6656,6960,50557,7041,50515,107891,3369606,insects,mg/l,MOR,
2759,33208,6656,6960,50557,7147,41811,41812,204566,insects,mg/l,ITX,
2759,33208,7711,89593,186623,7952,7953,1911134,117133,fish,mg/l,MOR,96.0
2759,33208,7711,89593,186623,7952,7953,467340,2483416,fish,mg/l,MOR,96.0
2759,33208,7711,89593,186623,1489911,8113,8126,64551,fish,mg/l,MOR,96.0
2759,33208,7711,89593,186623,1489911,8113,50811,277994,fish,mg/l,MOR,96.0
2759,33208,7711,89593,186623,7952,7953,1911134,136815,fish,mg/l,MOR,96.0
2759,33208,7711,89593,186623,,30863,80992,258452,fish,mg/l,MOR,96.0
2759,33208,7711,89593,186623,8111,30871,184439,184440,fish,mg/l,MOR,96.0
2759,33208,7711,89593,186623,31022,143346,143347,2996723,fish,mg/l,MOR,96.0
2759,33208,6447,,6544,278205,45950,45970,152466,mollusks,mg/l,MOR,
2759,,2836,,589449,420267,210442,210443,210444,algae,mg/l,POP,96.0
2759,33208,7711,89593,186623,1489900,30855,248995,248996,fish,mg/l,MOR,96.0
2759,33208,7711,89593,186623,7952,2743709,353258,1906129,fish,mg/l,MOR,96.0
2759,33208,6656,6960,50557,7524,236403,236715,1932171,insects,mg/l,MOR,
2759,4751,4890,147538,147550,5125,5129,5543,1070779,fungi,mg/l,POP,
2759,33208,6656,6960,50557,7524,236405,446485,2994929,insects,mg/l,MOR,
2759,33208,6656,6657,72037,84308,84315,245081,445403,crustaceans,mg/l,MOR,47.99999999999999
2759,33208,6447,,6448,6479,39476,51626,51631,mollusks,mg/l,MOR,
2759,33208,6656,6657,6681,6683,6757,80835,80836,crustaceans,mg/l,MOR,47.99999999999999
2759,33208,6656,6657,6681,6683,6757,80835,411673,crustaceans,mg/l,MOR,47.99999999999999
2759,33208,6656,6657,6681,6683,6757,65692,65693,crustaceans,mg/l,MOR,47.99999999999999
2759,33208,6656,6657,116172,2899670,37806,6677,164412,crustaceans,mg/l,MOR,47.99999999999999
2759,33208,6447,,6544,47521,47526,52376,55832,mollusks,mg/l,MOR,
2759,33208,6656,6657,6681,6683,98089,576210,576211,crustaceans,mg/l,MOR,47.99999999999999
2759,33208,6656,6657,72037,6833,121137,248475,248751,crustaceans,mg/l,MOR,47.99999999999999
2759,33208,6656,6657,72037,6833,121137,121140,248758,crustaceans,mg/l,MOR,47.99999999999999
2759,33208,7711,89593,186623,7952,2743726,13476,87724,fish,mg/l,MOR,96.0
2759,33208,7711,89593,186623,7952,2743726,54555,317898,fish,mg/l,MOR,96.0
2759,33208,7711,89593,186623,1489900,30910,33789,215402,fish,mg/l,MOR,96.0
2759,,2830,,,73020,,185005,185006,algae,mg/l,POP,96.0
2759,33208,6656,6960,50557,30073,89829,202397,603767,insects,mg/l,MOR,
2759,33208,7711,89593,186623,1489911,8113,8143,8144,fish,mg/l,MOR,96.0
2759,33208,7711,89593,186623,7952,2743709,439832,46780,fish,mg/l,MOR,96.0
2759,33208,6340,,42113,2937015,2109251,2794871,2794872,worms,mg/l,MOR,
2759,33208,6340,,42113,85671,77569,77570,77571,worms,mg/l,MOR,
2759,33208,6340,,42113,2937015,2109251,188235,188237,worms,mg/l,MOR,
2759,33208,6656,6960,50557,7147,7157,7164,139723,insects,mg/l,MOR,
2759,33208,7711,89593,186623,28738,8079,8080,69236,fish,mg/l,MOR,96.0
2759,33208,7711,89593,186623,28738,8076,28741,323262,fish,mg/l,MOR,96.0
2759,33208,6656,6657,72037,6833,236535,240647,240648,crustaceans,mg/l,MOR,47.99999999999999
2759,,5878,431838,6020,33825,340080,5884,44030,protozoans,mg/l,MOR,
2759,33208,7711,89593,186623,7995,31017,243723,75286,fish,mg/l,MOR,96.0
2759,33208,7711,89593,186623,1489931,8169,119681,119682,fish,mg/l,MOR,96.0
2759,33208,7711,89593,186623,8111,8108,72113,72114,fish,mg/l,MOR,96.0
2759,33208,6656,6960,50557,7147,7149,646288,1366564,insects,mg/l,MOR,
2759,33208,6656,6657,6681,6683,6695,6696,345825,crustaceans,mg/l,MOR,47.99999999999999
2759,33208,6656,6657,6681,6683,6695,6696,2986584,crustaceans,mg/l,MOR,47.99999999999999
2759,,,,3027,589350,2896,3030,1241959,algae,mg/l,POP,96.0
2759,,,,2825,96792,98651,2985,2986,algae,mg/l,POP,96.0
2759,33208,6656,6657,6681,6683,6695,6696,293655,crustaceans,mg/l,MOR,47.99999999999999
2759,33208,7711,89593,186623,7952,7953,137059,205126,fish,mg/l,MOR,96.0
2759,,2836,,33849,97224,97225,97226,97227,algae,mg/l,POP,96.0
2759,33208,7711,89593,186623,28738,28778,52579,52580,fish,mg/l,MOR,96.0
2759,33208,7711,89593,186623,1489900,270602,209239,209240,fish,mg/l,MOR,96.0
2759,33208,6447,,6448,,6521,55689,106804,mollusks,mg/l,MOR,
2759,33208,7711,89593,186623,7899,7900,7901,7902,fish,mg/l,MOR,96.0
2759,33208,7711,89593,186623,7952,2743726,48667,484165,fish,mg/l,MOR,96.0
2759,33208,7711,89593,186623,28738,2547680,30735,3352038,fish,mg/l,MOR,96.0
2759,33208,6447,,6544,6546,6547,40255,40256,mollusks,mg/l,MOR,
2759,33208,6656,6657,6681,6683,111522,2849047,2849048,crustaceans,mg/l,MOR,47.99999999999999
2759,33208,6656,6960,50557,7147,7157,7174,42429,insects,mg/l,MOR,
2759,33208,7711,89593,186623,8064,8065,8067,95145,fish,mg/l,MOR,96.0
2759,33208,6656,6657,72037,6833,121147,121148,198241,crustaceans,mg/l,MOR,47.99999999999999
2759,33208,6157,,147100,6159,27896,39784,66754,worms,mg/l,MOR,
2759,33090,35493,131221,3398,16360,27254,27257,29655,plants,mg/l,GRO,
2759,33208,6656,6657,6658,84337,77658,6668,42853,crustaceans,mg/l,MOR,47.99999999999999
2759,33208,6656,6657,6681,6683,72876,106818,151182,crustaceans,mg/l,MOR,47.99999999999999
2759,33208,6447,,6544,6580,6592,2602927,990946,mollusks,mg/l,MOR,
2759,33208,7711,89593,186623,7952,7953,1109708,1109706,fish,mg/l,MOR,96.0
2759,,5878,431838,6020,33825,340080,5884,5889,protozoans,mg/l,MOR,
2759,33208,7711,89593,186623,1489911,8113,13073,81339,fish,mg/l,MOR,96.0
2759,33208,6656,6960,50557,7147,7190,13645,13647,insects,mg/l,MOR,
2759,33208,6656,6657,72037,6833,236535,251516,251517,crustaceans,mg/l,MOR,47.99999999999999
2759,33208,7586,,7625,2785018,7676,7657,7658,echinoderms,mg/l,GRO,
2759,33090,3041,,3166,35491,3086,91202,77547,algae,mg/l,POP,96.0
2759,,5878,431838,6020,33825,340080,5884,5886,protozoans,mg/l,MOR,
2759,33208,7711,89593,8292,8342,685122,58518,58519,amphibians,mg/l,MOR,
2759,33208,7711,89593,186623,8006,8015,8033,8036,fish,mg/l,MOR,96.0
2759,33208,7711,89593,186623,7952,7982,7983,7984,fish,mg/l,MOR,96.0
2759,33208,7711,89593,186623,1489940,8180,27705,225392,fish,mg/l,MOR,96.0
2759,33208,6656,6960,50557,30073,178295,178296,219338,insects,mg/l,MOR,
2759,33208,6656,6960,50557,30073,178295,178296,248247,insects,mg/l,MOR,
2759,,,,33859,98652,88165,88166,88167,algae,mg/l,POP,96.0
2759,33208,7711,89593,186623,1489928,8247,34786,34787,fish,mg/l,MOR,96.0
2759,33090,3041,,75966,35460,35461,247501,3074,algae,mg/l,POP,96.0
2759,33208,7586,,7618,2783457,106738,82377,82378,echinoderms,mg/l,MOR,
2759,33208,6656,6960,50557,7147,7149,7150,1165749,insects,mg/l,MOR,
2759,33208,6656,6657,6681,6683,156512,78091,345020,crustaceans,mg/l,MOR,47.99999999999999
2759,33208,6447,,6448,216294,1260510,2035992,328257,mollusks,mg/l,MOR,
2759,33208,6656,6960,50557,30073,50633,604011,1077841,insects,mg/l,MOR,
2759,33208,6656,6960,50557,50622,143733,143734,466568,insects,mg/l,POP,
2759,33208,6340,,42113,2937015,2109251,74730,188228,worms,mg/l,MOR,
2759,33208,6656,6657,72037,6833,236535,903841,2485068,crustaceans,mg/l,MOR,47.99999999999999
2759,33208,6656,6657,6658,84337,77658,77671,1255123,crustaceans,mg/l,MOR,47.99999999999999
2759,33208,6656,6657,6658,84337,77654,117531,2094052,crustaceans,mg/l,MOR,47.99999999999999
2759,33208,6656,6657,6658,84337,675437,77663,675436,crustaceans,mg/l,MOR,47.99999999999999
2759,33208,6656,6657,72037,84308,84315,516451,516452,crustaceans,mg/l,MOR,47.99999999999999
2759,33208,6447,,6544,6580,1176409,45948,127828,mollusks,mg/l,MOR,
2759,33208,6447,,6544,47521,96925,139425,152236,mollusks,mg/l,MOR,
2759,33208,6656,6960,50557,50622,143733,143734,2566911,insects,mg/l,POP,
2759,33208,6656,6960,50557,50622,62802,143716,466578,insects,mg/l,MOR,
2759,33208,6656,6657,6681,6821,36939,248952,889313,crustaceans,mg/l,MOR,47.99999999999999
2759,33208,7711,89593,186623,8111,8165,39193,57865,fish,mg/l,MOR,96.0
2759,33090,3041,,3166,35491,3086,55408,55409,algae,mg/l,POP,96.0
2759,33208,6656,6960,50557,7147,7190,7191,7194,insects,mg/l,MOR,
2759,33208,6656,6960,50557,50622,51551,219316,908145,insects,mg/l,MOR,
2759,33208,7711,89593,186623,8006,8015,27772,348710,fish,mg/l,MOR,96.0
2759,33208,6157,,147100,6159,27896,27899,1354672,worms,mg/l,MOR,
2759,33208,6656,6657,6681,6683,6695,6696,230391,crustaceans,mg/l,MOR,47.99999999999999
2759,33208,6656,6657,6681,6683,168676,303054,303055,crustaceans,mg/l,MOR,47.99999999999999
2759,33208,6656,6960,50557,7147,41811,41812,204565,insects,mg/l,ITX,
2759,33208,6656,6960,50557,7524,236409,280220,280221,insects,mg/l,MOR,
2759,33208,7711,89593,186623,7952,2743709,198509,209118,fish,mg/l,MOR,96.0
2759,33208,6447,,6544,6580,6592,74490,291251,mollusks,mg/l,MOR,
2759,,,,2864,40984,39451,2915,261830,algae,mg/l,POP,96.0
2759,33208,6447,,6448,,191785,153586,153587,mollusks,mg/l,MOR,
2759,33208,7711,89593,186623,7995,31013,205131,210630,fish,mg/l,MOR,96.0
2759,33208,6447,,6448,,55727,2184159,2184160,mollusks,mg/l,MOR,
2759,33208,7711,89593,186623,7952,7953,1162207,209169,fish,mg/l,MOR,96.0
2759,33208,6656,6657,6681,6683,689451,689441,1460405,crustaceans,mg/l,MOR,47.99999999999999
2759,33208,7711,7712,7713,7716,30274,201960,201961,tunicates and sponges,mg/l,MOR,
2759,33208,6656,6960,50557,30073,178295,226220,446444,insects,mg/l,MOR,
2759,33208,6656,6657,6658,84337,77658,77652,2708129,crustaceans,mg/l,MOR,47.99999999999999
2759,33208,6656,6960,50557,7147,7157,190765,120870,insects,mg/l,MOR,
2759,33208,6231,,119088,46000,211262,288430,288431,worms,mg/l,MOR,
2759,33208,6231,,119088,211184,1337729,327476,344395,worms,mg/l,MOR,
2759,33208,6231,,119089,6236,29166,70201,403128,worms,mg/l,MOR,
2759,33208,6231,,119089,6236,29166,70199,293677,worms,mg/l,MOR,
2759,33208,6231,,119088,70232,211390,293872,293874,worms,mg/l,MOR,
2759,33208,6231,,119088,46000,211220,211278,286770,worms,mg/l,MOR,
2759,33208,6656,6657,6681,6821,359161,359162,359163,crustaceans,mg/l,MOR,47.99999999999999
2759,33208,6656,6960,50557,30263,177807,633186,633187,insects,mg/l,MOR,
2759,33208,6447,,6544,6580,55711,55712,192880,mollusks,mg/l,MOR,
2759,33208,6656,6657,6681,6683,6725,60964,1240928,crustaceans,mg/l,MOR,47.99999999999999
2759,33208,7711,89593,186623,7952,2743709,439832,46781,fish,mg/l,MOR,96.0
2759,33208,7711,89593,186623,,205120,390299,1045542,fish,mg/l,MOR,96.0
2759,33208,7711,89593,186623,28738,28778,52579,52581,fish,mg/l,MOR,96.0
2759,33208,7711,89593,186623,7952,2743709,432405,451679,fish,mg/l,MOR,96.0
2759,33208,7711,89593,186623,28738,8079,28749,30751,fish,mg/l,MOR,96.0
2759,33208,7711,89593,186623,7952,7968,7972,143398,fish,mg/l,MOR,96.0
2759,,5878,431838,6020,1974272,85904,60849,77619,protozoans,mg/l,MOR,
2759,,5878,431838,6020,198613,35105,35106,35107,protozoans,mg/l,MOR,
2759,33208,6447,,6544,2783445,40128,40129,120567,mollusks,mg/l,MOR,
2759,33208,7711,89593,186623,7991,7992,7993,178767,fish,mg/l,MOR,96.0
2759,33208,7711,89593,186623,7952,278171,1042693,2972970,fish,mg/l,MOR,96.0
2759,33208,6340,,42113,2937015,2109251,150439,188231,worms,mg/l,MOR,
2759,33208,6656,6843,6854,83137,229837,503169,503180,insects,mg/l,MOR,
2759,33090,3041,,33103,3113,3114,3118,3116,algae,mg/l,POP,96.0
2759,33208,7711,89593,186623,41872,8189,48170,30804,fish,mg/l,MOR,96.0
2759,33208,6656,6657,72037,84308,84315,245076,298422,crustaceans,mg/l,MOR,47.99999999999999
2759,33208,6447,,6544,6580,55711,98298,192225,mollusks,mg/l,MOR,
2759,33208,6656,6657,6681,6821,36939,45625,315589,crustaceans,mg/l,MOR,47.99999999999999
2759,33208,6447,,6544,6580,6581,31207,31208,mollusks,mg/l,MOR,
2759,33208,6656,6657,6658,84337,77658,6668,35524,crustaceans,mg/l,MOR,47.99999999999999
2759,33208,7711,89593,186623,7952,7968,7969,244773,fish,mg/l,MOR,96.0
2759,33208,7711,89593,186623,7952,2743726,86919,303235,fish,mg/l,MOR,96.0
2759,33208,7711,89593,8292,8342,8418,189919,47562,amphibians,mg/l,MOR,
2759,33208,6656,6657,6681,6821,36939,248952,1522908,crustaceans,mg/l,MOR,47.99999999999999
2759,,,,2870,3009,91055,112067,112068,algae,mg/l,POP,96.0
2759,33208,7711,89593,186623,7952,2743726,38526,38527,fish,mg/l,MOR,96.0
2759,33208,6656,6657,6681,75398,314085,992985,3027176,crustaceans,mg/l,MOR,47.99999999999999
2759,33090,3041,,3166,3042,3051,195536,52035,algae,mg/l,POP,96.0
2759,33208,7711,89593,186623,51241,130264,51242,89554,fish,mg/l,MOR,96.0
2759,33208,6340,,6341,6348,39820,6358,6359,worms,mg/l,MOR,
2759,33208,7711,89593,186623,43697,94233,210628,138129,fish,mg/l,MOR,96.0
2759,33208,6656,6960,50557,7041,107778,110031,1553335,insects,mg/l,ITX,
2759,33208,6656,6657,6681,29979,161571,161572,2582962,crustaceans,mg/l,MOR,47.99999999999999
2759,33208,6447,,6448,6479,37796,37540,37541,mollusks,mg/l,MOR,
2759,33208,6656,6657,6681,29979,96822,294137,1131516,crustaceans,mg/l,MOR,47.99999999999999
2759,33208,7711,89593,8292,8342,8397,121164,8406,amphibians,mg/l,MOR,
2759,33208,7711,89593,186623,1489900,270602,96902,1749025,fish,mg/l,MOR,96.0
2759,33208,6656,6657,6681,6683,177236,1593258,1593259,crustaceans,mg/l,MOR,47.99999999999999
2759,33208,6447,,6448,2315723,6451,6452,6455,mollusks,mg/l,MOR,
2759,33208,6656,6960,50557,7147,41819,41820,1125508,insects,mg/l,MOR,
2759,33090,35493,131221,3398,41946,24945,24952,434553,plants,mg/l,GRO,
2759,33090,35493,131221,3398,41768,3440,3445,286966,plants,kg/m2,POP,
2759,33208,6656,6657,72037,6833,121147,121148,393183,crustaceans,mg/l,MOR,47.99999999999999
2759,33208,6656,6657,72037,6833,163477,163478,197020,crustaceans,mg/l,MOR,47.99999999999999
2759,33208,6656,6960,50557,7147,7149,7150,72529,insects,mg/l,MOR,
2759,33208,6656,6960,50557,6961,70895,79456,197161,insects,mg/l,MOR,
2759,33208,6656,6960,50557,50622,62802,62803,197169,insects,mg/l,MOR,
2759,33090,3041,,75966,2981622,,1034479,63676,algae,mg/l,POP,96.0
2759,33090,3041,,3166,3042,3051,284741,327064,algae,mg/l,POP,96.0
2759,33090,3041,,3166,3042,3051,3052,28456,algae,mg/l,POP,96.0
2759,,,,3027,589350,2896,3030,233184,algae,mg/l,POP,96.0
2759,33208,6656,6960,50557,30263,41030,177865,1437087,insects,mg/l,MOR,
2759,33208,6656,6960,50557,30263,50645,177674,1875627,insects,mg/l,MOR,
2759,33208,6656,6960,50557,30263,50645,177674,1218281,insects,mg/l,MOR,
2759,,2497438,,,27998,27999,28000,31276,protozoans,mg/l,POP,
2759,33208,6656,6657,72037,84308,84315,245081,676260,crustaceans,mg/l,MOR,47.99999999999999
2759,33208,6656,6657,72037,84308,84315,245081,415615,crustaceans,mg/l,MOR,47.99999999999999
2759,33208,6447,,6448,2315720,1955470,6467,80350,mollusks,mg/l,MOR,
2759,33208,6656,6960,50557,7147,7157,7174,308713,insects,mg/l,MOR,
2759,,5878,431838,5988,5989,197898,5996,5997,protozoans,mg/l,MOR,
2759,33208,6656,6657,6681,6683,37850,6722,27406,crustaceans,mg/l,MOR,47.99999999999999
2759,33208,6656,6657,6681,6683,6757,80835,210409,crustaceans,mg/l,MOR,47.99999999999999
2759,33208,6656,6657,6681,6683,6695,117982,1169710,crustaceans,mg/l,MOR,47.99999999999999
2759,,5878,431838,37471,238897,1170554,151076,151077,protozoans,mg/l,MOR,
2759,33208,7711,89593,186623,41872,8189,30803,568895,fish,mg/l,MOR,96.0
2759,33208,6447,,6448,75116,54976,57623,527796,mollusks,mg/l,MOR,
2759,33208,7711,89593,186623,8252,171414,8254,336824,fish,mg/l,MOR,96.0
2759,33208,7711,89593,186623,,30874,43257,43258,fish,mg/l,MOR,96.0
2759,33208,6447,,6448,2315723,6451,6452,6456,mollusks,mg/l,MOR,
2759,33208,6447,,6544,6546,6547,223991,223992,mollusks,mg/l,MOR,
2759,33208,6157,,147100,6159,31262,6160,659320,worms,mg/l,MOR,
2759,,2836,,33849,38748,303454,303457,1837223,algae,mg/l,POP,96.0
2759,33090,35493,131221,241806,74353,32186,39630,99433,plants,mg/l,POP,
2759,33208,7711,89593,186623,1489900,270602,1679031,313238,fish,mg/l,MOR,96.0
2759,33208,6447,,6448,,6521,55689,2291438,mollusks,mg/l,MOR,
2759,33208,6656,6657,6658,84337,77658,77671,302196,crustaceans,mg/l,MOR,47.99999999999999
2759,,2836,,33849,216758,59795,59796,265554,algae,mg/l,POP,96.0
2759,,2836,,33853,33855,33856,33644,214434,algae,mg/l,POP,96.0
2759,,2836,,33853,2108076,2108078,232513,426663,algae,mg/l,POP,96.0
2759,33208,6656,6657,6681,6683,6685,133894,71413,crustaceans,mg/l,MOR,47.99999999999999
2759,33208,7711,89593,186623,2024539,30840,349639,360507,fish,mg/l,MOR,96.0
2759,33208,6656,6657,6681,6683,6685,133894,161926,crustaceans,mg/l,MOR,47.99999999999999
2759,33208,6656,6960,50557,6961,6964,342758,342759,insects,mg/l,MOR,
2759,33208,6447,,6448,,109669,175859,283747,mollusks,mg/l,MOR,
2759,33208,6656,6960,50557,30073,197146,197147,197148,insects,mg/l,POP,
2759,33208,6656,6960,50557,7041,50515,107883,1309476,insects,mg/l,MOR,
2759,33208,6656,6960,50557,50553,50554,307477,307478,insects,mg/l,MOR,
2759,33208,7711,89593,186623,28738,28756,8077,34779,fish,mg/l,MOR,96.0
2759,,4762,,,4763,4764,100860,112090,unmapped,mg/l,POP,
2759,,,,2864,2922898,2922899,2960,2961,algae,mg/l,POP,96.0
2759,33208,6656,6657,6658,6659,59186,59187,117540,crustaceans,mg/l,MOR,47.99999999999999
2759,33208,6656,6657,6681,6821,317507,2651146,2783889,crustaceans,mg/l,MOR,47.99999999999999
2759,33090,3041,,3166,35491,3086,91192,3075448,algae,mg/l,POP,96.0
2759,33208,6656,6657,6658,84337,77658,6668,191772,crustaceans,mg/l,MOR,47.99999999999999
2759,33208,7711,89593,186623,7952,7953,137059,203114,fish,mg/l,MOR,96.0
2759,33208,7711,89593,186623,28738,405002,52659,60262,fish,mg/l,MOR,96.0
2759,,2836,,33836,,49232,49233,285082,algae,mg/l,POP,96.0
2759,33208,6656,6657,6658,84337,77658,6668,120462,crustaceans,mg/l,MOR,47.99999999999999
2759,33208,6656,6657,6681,6683,6695,6696,308524,crustaceans,mg/l,MOR,47.99999999999999
2759,33208,6447,,6544,47521,47526,55836,1223348,mollusks,mg/l,MOR,
2759,33208,6447,,6448,216294,69694,2849128,291982,mollusks,mg/l,MOR,
2759,33208,7586,,7625,2785018,31176,31177,105361,echinoderms,mg/l,GRO,
2759,33208,6447,,6544,44598,102312,61338,926821,mollusks,mg/l,MOR,
2759,33208,6073,,6101,6125,46736,1920453,48498,cnidarians and bryozoans,mg/l,MOR,
2759,33208,7711,89593,186623,8111,30871,94231,160713,fish,mg/l,MOR,96.0
2759,33208,7711,89593,186623,8111,30871,91742,160704,fish,mg/l,MOR,96.0
2759,33208,7711,89593,186623,2024539,30850,40498,40499,fish,mg/l,MOR,96.0
2759,33208,6447,,6544,47521,47526,52401,183420,mollusks,mg/l,MOR,
2759,33208,6447,,6544,47521,47526,52376,504354,mollusks,mg/l,MOR,
2759,33208,6447,,6544,47521,47526,52392,326718,mollusks,mg/l,MOR,
2759,33208,6447,,6544,47521,47526,378416,183415,mollusks,mg/l,MOR,
2759,33208,6447,,6544,47521,47526,52392,52393,mollusks,mg/l,MOR,
2759,33208,6447,,6448,75116,54976,2653880,1761709,mollusks,mg/l,MOR,
2759,33090,3041,,3166,3042,3051,3052,3054,algae,mg/l,POP,96.0
2759,33208,6656,6960,50557,30263,177685,1192291,1192293,insects,mg/l,MOR,
2759,33208,7586,,7625,31172,31173,31174,31175,echinoderms,mg/l,MOR,
2759,33208,6447,,6544,6562,6563,6564,167541,mollusks,mg/l,ITX,
2759,33208,6656,6657,72037,84308,84315,84316,84317,crustaceans,mg/l,MOR,47.99999999999999
2759,4751,4890,147537,3239873,3243772,34353,43987,1173061,fungi,mg/l,POP,
2759,33090,3041,,1524962,35426,35429,3164,1193275,algae,mg/l,POP,96.0
2759,33208,6447,,6544,47521,47526,2595110,301905,mollusks,mg/l,MOR,
2759,33208,6447,,6544,47521,47526,52392,96915,mollusks,mg/l,MOR,
2759,33208,6447,,6544,47521,47526,52397,52398,mollusks,mg/l,MOR,
2759,33208,7711,89593,8292,8293,8294,8295,8297,amphibians,mg/l,MOR,
2759,33208,6656,6843,6854,83136,1072388,768087,1783299,insects,mg/l,MOR,
2759,33208,7711,89593,8292,8342,8412,8413,8415,amphibians,mg/l,MOR,
2759,33208,6447,,6544,6562,6563,33508,157728,mollusks,mg/l,ITX,
2759,33208,10190,,2816136,84394,84395,84396,1917098,rotifers,mg/l,MOR,
2759,33208,6656,6657,6681,6683,6770,53288,1218286,crustaceans,mg/l,MOR,47.99999999999999
2759,33208,6340,,6341,,36122,167807,516002,worms,mg/l,MOR,
2759,33208,6656,6657,6681,6683,41004,41005,101204,crustaceans,mg/l,MOR,47.99999999999999
2759,,2763,,2806,31468,31469,2774,2510778,algae,mg/l,POP,96.0
2759,,2836,,33836,2910910,1365474,29203,385409,algae,mg/l,POP,96.0
2759,,2836,,33853,2108076,2108078,426668,1436140,algae,mg/l,POP,96.0
2759,,2836,,33853,33855,33856,33644,2109649,algae,mg/l,POP,96.0
2759,33090,35493,131221,3398,16360,16362,246706,55444,plants,mg/l,GRO,
2759,33208,6447,,6544,278205,45950,45970,45971,mollusks,mg/l,MOR,
2759,33208,7711,89593,186623,7991,7992,42491,268476,fish,mg/l,MOR,96.0
2759,33090,35493,131221,3398,16360,26319,26324,55313,plants,mg/l,GRO,
2759,33208,6656,6960,50557,7147,7157,7164,69004,insects,mg/l,MOR,
2759,33208,7711,89593,8292,8342,8418,1926313,8422,amphibians,mg/l,MOR,
2759,33208,6656,6960,50557,7147,7157,190765,104516,insects,mg/l,MOR,
2759,33208,6656,6960,50557,7147,7157,7158,28624,insects,mg/l,MOR,
2759,33208,6447,,6448,977767,52926,52927,52928,mollusks,mg/l,MOR,
2759,33208,6447,,6448,977767,52926,52927,335532,mollusks,mg/l,MOR,
2759,33208,7711,89593,186623,7952,7953,75335,76593,fish,mg/l,MOR,96.0
2759,33208,6656,6657,6681,75399,79901,261863,261864,crustaceans,mg/l,MOR,47.99999999999999
2759,33090,35493,131221,3398,16360,26319,55454,55455,plants,mg/l,GRO,
2759,33208,6447,,6448,6479,39476,2358223,508942,mollusks,mg/l,MOR,
2759,33208,7711,89593,186623,7995,31002,36713,163991,fish,mg/l,MOR,96.0
2759,33208,7711,89593,186623,7952,7953,1606679,1606681,fish,mg/l,MOR,96.0
2759,33208,7711,89593,186623,7991,7992,188718,681895,fish,mg/l,MOR,96.0
2759,33208,7711,89593,186623,1489911,8113,74130,74131,fish,mg/l,MOR,96.0
2759,33208,7586,,7625,2785018,31181,7664,7667,echinoderms,mg/l,MOR,
2759,33090,3041,,75966,35460,35461,191392,3075,algae,mg/l,POP,96.0
2759,33208,7711,89593,8292,8342,8382,651670,47553,amphibians,mg/l,MOR,
2759,33208,7711,89593,8292,8342,8397,192752,190277,amphibians,mg/l,MOR,
2759,33208,10190,,2816136,84394,84395,84396,84397,rotifers,mg/l,MOR,
2759,33208,6656,6843,6844,6845,6846,6849,6850,crustaceans,mg/l,MOR,47.99999999999999
2759,,,,2864,40984,1573500,2971,2972,algae,mg/l,POP,96.0
2759,,,,2864,40984,2910922,160620,160621,algae,mg/l,POP,96.0
2759,33208,6656,6657,72037,6833,88013,261851,261852,crustaceans,mg/l,MOR,47.99999999999999
2759,33090,35493,131221,3398,91811,32203,4427,4428,plants,mg/l,GRO,
2759,33090,35493,131221,3398,41946,24945,24952,208866,plants,mg/l,GRO,
2759,33208,6656,6657,6681,75399,79901,236541,236543,crustaceans,mg/l,MOR,47.99999999999999
2759,33208,6231,,119089,6236,33823,90723,70226,worms,mg/l,MOR,
2759,33208,6656,6657,6681,6821,36939,45625,65426,crustaceans,mg/l,MOR,47.99999999999999
2759,33208,7711,89593,186623,7952,7968,148441,148442,fish,mg/l,MOR,96.0
2759,33208,7711,89593,186623,7952,7968,156984,156985,fish,mg/l,MOR,96.0
2759,33090,3041,,75966,135250,2910630,29646,37433,algae,mg/l,POP,96.0
2759,33208,6656,6657,6681,6683,6701,6702,6703,crustaceans,mg/l,MOR,47.99999999999999
2759,33208,6447,,6448,,6524,264246,129831,mollusks,mg/l,MOR,
2759,33208,6447,,6448,,109669,175859,283755,mollusks,mg/l,MOR,
2759,33208,7711,89593,8292,8342,8432,8434,8435,amphibians,mg/l,MOR,
2759,33208,7711,89593,,8459,8476,34902,34903,reptiles,mg/kg,MOR,
2759,33208,6447,,6544,6580,55711,2783615,192226,mollusks,mg/l,MOR,
2759,33208,6447,,6448,216294,111534,110810,110811,mollusks,mg/l,MOR,
2759,33208,6447,,6544,6580,55711,2783615,127832,mollusks,mg/l,MOR,
2759,33208,6656,6657,6681,6683,96235,159740,302712,crustaceans,mg/l,MOR,47.99999999999999
2759,33208,7711,89593,186623,51241,130264,51242,89555,fish,mg/l,MOR,96.0
2759,33208,7711,89593,186623,1489878,86197,86236,226931,fish,mg/l,MOR,96.0
2759,33208,7711,89593,186623,41711,130260,89572,170203,fish,mg/l,MOR,96.0
2759,33208,7711,89593,186623,1489878,86197,86236,587584,fish,mg/l,MOR,96.0
2759,33208,7711,89593,186623,7933,7934,7935,7940,fish,mg/l,MOR,96.0
2759,33208,7711,89593,8292,8342,8397,8399,58176,amphibians,mg/l,MOR,
2759,33208,6231,,119089,2044973,114910,49353,211404,worms,mg/l,MOR,
2759,33208,6656,6657,6681,6683,6770,1239987,78088,crustaceans,mg/l,MOR,47.99999999999999
2759,33208,7711,89593,8292,8342,8397,192752,298395,amphibians,mg/l,MOR,
2759,33208,7711,89593,186623,7995,255574,490145,490146,fish,mg/l,MOR,96.0
2759,33208,7711,89593,8292,8342,8382,651670,47554,amphibians,mg/l,MOR,
2759,33090,3041,,75966,35460,35461,3071,3076,algae,mg/l,POP,96.0
2759,33208,7711,89593,186623,7952,2743726,8283,58325,fish,mg/l,MOR,96.0
2759,33208,7711,89593,186623,1489878,8220,85427,85428,fish,mg/l,MOR,96.0
2759,33208,6656,6657,6681,6683,6695,6696,6697,crustaceans,mg/l,MOR,47.99999999999999
2759,,,,3027,589342,589344,37096,52970,algae,mg/l,POP,96.0
2759,33208,6656,6960,50557,7147,7157,174825,1206072,insects,mg/l,MOR,
2759,33208,7711,89593,186623,28738,405002,28779,451738,fish,mg/l,MOR,96.0
2759,33208,6656,6960,50557,30073,241029,241030,241031,insects,mg/l,MOR,
2759,33208,6447,,6448,6479,6483,1885924,1052094,mollusks,mg/l,MOR,
2759,33208,6656,6657,72037,6833,136181,324866,2867389,crustaceans,mg/l,MOR,47.99999999999999
2759,33208,7711,89593,186623,7995,31013,205131,568893,fish,mg/l,MOR,96.0
2759,33208,7711,89593,186623,1489878,8220,1365670,1365671,fish,mg/l,MOR,96.0
2759,33208,7711,89593,8292,8293,8332,43043,134758,amphibians,mg/l,MOR,
2759,33208,6340,,42113,6406,6407,84041,84042,worms,mg/l,MOR,
2759,33208,6447,,6448,216294,6476,6477,6478,mollusks,mg/l,ITX,
2759,33208,6656,6657,6681,29979,63227,63228,63229,crustaceans,mg/l,MOR,47.99999999999999
2759,33208,6656,6657,6681,29979,63227,63228,1282001,crustaceans,mg/l,MOR,47.99999999999999
2759,33208,6447,,6448,,6524,191808,271036,mollusks,mg/l,MOR,
2759,33208,7711,89593,186623,7991,27693,27694,2742159,fish,mg/l,MOR,96.0
2759,33208,6656,6657,6681,6683,6725,60964,306142,crustaceans,mg/l,MOR,47.99999999999999
2759,33208,7711,89593,186623,8111,8165,3382257,157888,fish,mg/l,MOR,96.0
2759,33208,7711,89593,186623,8111,8165,54318,54333,fish,mg/l,MOR,96.0
2759,33208,7711,89593,186623,28738,8079,56612,68464,fish,mg/l,MOR,96.0
2759,33208,6656,6657,6681,6821,36939,45625,1080772,crustaceans,mg/l,MOR,47.99999999999999
2759,33208,6656,6657,72037,84308,84315,245076,245077,crustaceans,mg/l,MOR,47.99999999999999
2759,33208,6447,,6448,,6524,157969,157968,mollusks,mg/l,MOR,
2759,33090,3041,,3166,35491,1656248,1399958,31302,algae,mg/l,POP,96.0
2759,33208,7711,89593,8292,8342,8418,8370,681221,amphibians,mg/l,MOR,
2759,33208,7711,89593,8292,8342,8365,8373,1221126,amphibians,mg/l,MOR,
2759,33208,7711,89593,186623,28738,2547680,3363386,3363530,fish,mg/l,MOR,96.0
2759,33208,7711,89593,8292,8342,8372,8377,364767,amphibians,mg/l,MOR,
2759,33208,7711,89593,186623,8111,8165,54318,641303,fish,mg/l,MOR,96.0
2759,33208,6656,6657,6658,58774,63729,58776,58777,crustaceans,mg/l,MOR,47.99999999999999
2759,33208,6656,6960,50557,7041,50515,107891,183374,insects,mg/l,MOR,
2759,33208,6656,6960,50557,7041,41102,538626,1397809,insects,ppm,MOR,
2759,33208,6656,6960,50557,7041,41102,415099,1542160,insects,ppm,MOR,
2759,33208,6656,6960,50557,7041,50515,107935,376833,insects,mg/l,MOR,
2759,,2836,,33849,1880621,216714,216715,431341,algae,mg/l,POP,96.0
2759,33090,35493,131221,3398,16360,16362,13228,99363,plants,mg/l,GRO,
2759,33090,35493,131221,3398,16360,16362,13228,397070,plants,mg/l,GRO,
2759,33208,7711,89593,186623,8006,8015,8016,64185,fish,mg/l,MOR,96.0
2759,33208,7711,89593,186623,28738,8076,28741,323265,fish,mg/l,MOR,96.0
2759,33208,6073,,6101,6125,46718,46719,126659,cnidarians and bryozoans,mg/l,POP,
2759,33208,6073,,6101,6125,6126,46703,126268,cnidarians and bryozoans,mg/l,POP,
2759,33208,6656,6657,72037,84308,84315,281257,281258,crustaceans,mg/l,MOR,47.99999999999999
2759,33208,6656,6657,6681,6683,98089,338204,575583,crustaceans,mg/l,MOR,47.99999999999999
2759,33090,35493,131221,241806,74353,32186,32187,167732,plants,mg/l,POP,
2759,33208,6656,6657,6681,6683,116703,557271,1425181,crustaceans,mg/l,MOR,47.99999999999999
2759,33208,6656,6657,6681,6683,84660,84661,115608,crustaceans,mg/l,MOR,47.99999999999999
2759,33208,6656,6960,50557,7147,7157,7174,162998,insects,mg/l,MOR,
2,1783272,1117,,3028117,1890424,1890426,1129,32046,cyanobacteria,mg/l,POP,96.0
2759,33090,35493,131221,3398,38820,4479,4527,4537,plants,kg/m2,POP,
2759,33208,7711,89593,186623,7952,2743726,234870,87719,fish,mg/l,MOR,96.0
2759,33208,6447,,6544,47521,47526,52401,378425,mollusks,mg/l,MOR,
2759,33208,6447,,6544,47521,47526,96923,193532,mollusks,mg/l,MOR,
2759,33208,6447,,6544,47521,47526,52386,2932411,mollusks,mg/l,MOR,
2759,33090,3041,,3166,31299,33093,55998,55999,algae,mg/l,POP,96.0
2759,33208,10205,,10206,10207,193245,193289,193294,cnidarians and bryozoans,mg/l,POP,
2759,33208,7711,89593,186623,8043,8045,8055,8056,fish,mg/l,MOR,96.0
2,1783272,1117,,3028117,1161,1162,1163,1499110,cyanobacteria,mg/l,POP,96.0
2759,33208,7711,89593,186623,7952,2743726,28793,204490,fish,mg/l,MOR,96.0
2759,33208,6073,,6101,6103,45349,45350,45351,cnidarians and bryozoans,mg/l,GRO,
2759,33208,7586,,7625,31184,31185,39235,39374,echinoderms,mg/l,MOR,
2759,,,,3027,589342,589344,46949,46950,algae,mg/l,POP,96.0
2759,,,,2864,2922898,2922899,2960,107036,algae,mg/l,POP,96.0
2759,33208,6447,,6544,47521,47526,52399,52395,mollusks,mg/l,MOR,
2759,33208,6447,,6544,47521,47526,2856508,440573,mollusks,mg/l,MOR,
2759,33208,6447,,6448,75116,54976,2856509,120479,mollusks,mg/l,MOR,
2759,33208,7711,89593,186623,8006,8015,8033,8037,fish,mg/l,MOR,96.0
2759,33208,6656,6657,6681,6821,36939,2596866,3059497,crustaceans,mg/l,MOR,47.99999999999999
2759,,2830,,,73026,418969,70451,2793420,algae,mg/l,POP,96.0
2759,33208,6656,6657,6681,29979,96838,123761,3038204,crustaceans,mg/l,MOR,47.99999999999999
2759,33208,7711,89593,186623,7952,2743726,86927,86928,fish,mg/l,MOR,96.0
2759,33208,6656,6657,6681,6683,6704,6828,6829,crustaceans,mg/l,MOR,47.99999999999999
2759,33090,35493,131221,3398,38820,4479,15949,103762,plants,kg/m2,POP,
2759,33208,7711,89593,186623,1489911,8113,27780,137276,fish,mg/l,MOR,96.0
2759,33208,7711,89593,186623,51241,130264,51242,66448,fish,mg/l,MOR,96.0
2759,33208,6656,6960,50557,7399,75200,75202,3069840,insects,kg/m2,POP,
2759,33208,6340,,6341,46589,46599,997029,997039,worms,kg/m2,POP,
2759,33208,6656,6657,6681,75398,764966,160504,160505,crustaceans,mg/l,MOR,47.99999999999999
2759,33208,6447,,6544,2783445,55708,241157,410350,mollusks,mg/l,MOR,
2759,33208,6656,6657,6681,6683,72876,95601,95602,crustaceans,mg/l,MOR,47.99999999999999
2759,33208,7711,89593,186623,8006,8015,36184,36185,fish,mg/l,MOR,96.0
2759,33208,6656,6657,6670,84318,43954,1112820,1112821,crustaceans,mg/l,MOR,47.99999999999999
2759,33208,6656,6657,6681,6683,116703,169884,169885,crustaceans,mg/l,MOR,47.99999999999999
2759,33208,7711,89593,186623,,75382,75041,92439,fish,mg/l,MOR,96.0
2759,,,,2864,40984,39452,2865,2866,algae,mg/l,POP,96.0
2759,33208,6447,,6544,2783445,121179,121180,358434,mollusks,mg/l,MOR,
2759,33208,6447,,6448,,6462,6463,87958,mollusks,mg/l,MOR,
2759,33208,6656,6657,6681,6683,6695,117982,910319,crustaceans,mg/l,MOR,47.99999999999999
2759,33208,6656,6657,72037,6833,148994,119371,136184,crustaceans,mg/l,MOR,47.99999999999999
2759,33208,6656,6657,72037,84308,136189,136190,324873,crustaceans,mg/l,MOR,47.99999999999999
2759,33208,7711,89593,186623,8075,461499,103865,598664,fish,mg/l,MOR,96.0
2759,33208,10190,,2816136,84394,10193,360685,360686,rotifers,mg/l,MOR,
2759,33208,10190,,2816136,84394,360665,231621,231622,rotifers,mg/l,MOR,
2759,33208,10190,,2816136,84394,360702,360703,2739573,rotifers,mg/l,POP,
2759,33208,6447,,6448,,6524,220639,240818,mollusks,mg/l,MOR,
2759,33208,7711,89593,186623,1489931,8169,8172,75562,fish,mg/l,MOR,96.0
2759,33208,7711,89593,186623,7952,7953,369638,1240730,fish,mg/l,MOR,96.0
2759,33208,6447,,6544,6546,6547,390824,390825,mollusks,mg/l,MOR,
2759,33208,6447,,6544,6546,6547,1605177,390823,mollusks,mg/l,MOR,
2759,33208,6073,,6101,6125,6126,6127,45264,cnidarians and bryozoans,mg/l,POP,
2759,33208,6073,,6101,6125,6126,6127,70783,cnidarians and bryozoans,mg/l,POP,
2759,33208,6340,,6341,6348,39820,280688,280689,worms,mg/l,MOR,
2759,33208,6447,,6544,2783445,55708,52939,80829,mollusks,mg/l,MOR,
2759,33208,7711,89593,186623,8111,274692,34820,214486,fish,mg/l,MOR,96.0
2759,33208,7711,89593,186623,8075,461499,103865,219752,fish,mg/l,MOR,96.0
2759,33208,6447,,6544,2783445,55708,80817,80818,mollusks,mg/l,MOR,
2759,33208,6447,,6448,,6470,496827,496830,mollusks,mg/l,MOR,
2759,33208,6447,,6544,2783445,55708,52939,80830,mollusks,mg/l,MOR,
2759,33208,6656,6960,50557,7147,7149,7150,27468,insects,mg/l,MOR,
2759,,,,2864,89954,252141,2949,128924,algae,mg/l,POP,96.0
2759,33208,7711,89593,186623,1489911,8113,318581,318676,fish,mg/l,MOR,96.0
2759,33208,6656,6657,6681,6683,1293059,53300,220131,crustaceans,mg/l,MOR,47.99999999999999
2759,33208,6656,6657,6681,6683,6805,99390,99391,crustaceans,mg/l,MOR,47.99999999999999
2759,33208,6447,,6544,6580,6592,345456,870218,mollusks,mg/l,MOR,
2759,33208,6656,6960,50557,30263,161768,177944,177945,insects,mg/l,MOR,
2759,33208,6656,6657,6681,6821,92169,92170,224472,crustaceans,mg/l,MOR,47.99999999999999
2759,33208,6447,,6544,6546,6547,356392,356393,mollusks,mg/l,MOR,
2759,33208,6157,,6178,27871,116926,1429361,1776183,worms,mg/l,MOR,
2759,33208,6447,,6544,6562,6563,6564,36929,mollusks,mg/l,ITX,
2759,33208,6656,6657,6681,6683,166512,166517,166528,crustaceans,mg/l,MOR,47.99999999999999
2759,33208,6656,6657,6681,6683,84654,585958,585959,crustaceans,mg/l,MOR,47.99999999999999
2759,33208,6447,,6544,47521,47526,165004,165005,mollusks,mg/l,MOR,
2759,33208,6447,,6448,,6462,6463,87957,mollusks,mg/l,MOR,
2759,33208,7586,,7625,2785018,31176,7633,7635,echinoderms,mg/l,GRO,
2759,33208,6656,6657,6681,6683,6695,6696,308528,crustaceans,mg/l,MOR,47.99999999999999
2759,33208,6656,6657,6681,6683,6695,117982,661414,crustaceans,mg/l,MOR,47.99999999999999
2759,33208,6656,6960,50557,7524,236405,280175,280177,insects,mg/l,MOR,
2759,33208,6656,6960,50557,6961,126180,181491,197164,insects,mg/l,MOR,
2759,33208,6656,6960,50557,6961,70381,197155,197156,insects,mg/l,MOR,
2759,33208,6656,6657,6681,6683,6725,6726,1003125,crustaceans,mg/l,MOR,47.99999999999999
2759,33208,7711,89593,8292,8293,8294,8295,238860,amphibians,mg/l,MOR,
2759,33208,6073,,6101,6125,6126,6127,126732,cnidarians and bryozoans,mg/l,POP,
2759,33208,6073,,6101,6125,6126,46703,46705,cnidarians and bryozoans,mg/l,POP,
2,1783272,1117,,3028117,1161,1892264,212347,418411,cyanobacteria,ppm,POP,96.0
2,1783272,1117,,3028117,1161,119859,111782,457083,cyanobacteria,ppm,POP,96.0
2,1783272,1117,,3028117,1161,1162,1177,418409,cyanobacteria,mg/l,POP,96.0
2759,33090,35493,131221,131209,131210,31314,31317,292362,plants,mg/l,POP,
2759,,2836,,33849,38748,265582,431342,1436134,algae,mg/l,POP,96.0
2759,33090,3041,,3166,3042,3051,3052,2510440,algae,mg/l,POP,96.0
2759,33090,35493,131221,3398,16360,25926,13077,13078,plants,mg/l,GRO,
2759,33208,7711,89593,8292,8342,8352,8353,8364,amphibians,mg/l,MOR,
2759,,2836,,33849,38748,265582,431342,431343,algae,mg/l,POP,96.0
2759,33208,7711,89593,8292,8293,8294,8295,43111,amphibians,mg/l,MOR,
2759,33208,7711,89593,186623,8002,30766,36672,36674,fish,mg/l,MOR,96.0
2759,33208,6447,,6544,6546,6547,296774,296775,mollusks,mg/l,MOR,
2759,33208,7711,89593,186623,7899,7900,55292,61971,fish,mg/l,MOR,96.0
2759,33208,6447,,6544,6546,6547,29160,102393,mollusks,mg/l,MOR,
2759,33208,6447,,6448,2315723,6451,6452,37750,mollusks,mg/l,MOR,
2759,33208,6656,6657,6658,6659,91567,111187,136508,crustaceans,mg/l,MOR,47.99999999999999
2759,33208,6656,6960,50557,7147,7157,190765,569589,insects,mg/l,MOR,
2759,33208,6656,6960,50557,7147,7157,7174,162997,insects,mg/l,MOR,
2759,33090,35493,131221,131209,131210,31314,31317,184521,plants,mg/l,POP,
2759,33208,6656,6960,50557,7147,7157,329110,329111,insects,mg/l,MOR,
2759,33208,6656,6657,6681,6683,6695,576212,576213,crustaceans,mg/l,MOR,47.99999999999999
2759,33090,3041,,3166,3042,3065,34143,47282,algae,mg/l,POP,96.0
2759,33090,3041,,1524962,35426,35429,3164,426497,algae,mg/l,POP,96.0
2759,33090,3041,,1524962,35426,35429,3189,3190,algae,mg/l,POP,96.0
2759,33090,35493,131221,131209,131210,31314,130996,266103,plants,mg/l,POP,
2759,33090,35493,131221,3398,16360,26319,55458,55459,plants,mg/l,GRO,
2759,,,,2870,2886,33636,309357,88149,algae,mg/l,POP,96.0
2759,,2763,,2806,50289,31453,1562368,1562370,algae,mg/l,POP,96.0
2759,33208,6656,6960,50557,6961,70895,481683,481685,insects,mg/l,MOR,
2759,33208,6656,6960,50557,6961,126180,476733,481679,insects,mg/l,MOR,
2759,33208,7711,89593,8292,8293,8314,8315,8316,amphibians,mg/l,MOR,
2759,33208,7711,89593,8504,8509,8578,8591,183610,reptiles,mg/kg,MOR,
2759,33208,7711,89593,8504,8509,8578,183603,1316270,reptiles,mg/kg,MOR,
2,1783272,1117,,3028117,1161,1162,264688,505729,cyanobacteria,mg/l,POP,96.0
2,1783272,1117,,3028117,1161,1162,1177,217115,cyanobacteria,mg/l,POP,96.0
2,1783272,1117,,3028117,1161,2661849,1186,32054,cyanobacteria,ppm,POP,96.0
2759,33208,10190,,2816136,84394,360702,360703,1213222,rotifers,mg/l,POP,
2759,33208,10190,,2816136,2517309,1611872,1611851,2005553,rotifers,mg/l,MOR,
2759,33208,7711,89593,8292,8342,8397,192752,152344,amphibians,mg/l,MOR,
2759,33208,7711,89593,186623,31022,31031,31032,31033,fish,mg/l,MOR,96.0
2759,33208,6656,6657,6658,84337,27401,27402,200852,crustaceans,mg/l,MOR,47.99999999999999
2,1783272,1117,,3028117,1161,1162,1163,156211,cyanobacteria,mg/l,POP,96.0
2759,33208,6656,6960,50557,50622,51551,173780,173781,insects,mg/l,MOR,
2759,33208,6447,,6448,75116,54973,72702,670105,mollusks,mg/l,MOR,
2759,33208,10205,,34517,,34518,350063,350064,cnidarians and bryozoans,mg/l,MOR,
2759,33208,6656,6657,72037,6833,236535,251522,535788,crustaceans,mg/l,MOR,47.99999999999999
2759,33208,6656,6657,6658,84337,77658,6668,42855,crustaceans,mg/l,MOR,47.99999999999999
2759,33208,6656,6960,50557,7041,50515,107767,183349,insects,mg/l,MOR,
2759,33208,6656,6960,50557,7524,50616,280215,280216,insects,mg/l,MOR,
2759,33208,6656,6960,50557,30263,41030,50443,910942,insects,mg/l,MOR,
2759,33208,6656,6960,50557,30263,158437,158438,1192235,insects,mg/l,MOR,
2759,33208,6656,6657,6658,84337,77705,77706,77707,crustaceans,mg/l,MOR,47.99999999999999
2759,33208,6656,6960,50557,6961,50509,39259,214820,insects,mg/l,MOR,
2759,33208,6656,6657,72037,84308,84315,245081,245082,crustaceans,mg/l,MOR,47.99999999999999
2759,33208,6656,6657,6658,6659,59186,59187,270798,crustaceans,mg/l,MOR,47.99999999999999
2759,33208,6656,6960,50557,7524,38099,236415,236416,insects,mg/l,POP,
2759,33208,6656,6657,72037,84308,84315,84316,938091,crustaceans,mg/l,MOR,47.99999999999999
2759,33208,6656,6657,6681,29979,155681,1729210,1729211,crustaceans,mg/l,MOR,47.99999999999999
2759,33090,35493,131221,3398,16360,26319,26336,451759,plants,mg/l,GRO,
2759,33090,35493,131221,241806,74353,32186,39630,872384,plants,mg/l,POP,
2759,,,,2870,3009,87155,87156,87157,algae,mg/l,POP,96.0
2759,33208,7711,89593,186623,7995,31012,3162715,245772,fish,mg/l,MOR,96.0
2759,33208,6656,6960,50557,6961,70381,70382,447880,insects,mg/l,MOR,
2759,33208,6656,6960,50557,6961,6964,70380,70400,insects,mg/l,MOR,
2759,33208,6656,6960,50557,30263,50642,50643,764570,insects,kg/m2,MOR,
2759,33208,6656,6960,50557,6961,70895,79458,79459,insects,mg/l,MOR,
2759,33208,6656,6960,50557,30073,197146,197147,248217,insects,mg/l,POP,
2759,33208,6656,6960,50557,6961,6964,70379,70399,insects,mg/l,MOR,
2759,33208,7711,89593,186623,7952,2743726,67546,67547,fish,mg/l,MOR,96.0
2759,33208,7586,,7625,2785018,31181,7649,7650,echinoderms,mg/l,MOR,
2759,33090,3041,,3166,35491,3086,3087,1034623,algae,mg/l,POP,96.0
2759,33208,6656,6960,50557,6961,107808,126168,126169,insects,kg/m2,POP,
2759,,5878,431837,194287,5957,219171,5959,74723,protozoans,ppm,POP,
2759,,2836,,33849,38748,67474,50949,97222,algae,mg/l,POP,96.0
2759,33208,7711,89593,8292,8342,8397,8399,160499,amphibians,mg/l,MOR,
2759,33208,6656,6960,30001,730331,50587,50588,50589,insects,mg/l,POP,
2759,33208,6447,,6448,,6524,65076,264248,mollusks,mg/l,MOR,
2759,33208,6447,,6544,6580,55711,98298,127830,mollusks,mg/l,MOR,
2759,33208,6447,,6448,,6524,1856808,191791,mollusks,mg/l,MOR,
2759,33208,7711,89593,186623,28738,8079,33527,37289,fish,mg/l,MOR,96.0
2759,33208,7711,89593,186623,,30863,61808,393602,fish,mg/l,MOR,96.0
2759,33208,6656,6960,50557,7147,7157,174825,1582038,insects,mg/l,MOR,
2759,33208,6656,6960,50557,7147,41819,41820,46212,insects,mg/l,MOR,
2759,33208,6447,,6448,75116,54973,500755,500756,mollusks,mg/l,MOR,
2759,33090,35493,131221,3398,41768,3440,3445,286964,plants,kg/m2,POP,
2759,33208,6656,6657,6681,6683,6713,6714,6717,crustaceans,mg/l,MOR,47.99999999999999
2759,33090,35493,131221,3398,41768,3440,3445,568530,plants,kg/m2,POP,
2759,33208,7711,89593,186623,7995,30998,55672,162147,fish,mg/l,MOR,96.0
2759,33208,7711,89593,186623,1489878,86197,86238,166778,fish,mg/l,MOR,96.0
2759,4751,1913637,451507,2212703,4827,4851,4828,983175,fungi,ppm,POP,
2759,4751,1913637,451507,2212703,4827,4851,4852,4853,fungi,ppm,POP,
2759,33208,6656,6960,50557,7041,2878387,1050922,1050923,insects,kg/m2,POP,
2759,33208,6656,6657,72037,84308,136189,136190,1532565,crustaceans,mg/l,MOR,47.99999999999999
2759,33208,6656,6960,50557,30263,50645,177674,1113268,insects,mg/l,MOR,
2759,33208,6656,6960,50557,6961,6964,126234,126235,insects,mg/l,MOR,
2759,33090,3041,,3166,3042,3065,3066,47287,algae,mg/l,POP,96.0
2759,33090,3041,,3166,35491,35466,3108,1461599,algae,mg/l,POP,96.0
2759,4751,4890,147538,147550,5139,35718,5149,5150,fungi,mg/l,POP,
2759,4751,5204,5302,155619,5303,396331,2492674,2822231,fungi,mg/l,POP,
2759,33208,7711,89593,186623,8111,8193,48415,48416,fish,mg/l,MOR,96.0
2759,33208,6656,6657,6681,6683,6805,6806,553009,crustaceans,mg/l,MOR,47.99999999999999
2759,33208,6656,6657,6681,6683,108326,6780,38149,crustaceans,mg/l,MOR,47.99999999999999
2759,33208,6340,,42113,2937015,2109251,132492,132493,worms,mg/l,MOR,
2,1783272,1117,,3028117,3079749,1890438,47251,47253,cyanobacteria,mg/l,POP,96.0
2759,33090,35493,131221,304574,204509,3146,13778,69338,plants,mg/l,POP,
2759,33208,6656,6960,50557,7041,2878387,1050922,1969341,insects,kg/m2,POP,
2759,33208,7711,89593,8292,8342,8397,8399,160497,amphibians,mg/l,MOR,
2759,33090,3041,,3166,3042,3090,44649,44650,algae,mg/l,POP,96.0
2759,33090,35493,131221,3398,38820,4479,4539,158137,plants,kg/m2,POP,
2759,33208,6656,6960,50557,30073,178295,307890,1351858,insects,mg/l,MOR,
2759,33208,7711,89593,8292,8342,8418,192736,318394,amphibians,mg/l,MOR,
2759,33208,7711,89593,8292,8342,218469,30361,104064,amphibians,mg/l,MOR,
2759,33208,7711,89593,8292,8342,218469,356300,2493134,amphibians,mg/l,MOR,
2759,33208,6656,6657,6681,6683,96235,96236,382061,crustaceans,mg/l,MOR,47.99999999999999
2759,33090,35493,131221,3398,16360,27254,27257,187286,plants,mg/l,GRO,
2759,,2836,,33849,38748,67474,50949,908977,algae,mg/l,POP,96.0
2759,33090,35493,131221,3398,3524,4437,46093,70358,plants,kg/m2,GRO,
2759,33090,35493,131221,3398,38820,4479,38730,49786,plants,kg/m2,POP,
2759,33090,3041,,3166,3042,3090,44649,992351,algae,mg/l,POP,96.0
2759,33090,35493,131221,241806,74353,32186,39630,336973,plants,mg/l,POP,
2759,33208,6340,,6341,6348,36119,311529,104712,worms,mg/l,MOR,
2759,33208,6656,6657,6681,6683,37850,6722,99755,crustaceans,mg/l,MOR,47.99999999999999
2759,33208,6157,,6178,27871,99737,138568,220794,worms,mg/l,MOR,
2759,33208,6447,,6448,216294,56139,56140,1454754,mollusks,ppm,GRO,
2759,33208,6157,,6178,6180,31245,6181,6182,worms,ppm,MOR,
2759,33208,6656,6657,6658,84337,77713,1917126,1917127,crustaceans,mg/l,MOR,47.99999999999999
2759,33208,6656,6657,6658,84337,77713,362313,423268,crustaceans,mg/l,MOR,47.99999999999999
2759,33208,6656,6657,6658,84337,77658,77652,202097,crustaceans,mg/l,MOR,47.99999999999999
2759,33208,6656,6657,6658,84337,77658,77650,527149,crustaceans,mg/l,MOR,47.99999999999999
2759,33208,6656,6657,6658,84337,77713,362321,362322,crustaceans,mg/l,MOR,47.99999999999999
2759,33208,6656,6657,6658,84337,77757,77749,77750,crustaceans,mg/l,MOR,47.99999999999999
2759,33090,35493,131221,3398,38820,4479,37871,254778,plants,kg/m2,POP,
2759,33208,6447,,6544,47521,47526,691886,2603954,mollusks,mg/l,MOR,
2759,33208,6447,,6544,2783445,40128,40129,40130,mollusks,mg/l,MOR,
2759,33208,7711,89593,186623,7991,7986,1925018,42626,fish,mg/l,MOR,96.0
2759,33208,6447,,6544,47521,314187,152237,1961152,mollusks,mg/l,MOR,
2759,33208,6656,6657,6681,6683,96235,363738,363739,crustaceans,mg/l,MOR,47.99999999999999
2759,33208,6656,6960,50557,7147,7157,7164,74869,insects,mg/l,MOR,
2759,33208,7711,89593,8292,8342,8382,651680,478982,amphibians,mg/l,MOR,
2759,33208,6656,6960,50557,7147,7157,7164,46955,insects,mg/l,MOR,
2759,33208,6656,6960,50557,7147,7157,317805,1590998,insects,mg/l,MOR,
2759,33208,6656,6960,50557,6961,70381,447995,2610075,insects,mg/l,MOR,
2759,33208,6656,6960,50557,7147,7157,190765,329102,insects,mg/l,MOR,
2759,33208,6447,,6544,44598,102312,50425,66713,mollusks,mg/l,MOR,
2759,33208,7711,89593,186623,7995,31009,13012,310926,fish,mg/l,MOR,96.0
2759,33208,6656,6657,6681,6683,,53298,53299,crustaceans,mg/l,MOR,47.99999999999999
2759,33208,6656,6657,6681,6683,78093,78094,516892,crustaceans,mg/l,MOR,47.99999999999999
2759,33208,6656,6960,50557,7147,7157,7158,188700,insects,mg/l,MOR,
2759,33208,6656,6960,50557,7147,7157,7164,34692,insects,mg/l,MOR,
2759,33208,6656,6960,50557,7147,7157,7174,345740,insects,mg/l,MOR,
2759,33208,6656,6657,6681,6683,2734715,2742820,2742821,crustaceans,mg/l,MOR,47.99999999999999
2759,33208,6656,6657,6681,6683,72801,106740,106741,crustaceans,mg/l,MOR,47.99999999999999
2759,33208,6656,6960,50557,7147,7157,7174,100678,insects,mg/l,MOR,
2759,33208,6656,6960,50557,7147,7157,7164,7168,insects,mg/l,MOR,
2759,33208,6447,,6448,216294,6476,6477,479248,mollusks,mg/l,ITX,
2759,33208,6447,,6448,,6521,55689,55692,mollusks,mg/l,MOR,
2759,4751,4890,147538,147550,5125,110618,140106,57155,fungi,mg/l,POP,
2759,33208,6231,,119089,6236,6315,6318,6319,worms,mg/l,POP,
2759,33208,6157,,37945,2486286,37845,37846,83198,worms,mg/l,POP,
2759,4751,4890,147538,147541,451869,45131,407951,463686,fungi,kg/m2,POP,
2759,33208,6656,6960,50557,7147,7157,7164,59160,insects,mg/l,MOR,
2759,33208,6231,,119089,6236,114848,6232,6234,worms,mg/l,MOR,
2759,,2836,,33849,216751,216752,216753,1951155,algae,mg/l,POP,96.0
2759,33208,10190,,2816136,84394,47119,231615,231616,rotifers,mg/l,POP,
2759,33208,7711,89593,8292,8342,8427,8428,248792,amphibians,mg/l,MOR,
2759,33208,6656,6657,6681,6683,6749,1127697,1436025,crustaceans,mg/l,MOR,47.99999999999999
2759,33208,6447,,6544,6546,6547,223991,390826,mollusks,mg/l,MOR,
2759,33208,7586,,7625,2785018,31181,1306076,7666,echinoderms,mg/l,MOR,
2759,4751,4890,147538,147548,5178,2794838,252463,252464,fungi,mg/l,POP,
2759,4751,4890,147538,147550,5125,110618,1634477,859442,fungi,mg/l,POP,
2759,33208,10190,,2816136,84394,10193,10194,392763,rotifers,mg/l,MOR,
2759,33090,3041,,33103,31306,205394,43940,764119,algae,mg/l,POP,96.0
2759,33208,6073,,6101,6125,6126,46703,105609,cnidarians and bryozoans,mg/l,POP,
2759,33208,6073,,6101,6125,46729,51069,51070,cnidarians and bryozoans,mg/l,MOR,
2759,33208,7586,,7625,31186,39187,39188,39307,echinoderms,mg/l,MOR,
2759,33208,6656,6657,6681,6683,6739,174391,174394,crustaceans,mg/l,MOR,47.99999999999999
2759,33208,6157,,6178,27871,116905,116906,138570,worms,mg/l,MOR,
2759,,2763,,2797,29216,31345,1094566,35146,algae,mg/l,POP,96.0
2759,33208,6447,,6448,2315723,6451,6452,36098,mollusks,mg/l,MOR,
2759,4751,4890,147538,147548,5178,5181,5182,2861971,fungi,mg/l,POP,
2759,4751,4890,147538,147548,5178,2794838,253301,253302,fungi,mg/l,POP,
2759,4751,4890,147538,147548,2793949,186569,222512,222513,fungi,mg/l,POP,
2759,33208,6073,,6101,6125,1328273,242752,242753,cnidarians and bryozoans,mg/l,MOR,
2759,33208,6231,,119089,6236,33823,6324,6326,worms,mg/l,MOR,
2759,,2836,,33836,265576,49236,49237,240364,algae,mg/l,POP,96.0
2759,33090,3041,,3166,3042,3051,3052,257625,algae,mg/l,POP,96.0
2759,33090,35493,131221,3398,4036,4037,240843,99497,plants,mg/l,GRO,
2759,,33682,,3035,86650,1131320,3038,38275,algae,mg/l,POP,96.0
2759,33208,6656,6657,6681,6683,108326,205353,205354,crustaceans,mg/l,MOR,47.99999999999999
2759,33090,3041,,3166,31299,33093,55998,1306596,algae,mg/l,POP,96.0
2759,33090,35493,131221,131209,131210,31314,33100,98433,plants,mg/l,POP,
2759,33208,7711,89593,8292,8342,8397,121164,8409,amphibians,mg/l,MOR,
2759,33208,6656,6960,50557,30073,178295,185820,309539,insects,mg/l,MOR,
2759,4751,4890,,,,,253299,253300,fungi,,POP,
2759,33208,7586,,7618,2783457,243949,243950,1795458,echinoderms,mg/l,MOR,
2759,33208,6447,,6448,,146725,146726,146727,mollusks,mg/l,MOR,
2759,33208,6447,,6448,2315720,63671,307060,307061,mollusks,mg/l,MOR,
2759,33208,6656,6657,6681,6683,6779,373432,373433,crustaceans,mg/l,MOR,47.99999999999999
2759,33208,6447,,6544,2783445,55708,52939,80831,mollusks,mg/l,MOR,
2759,33208,7711,89593,186623,7995,31009,103209,103213,fish,mg/l,MOR,96.0
2759,33208,6656,6657,6681,29979,63227,63228,203888,crustaceans,mg/l,MOR,47.99999999999999
2759,33208,6656,6657,72037,84308,84315,938119,1606834,crustaceans,mg/l,MOR,47.99999999999999
2759,33208,6656,6657,72037,84308,84315,516365,715333,crustaceans,mg/l,MOR,47.99999999999999
2759,33208,6656,6960,50557,7147,7149,891889,1690325,insects,mg/l,MOR,
2759,33090,35493,131221,3398,38820,14101,13578,13579,plants,kg/m2,POP,
2759,33090,35493,131221,241806,74353,32186,39630,39631,plants,mg/l,POP,
2759,33208,6073,,6101,6125,46718,46719,51062,cnidarians and bryozoans,mg/l,POP,
2759,33208,6656,6657,72037,6833,236535,251516,251518,crustaceans,mg/l,MOR,47.99999999999999
2759,33090,35493,131221,3398,4739,16367,44954,44958,plants,mg/l,GRO,
2759,33208,6656,6960,50557,7147,7190,7191,102904,insects,mg/l,MOR,
2759,33208,7711,89593,7777,30503,30507,7800,7801,fish,mg/l,MOR,96.0
2759,,2763,,2806,31395,2705743,231753,231751,algae,mg/l,POP,96.0
2759,33208,6656,6657,72037,6833,136181,324866,683979,crustaceans,mg/l,MOR,47.99999999999999
2759,33208,10190,,2816136,2517309,338285,338286,338287,rotifers,mg/l,POP,
2759,33208,6656,6657,72037,72033,72034,72035,72036,crustaceans,mg/l,MOR,47.99999999999999
2759,33208,6340,,42113,2937015,2109251,66487,66488,worms,mg/l,MOR,
2759,33208,10190,,2816136,84394,10193,204737,204742,rotifers,mg/l,MOR,
2759,33208,6447,,6448,,55727,145877,145878,mollusks,mg/l,MOR,
2759,,,,5747,425074,425072,5748,72520,algae,mg/l,POP,96.0
2759,33208,6656,6657,6681,6683,6695,117982,338208,crustaceans,mg/l,MOR,47.99999999999999
2759,33208,7711,89593,186623,28738,143026,28766,441951,fish,mg/l,MOR,96.0
2759,33208,7711,89593,8292,8342,8418,8370,318366,amphibians,mg/l,MOR,
2759,33208,6447,,6448,,53506,53515,362878,mollusks,mg/l,MOR,
2759,33208,6656,6657,72037,84308,298437,298438,298439,crustaceans,mg/l,MOR,47.99999999999999
2759,33090,3041,,3166,35491,35466,34111,307512,algae,mg/l,POP,96.0
2759,33208,7711,89593,186623,43697,43698,43699,43700,fish,mg/l,MOR,96.0
2759,33208,7711,89593,8292,8342,218469,30361,104072,amphibians,mg/l,MOR,
2,1783272,1117,,3028117,3079749,1890438,47251,1184,cyanobacteria,mg/l,POP,96.0
2759,33208,6157,,37945,2486291,40165,263721,263722,worms,mg/kg bw/d,POP,
2759,33208,6656,6657,6658,84337,77713,362311,362312,crustaceans,mg/l,MOR,47.99999999999999
2759,33208,7711,89593,8292,8342,685122,127010,429310,amphibians,mg/l,MOR,
2759,33208,7711,89593,8292,8342,27577,68448,68449,amphibians,mg/l,MOR,
2759,33090,35493,131221,3398,4143,156152,255818,438425,plants,kg/m2,POP,
2759,33090,35493,131221,3398,38820,4609,380900,280076,plants,kg/m2,POP,
2759,33208,7711,89593,186623,7995,31013,205131,402707,fish,mg/l,MOR,96.0
2759,33090,35493,131221,3398,41944,3928,162023,162024,plants,kg/m2,GRO,
2759,33208,7711,89593,186623,7952,2743726,233201,8284,fish,mg/l,MOR,96.0
2759,33208,7711,89593,186623,7991,42530,42585,126311,fish,mg/l,MOR,96.0
2759,33090,3041,,3166,2491657,2491658,44655,44656,algae,mg/l,POP,96.0
2759,33208,7711,89593,186623,7952,278171,417298,643331,fish,mg/l,MOR,96.0
2759,33090,35493,131221,3398,3524,3563,169520,381410,plants,kg/m2,POP,
2759,33208,6656,6960,50557,7147,7149,7150,39722,insects,mg/l,MOR,
2759,33208,6157,,6178,27871,27843,6191,46835,worms,ppm,MOR,
2759,33090,35493,131221,131209,3176,3178,43951,299575,plants,mg/l,POP,
2759,33090,35493,131221,3398,3524,3615,61508,467606,plants,kg/m2,POP,
2759,33090,35493,131221,3398,16360,26319,55474,55475,plants,mg/l,GRO,
2759,33090,35493,131221,3398,41944,3928,22665,22666,plants,kg/m2,GRO,
2759,33208,6656,6657,6681,6683,6695,6696,661413,crustaceans,mg/l,MOR,47.99999999999999
2759,33208,6447,,6448,75116,54973,72702,670103,mollusks,mg/l,MOR,
2759,33208,6656,6960,50557,7147,41819,41820,1381948,insects,mg/l,MOR,
2759,33208,7586,,7625,31172,31173,31174,105358,echinoderms,mg/l,MOR,
2759,33208,6656,6657,6681,6683,6725,2315844,2315845,crustaceans,mg/l,MOR,47.99999999999999
2759,33208,6447,,6448,6497,6498,6499,6500,mollusks,%,GRO,
2759,33208,7711,89593,186623,1489931,8169,119743,182642,fish,mg/l,MOR,96.0
2759,,2763,,2806,2802,31386,35160,35161,algae,mg/l,POP,96.0
2759,,,,2870,86882,130732,45364,66620,algae,mg/l,POP,96.0
2759,,,,2870,2886,33636,33637,80365,algae,mg/l,POP,96.0
2759,,2763,,2806,2819,2820,2821,2822,algae,mg/l,POP,96.0
2759,,2763,,2806,2819,2820,35201,35202,algae,mg/l,POP,96.0
2759,33090,3041,,33103,3183,35436,3185,626739,algae,mg/l,POP,96.0
2759,33090,3041,,33103,3113,153902,63411,99495,algae,mg/l,POP,96.0
2759,,,,2870,2886,2887,2888,2889,algae,mg/l,POP,96.0
2759,33208,6656,6657,6681,75399,79901,236544,419506,crustaceans,mg/l,MOR,47.99999999999999
2,1783272,1117,,3028117,1890424,1890426,1129,463277,cyanobacteria,mg/l,POP,96.0
2759,33090,3041,,33103,3113,3114,3118,110833,algae,mg/l,POP,96.0
2,1783272,1117,,3028117,1890424,2881426,1521558,1521602,cyanobacteria,mg/l,POP,96.0
2759,,2763,,2806,2802,2803,282365,1240992,algae,mg/l,POP,96.0
2759,,2763,,2806,28017,28021,661322,661323,algae,mg/l,POP,96.0
2759,,,,2870,2886,33636,33637,309363,algae,mg/l,POP,96.0
2759,33208,6447,,6544,47521,47526,52401,52402,mollusks,mg/l,MOR,
2759,33208,6447,,6544,47521,47526,52401,378420,mollusks,mg/l,MOR,
2759,33090,35493,131221,3398,3646,40029,39983,106618,plants,mg/l,GRO,
2759,,,,2683628,2699528,33674,420535,333832,unmapped,mg/l,POP,
2759,33090,35493,131221,3398,38820,4479,15949,75727,plants,kg/m2,POP,
2759,33208,7711,89593,186623,7991,42610,42611,42612,fish,mg/l,MOR,96.0
2759,33208,6656,6960,50557,30263,50645,50646,50647,insects,mg/l,MOR,
2759,33090,35493,131221,3398,4143,156152,90645,90646,plants,kg/m2,POP,
2759,33090,35493,131221,3398,4209,4210,42336,51263,plants,kg/m2,POP,
2759,,555369,,2681632,180229,35218,160821,160823,protozoans,mg/l,POP,
2759,33208,6656,6657,2172820,6839,6840,179104,873553,crustaceans,mg/l,MOR,47.99999999999999
2759,33090,35493,131221,3398,16360,4454,161109,161115,plants,mg/l,POP,
2759,33208,7711,89593,186623,7952,7982,90734,90735,fish,mg/l,MOR,96.0
2759,33090,35493,131221,241806,74353,13814,13815,13816,plants,mg/l,GRO,
2,1783272,1117,,3028117,1161,1162,1177,446679,cyanobacteria,mg/l,POP,96.0
2759,,5878,431838,6020,33825,340080,5884,5888,protozoans,mg/l,MOR,
2759,4751,4890,147538,147548,5178,28983,38447,38486,fungi,mg/l,POP,
2759,33208,6656,6960,50557,30263,50645,763387,763388,insects,mg/l,MOR,
2759,33208,6656,6960,50557,30263,177913,177922,177923,insects,mg/l,POP,
2759,33208,6656,6960,50557,30263,50645,50646,761617,insects,mg/l,MOR,
2759,33208,6656,6960,50557,30263,93876,93877,93878,insects,mg/l,POP,
2759,33208,6656,6960,50557,50622,62802,143723,466555,insects,mg/l,MOR,
2759,33208,6656,6960,50557,50622,62802,143719,1056697,insects,mg/l,MOR,
2759,33208,6656,6960,50557,50622,50623,466840,466841,insects,mg/l,MOR,
2759,33208,6656,6960,50557,50622,62802,143719,1056698,insects,mg/l,MOR,
2759,33208,6656,6960,50557,30263,177631,177632,763356,insects,mg/l,POP,
2759,33208,6656,6960,50557,30263,177631,177632,761625,insects,mg/l,POP,
2759,33208,6656,6960,50557,30263,177631,177632,761623,insects,mg/l,POP,
2759,33208,6656,6960,50557,50622,143733,143734,1056684,insects,mg/l,POP,
2759,33208,6656,6960,50557,50622,143733,143734,1056688,insects,mg/l,POP,
2759,33208,6656,6960,50557,50622,143756,173967,210920,insects,mg/l,MOR,
2759,33208,6656,6960,50557,50622,62802,143723,910624,insects,mg/l,MOR,
2759,33208,6656,6960,50557,50622,143733,143734,1056687,insects,mg/l,POP,
2759,33208,6656,6960,50557,50622,143733,143734,1056690,insects,mg/l,POP,
2759,33208,6656,6960,50557,50622,143733,143734,1056689,insects,mg/l,POP,
2759,33208,6656,6960,50557,30263,50645,178334,761614,insects,mg/l,MOR,
2759,33208,6656,6960,50557,30263,50645,50646,910961,insects,mg/l,MOR,
2759,33208,6656,6960,50557,50622,143748,219370,1056708,insects,kg/m2,POP,
2759,33208,7711,89593,186623,7952,2743726,71764,71765,fish,mg/l,MOR,96.0
2759,33208,6656,6960,50557,7041,50515,107928,538612,insects,mg/l,MOR,
2759,33208,10190,,2816136,84394,10193,204737,885372,rotifers,mg/l,MOR,
2759,33090,3041,,75966,35460,3070,120746,1803568,algae,mg/l,POP,96.0
2759,33090,3041,,3166,35491,3086,55408,183310,algae,mg/l,POP,96.0
2759,33208,6656,6960,50557,30263,161768,177940,761613,insects,mg/l,MOR,
2759,33208,6656,6657,6681,6683,331407,303052,703040,crustaceans,mg/l,MOR,47.99999999999999
2759,33090,35493,131221,3398,261007,4410,4415,77113,plants,mg/l,GRO,
2759,33090,35493,131221,3398,261007,4410,4418,4419,plants,mg/l,GRO,
2759,33090,35493,131221,3398,41944,3928,13128,13129,plants,kg/m2,GRO,
2,1783272,1117,,3028117,1161,2661849,1186,1565292,cyanobacteria,ppm,POP,96.0
2,1783272,1117,,3028117,1161,1892259,77021,77022,cyanobacteria,ppm,POP,96.0
2759,33208,7711,89593,,8459,34907,55533,55534,reptiles,mg/kg,MOR,
2759,33208,7711,89593,8292,8342,8365,8373,326986,amphibians,mg/l,MOR,
2759,33208,7711,89593,8292,8342,8343,8350,97956,amphibians,mg/l,MOR,
2759,33090,3041,,1242998,2682466,2682465,31311,156128,algae,mg/l,POP,96.0
2759,33208,6447,,6544,6546,6547,38948,38949,mollusks,mg/l,MOR,
2759,33090,3041,,33103,3113,3114,3118,111617,algae,mg/l,POP,96.0
2759,33208,7711,89593,8292,8342,8418,8421,272192,amphibians,mg/l,MOR,
2759,33208,6656,6657,72037,41212,298464,512214,512215,crustaceans,mg/l,MOR,47.99999999999999
2759,33208,6656,6960,50557,7041,2878387,249399,249400,insects,kg/m2,POP,
2759,33208,10190,,2816136,84394,10193,10194,96890,rotifers,mg/l,MOR,
2759,33208,6656,6657,72037,41212,298464,298465,298466,crustaceans,mg/l,MOR,47.99999999999999
2759,33208,6656,6657,72037,41212,298464,298465,2835219,crustaceans,mg/l,MOR,47.99999999999999
2759,33208,6656,6657,6658,6659,38009,6660,112780,crustaceans,mg/l,MOR,47.99999999999999
2759,33208,6656,6657,6658,6659,38009,6660,351233,crustaceans,mg/l,MOR,47.99999999999999
2759,33208,10205,,10206,10207,10210,10211,10212,cnidarians and bryozoans,mg/l,POP,
2759,33208,6447,,6448,,6524,6525,112528,mollusks,mg/l,MOR,
2759,33208,6040,,6042,1779154,85793,85794,177579,tunicates and sponges,mg/l,POP,
2759,33208,6447,,6544,47521,47526,2595110,152231,mollusks,mg/l,MOR,
2759,33208,6447,,6544,47521,47526,52399,301916,mollusks,mg/l,MOR,
2759,33208,6447,,6544,47521,47526,52399,81577,mollusks,mg/l,MOR,
2759,33208,6447,,6544,47521,47526,301927,301928,mollusks,mg/l,MOR,
2759,33208,6447,,6544,47521,47526,52386,85048,mollusks,mg/l,MOR,
2759,33090,35493,131221,3398,261007,4422,4425,310672,plants,mg/l,GRO,
2759,33208,7711,89593,186623,1489894,94243,183652,183653,fish,mg/l,MOR,96.0
2,1783272,1117,,3028117,1150,1892252,1501433,126586,cyanobacteria,mg/l,POP,96.0
2759,33208,6447,,6544,47521,47526,96923,349122,mollusks,mg/l,MOR,
2759,33208,6447,,6544,47521,47526,96929,96937,mollusks,mg/l,MOR,
2759,33208,6447,,6544,47521,47526,52405,96917,mollusks,mg/l,MOR,
2759,33208,6447,,6544,47521,47526,96923,96936,mollusks,mg/l,MOR,
2759,33208,6447,,6544,47521,47526,131230,301919,mollusks,mg/l,MOR,
2759,33208,6447,,6544,47521,47526,2856506,353225,mollusks,mg/l,MOR,
2759,33090,35493,131221,3398,16360,16362,13228,246702,plants,mg/l,GRO,
2759,33208,7711,89593,186623,1489907,27766,13453,34814,fish,mg/l,MOR,96.0
2759,33208,6656,6657,6681,6683,6757,6762,2268603,crustaceans,mg/l,MOR,47.99999999999999
2759,,2836,,33849,,186041,186042,1051708,algae,mg/l,POP,96.0
2759,33208,6656,6657,6681,6821,92169,191374,191375,crustaceans,mg/l,MOR,47.99999999999999
2759,33208,7711,89593,186623,1489911,8113,63164,63165,fish,mg/l,MOR,96.0
2759,33090,3041,,33103,3113,3114,3118,216035,algae,mg/l,POP,96.0
2759,33208,7711,89593,186623,7995,7996,7997,66913,fish,mg/l,MOR,96.0
2759,33208,6447,,6448,,6524,157969,159642,mollusks,mg/l,MOR,
2759,33208,6340,,6341,6348,39820,6354,126650,worms,mg/l,MOR,
2759,33208,7711,89593,8292,8342,8382,651674,30326,amphibians,mg/l,MOR,
2759,33090,35493,131221,3398,16360,55434,55500,55501,plants,mg/l,GRO,
2759,33208,6040,,6042,27925,283433,3040157,3722,tunicates and sponges,mg/l,POP,
2759,33208,7711,89593,,8459,34907,204969,13735,reptiles,mg/kg,MOR,
2759,33090,3041,,3166,35491,3086,91192,1034621,algae,mg/l,POP,96.0
2759,33208,7711,89593,186623,8111,30871,94231,162300,fish,mg/l,MOR,96.0
2759,33090,35493,131221,3398,38820,4479,45618,338574,plants,kg/m2,POP,
2759,33208,6073,,6101,6125,6126,6127,55974,cnidarians and bryozoans,mg/l,POP,
2759,33208,7711,89593,186623,8043,81641,69943,69944,fish,mg/l,MOR,96.0
2759,33208,6447,,6544,106218,6566,31198,228297,mollusks,mg/l,MOR,
2759,33208,7711,89593,186623,8252,52902,52903,183654,fish,mg/l,MOR,96.0
2759,,5878,431838,6020,31277,291294,5890,5898,protozoans,mg/l,POP,
2759,,,,2870,31337,31338,31339,62307,algae,mg/l,POP,96.0
2759,4751,4890,147538,147550,5592,42310,45955,45956,fungi,mg/l,POP,
2759,4751,4890,147538,,,,1407495,1407621,fungi,,POP,
2759,4751,4890,147538,147541,92860,28556,1342520,179392,fungi,kg/m2,POP,
2759,4751,4890,147538,147541,92860,,71662,201924,fungi,,POP,
2759,4751,4890,147538,147550,5592,42310,319383,319395,fungi,mg/l,POP,
2759,4751,4890,147538,147550,5139,35718,5149,38033,fungi,mg/l,POP,
2759,33208,7711,89593,186623,8252,30948,28828,28829,fish,mg/l,MOR,96.0
2759,33208,10205,,10206,10207,97283,97284,544679,cnidarians and bryozoans,mg/l,POP,
2759,33208,10205,,10206,10207,97286,178315,178316,cnidarians and bryozoans,mg/l,POP,
2759,33208,10205,,10206,10207,97243,97244,1072027,cnidarians and bryozoans,mg/l,GRO,
2759,33090,3041,,3166,35491,3086,91202,185449,algae,mg/l,POP,96.0
2759,33090,3041,,3166,35491,3086,91202,3081743,algae,mg/l,POP,96.0
2759,33090,3041,,3166,35491,3086,91202,91205,algae,mg/l,POP,96.0
2759,33090,3041,,3166,35491,3086,55408,795110,algae,mg/l,POP,96.0
2759,33090,3041,,3166,35491,3103,3104,3105,algae,mg/l,POP,96.0
2759,33208,6656,6960,50557,7147,7149,7150,113498,insects,mg/l,MOR,
2759,33208,6447,,6448,2448547,52929,52930,427274,mollusks,ppm,MOR,
2759,33208,6447,,6448,2448547,52929,52930,431600,mollusks,ppm,MOR,
2759,33208,6447,,6448,,72685,27810,351208,mollusks,ppm,MOR,
2759,33208,6447,,6448,,6462,87991,87992,mollusks,mg/l,MOR,
2759,33208,6447,,6448,,6524,55738,191805,mollusks,mg/l,MOR,
2759,33208,6447,,6448,2315720,6466,1093071,1620919,mollusks,mg/l,MOR,
2759,33208,6656,6657,6681,6683,98089,575620,903847,crustaceans,mg/l,MOR,47.99999999999999
2759,33208,6656,6657,72037,6833,236535,251522,251525,crustaceans,mg/l,MOR,47.99999999999999
2759,,33682,,5653,,1027875,155202,155203,protozoans,mg/l,POP,
2759,33208,7711,89593,186623,1489878,8220,86204,1663027,fish,mg/l,MOR,96.0
2759,33208,7711,89593,186623,7952,2743726,86919,264545,fish,mg/l,MOR,96.0
2759,33208,6447,,6448,216294,52627,52628,171532,mollusks,mg/l,MOR,
2759,33208,6656,6657,6681,6821,134540,1080080,1735346,crustaceans,mg/l,MOR,47.99999999999999
2759,33208,6157,,6178,27871,99737,27847,27849,worms,mg/l,MOR,
2759,33090,35493,131221,3398,4069,4118,4119,89636,plants,kg/m2,POP,
2759,33208,6656,6960,50557,7147,7157,7164,221566,insects,mg/l,MOR,
2759,33208,6656,6657,6658,84337,202079,77714,202080,crustaceans,mg/l,MOR,47.99999999999999
2759,,,,2870,2886,35120,105411,209404,algae,mg/l,POP,96.0
2759,33090,3041,,3166,,,2135432,56200,algae,mg/l,POP,96.0
2,1783272,1117,,3028117,2881377,1890436,1152,1205931,cyanobacteria,mg/l,POP,96.0
2759,,2836,,33853,33855,33856,33644,210448,algae,mg/l,POP,96.0
2759,,2836,,33836,33844,33845,1003148,1003149,algae,mg/l,POP,96.0
2759,33090,35493,131221,3398,41946,24945,24952,208876,plants,mg/l,GRO,
2759,33208,6656,6657,6681,6683,6731,6734,150425,crustaceans,mg/l,MOR,47.99999999999999
2759,33090,35493,131221,3398,38820,4479,38730,29706,plants,kg/m2,POP,
2,1783272,1117,,3028117,1118,1890464,70190,693220,cyanobacteria,mg/l,POP,96.0
2759,33208,6656,6657,116172,2899670,37806,1080441,1080442,crustaceans,mg/l,MOR,47.99999999999999
2759,,2836,,33849,245176,245177,420972,2841587,algae,mg/l,POP,96.0
2759,33208,6340,,6341,6362,51280,344940,2507401,worms,mg/l,MOR,
2759,,,,38410,658125,658124,94616,94617,algae,mg/l,POP,96.0
2759,33090,3041,,3166,35491,35466,55412,117505,algae,mg/l,POP,96.0
2759,,,,2864,40984,2846880,66799,66800,algae,mg/l,POP,96.0
2759,,,,2864,40984,1573500,2971,66792,algae,mg/l,POP,96.0
2759,33208,6447,,6448,2315720,6466,315782,479612,mollusks,mg/l,MOR,
2759,33090,3041,,75966,,,249344,133490,algae,mg/l,POP,96.0
2759,33208,6073,,6101,6125,46736,242762,465062,cnidarians and bryozoans,mg/l,MOR,
2759,33208,6073,,6101,6125,6126,6127,55975,cnidarians and bryozoans,mg/l,POP,
2759,,2763,,2806,31468,31469,2781,172976,algae,mg/l,POP,96.0
2759,33090,35493,131221,131209,131210,131211,34145,227149,plants,mg/l,POP,
2759,33208,6073,,6101,6125,46729,123768,928217,cnidarians and bryozoans,mg/l,MOR,
2759,,,,2870,2886,35120,117815,6395,algae,mg/l,POP,96.0
2759,,2830,,,73020,418966,38816,38817,algae,mg/l,POP,96.0
2759,,,,2864,2910,66802,2918,2920,algae,mg/l,POP,96.0
2759,,,,3027,589342,589343,96335,77928,algae,mg/l,POP,96.0
2759,33090,3041,,1035538,13792,41873,38832,38833,algae,mg/l,POP,96.0
2759,33090,35493,131221,3398,16360,27254,27257,187285,plants,mg/l,GRO,
2759,33208,6073,,6101,6125,1328290,46744,46745,cnidarians and bryozoans,mg/l,MOR,
2759,33208,6656,6960,50557,7147,7149,7150,113495,insects,mg/l,MOR,
2759,,5878,431838,33829,33831,100127,5935,5939,protozoans,mg/l,MOR,
2759,,2836,,33849,33851,33852,41953,37319,algae,mg/l,POP,96.0
2759,,2836,,33849,33851,33852,41953,44445,algae,mg/l,POP,96.0
2759,33208,6447,,6650,6652,39684,13598,13599,mollusks,mg/l,MOR,
2759,33208,6340,,6341,46589,46599,104704,271776,worms,kg/m2,POP,
2759,33208,6447,,6448,,6521,401861,401862,mollusks,mg/l,MOR,
2759,33208,6447,,6448,,191785,240812,240814,mollusks,mg/l,MOR,
2759,33090,3041,,33103,3113,3114,3118,133424,algae,mg/l,POP,96.0
2759,33208,6447,,6544,6580,6592,223146,1265869,mollusks,mg/l,MOR,
2759,,,,2825,96792,98651,2985,359803,algae,mg/l,POP,96.0
2759,33208,6656,6657,6681,6683,29966,29967,2742745,crustaceans,mg/l,MOR,47.99999999999999
2759,33090,3041,,3166,35491,35466,34111,307511,algae,mg/l,POP,96.0
2759,33090,3041,,3166,35491,2940120,1662584,1662585,algae,mg/l,POP,96.0
2759,,2836,,33849,33851,33852,2857,303396,algae,mg/l,POP,96.0
2759,,2836,,33849,216758,59795,59796,650507,algae,mg/l,POP,96.0
2759,,2836,,33849,,186041,186042,650509,algae,mg/l,POP,96.0
2759,,2836,,33853,33855,33856,33644,185980,algae,mg/l,POP,96.0
2759,33090,35493,131221,3398,3524,3568,3573,2545703,plants,kg/m2,POP,
2759,,2836,,33849,97224,216743,216744,431346,algae,mg/l,POP,96.0
2759,,2836,,33849,97224,216743,216744,944357,algae,mg/l,POP,96.0
2759,,2836,,33849,97224,216743,216744,941917,algae,mg/l,POP,96.0
2759,,2836,,33853,33855,33856,2862,426641,algae,mg/l,POP,96.0
2759,,2836,,33849,38748,67474,50949,431568,algae,mg/l,POP,96.0
2759,,2836,,33849,97224,97225,941920,941921,algae,mg/l,POP,96.0
2759,,4762,,,4763,4764,4769,101203,unmapped,mg/l,POP,
2759,,555280,,1485085,555392,200887,200890,180228,protozoans,mg/l,MOR,
2759,33208,7586,,7625,31184,31185,7652,79801,echinoderms,mg/l,MOR,
2759,33208,7711,89593,186623,76071,47757,8089,123683,fish,mg/l,MOR,96.0
2759,33090,35493,131221,3398,16360,16362,13228,246694,plants,mg/l,GRO,
2759,33208,7711,89593,186623,,30863,80974,80977,fish,mg/l,MOR,96.0
2759,33208,6073,,6101,6125,2653792,187482,187483,cnidarians and bryozoans,mg/l,MOR,
2759,33208,6656,6657,6681,6683,6753,555451,88206,crustaceans,mg/l,MOR,47.99999999999999
2759,33208,6656,6657,6681,6683,6753,6754,88208,crustaceans,mg/l,MOR,47.99999999999999
2759,33208,6656,6657,6681,6683,6753,6754,88209,crustaceans,mg/l,MOR,47.99999999999999
2759,33208,7711,89593,186623,,30863,50744,80949,fish,mg/l,MOR,96.0
2759,33208,6073,,6101,6125,46729,50428,50429,cnidarians and bryozoans,mg/l,MOR,
2759,33208,7711,89593,186623,1489940,,1545907,45783,fish,mg/l,MOR,96.0
2759,33208,7711,89593,186623,1489931,8169,8176,8179,fish,mg/l,MOR,96.0
2759,33090,35493,131221,131209,3176,3178,3179,3182,plants,mg/l,POP,
2759,33090,35493,131221,241806,693749,3282,465509,3284,plants,mg/l,POP,
2759,33090,35493,131221,3398,38820,4479,38730,180096,plants,kg/m2,POP,
2759,33090,35493,131221,3398,73496,4668,16055,164437,plants,kg/m2,GRO,
2759,33090,35493,131221,241806,3268,29600,1581703,204633,plants,kg/m2,GRO,
2759,33090,35493,131221,3398,4618,4626,4627,147184,plants,mg/l,GRO,
2759,33090,35493,131221,3398,4618,4619,96513,96515,plants,mg/l,GRO,
2759,33090,35493,131221,3398,16360,26319,13165,403037,plants,mg/l,GRO,
2759,33208,6447,,6448,,6524,271026,271027,mollusks,mg/l,MOR,
2759,33090,35493,131221,3398,38820,4609,46324,110289,plants,kg/m2,POP,
2759,33090,35493,131221,3398,38820,4479,158106,1515717,plants,kg/m2,POP,
2759,33090,35493,131221,3398,91811,32203,4427,108412,plants,mg/l,GRO,
2759,33208,6656,6960,50557,7524,50616,236412,1545171,insects,mg/l,MOR,
2759,33090,35493,131221,3398,41768,3440,3445,22903,plants,kg/m2,POP,
2759,33090,35493,131221,3398,4036,4037,54704,54827,plants,mg/l,GRO,
2759,33208,10190,,2816136,84394,360665,1926390,2739576,rotifers,mg/l,MOR,
2759,33208,10190,,2816136,84394,96444,96445,1213211,rotifers,mg/l,MOR,
2759,33208,10190,,2816136,84394,360702,360703,1213220,rotifers,mg/l,POP,
2759,33208,7711,89593,186623,129912,72045,103719,161590,fish,mg/l,MOR,96.0
2759,33090,35493,131221,304574,204509,3146,13778,69334,plants,mg/l,POP,
2759,33090,35493,131221,3398,41944,3934,13118,1241826,plants,kg/m2,POP,
2759,33090,35493,131221,3398,38820,4479,37562,158174,plants,kg/m2,POP,
2759,33090,35493,131221,3398,38820,4609,76500,316508,plants,kg/m2,POP,
2759,33090,35493,131221,3398,16360,4449,4450,4452,plants,kg/m2,GRO,
2759,,2836,,33836,33841,35123,35124,49256,algae,mg/l,POP,96.0
2759,33208,6656,6960,50557,6961,70895,197157,261235,insects,mg/l,MOR,
2759,33208,6656,6960,50557,7041,186980,186981,186982,insects,mg/l,POP,
2759,33208,6656,6960,50557,30263,177631,177632,1876001,insects,mg/l,POP,
2759,33090,35493,131221,3398,4143,156152,13380,119594,plants,kg/m2,POP,
2759,33208,7711,89593,186623,7995,31013,337744,337745,fish,mg/l,MOR,96.0
2759,33090,35493,131221,241806,74353,32186,39630,336972,plants,mg/l,POP,
2759,33208,6656,6960,50557,7147,7157,7164,59124,insects,mg/l,MOR,
2759,33208,6656,6960,50557,7147,7157,149459,308735,insects,mg/l,MOR,
2759,33208,6656,6960,50557,6961,50509,12920,2219824,insects,mg/l,MOR,
2759,33208,6231,,119089,6236,315429,189290,189291,worms,kg/m2,POP,
2759,33208,6231,,119089,6236,6301,34509,157861,worms,kg/m2,POP,
2759,33208,6231,,119089,6236,6301,34509,157847,worms,kg/m2,POP,
2759,33208,6231,,119089,6236,211158,293581,364627,worms,kg/m2,POP,
2759,33208,6231,,119088,46000,46001,46002,46003,worms,kg/m2,POP,
2759,33208,6231,,119089,6236,33823,90723,560199,worms,mg/l,MOR,
2759,33208,6231,,119089,6236,114907,166009,346252,worms,mg/l,MOR,
2759,33208,6231,,119089,6236,33823,90723,269767,worms,mg/l,MOR,
2759,33208,6231,,119089,6236,114907,166009,166011,worms,mg/l,MOR,
2759,33208,7711,89593,186623,7952,2743726,67540,67541,fish,mg/l,MOR,96.0
2759,33090,35493,131221,3398,16360,4449,4450,258217,plants,kg/m2,GRO,
2759,33208,7711,89593,8292,8342,8432,30316,30317,amphibians,mg/l,MOR,
2759,33208,6656,6657,72037,6833,121147,121148,544687,crustaceans,mg/l,MOR,47.99999999999999
2759,33208,6656,6960,50557,30073,172515,189838,248213,insects,mg/l,MOR,
2759,33208,6656,6960,50557,30073,50633,219546,603606,insects,mg/l,MOR,
2759,33208,6656,6960,50557,30073,178295,226220,248237,insects,mg/l,MOR,
2759,33208,6656,6960,50557,30073,178295,197167,248239,insects,mg/l,MOR,
2759,33208,6656,6960,50557,30073,89829,551877,551879,insects,mg/l,MOR,
2759,33208,6656,6960,50557,50622,143699,143700,466576,insects,mg/l,MOR,
2759,33208,6656,6960,50557,50622,143733,143734,400679,insects,mg/l,POP,
2759,33208,6656,6960,50557,30263,41030,50443,692080,insects,mg/l,MOR,
2759,33208,6656,6960,50557,30263,177631,177632,177635,insects,mg/l,POP,
2759,33208,6656,6960,50557,7147,7157,7164,74873,insects,mg/l,MOR,
2759,33208,6073,,6101,6125,6126,6127,55976,cnidarians and bryozoans,mg/l,POP,
2759,33208,7711,89593,117569,7745,7746,171373,245074,fish,mg/l,MOR,96.0
2759,33208,7711,89593,8292,8342,8432,30316,233780,amphibians,mg/l,MOR,
2759,,5878,431838,33829,33831,100127,152459,5936,protozoans,mg/l,MOR,
2759,33208,6656,6960,50557,7147,7157,7182,869071,insects,mg/l,MOR,
2759,33208,7711,89593,8292,8342,218469,30361,105385,amphibians,mg/l,MOR,
2759,,2763,,2806,31395,2962779,221932,998827,algae,mg/l,POP,96.0
2759,33208,7711,89593,8292,8293,8294,8295,8305,amphibians,mg/l,MOR,
2759,33208,6656,6960,50557,7524,236405,446485,489481,insects,mg/l,MOR,
2759,33208,6656,6657,6681,6683,6685,32277,578590,crustaceans,mg/l,MOR,47.99999999999999
2759,33208,7711,89593,186623,129912,72045,72046,109274,fish,mg/l,MOR,96.0
2759,33208,6656,6657,6681,6683,6753,6754,6755,crustaceans,mg/l,MOR,47.99999999999999
2759,33208,6073,,6101,6103,42822,6109,160748,cnidarians and bryozoans,mg/l,MOR,
2759,33208,7711,89593,186623,7952,2743709,27710,244131,fish,mg/l,MOR,96.0
2759,33208,6447,,6544,47521,47526,55836,143297,mollusks,mg/l,MOR,
2759,33090,35493,131221,3398,16360,26319,26336,62345,plants,mg/l,GRO,
2759,33090,35493,131221,3398,38820,4479,66017,261599,plants,kg/m2,POP,
2759,33208,7711,89593,8292,8342,8418,2023954,280005,amphibians,mg/l,MOR,
2759,33208,6656,6843,6854,83136,70320,644139,1227671,insects,%,POP,
2759,33208,6656,6960,50557,7041,7042,122862,2051961,insects,kg/m2,MOR,
2759,33208,6656,6960,50557,7524,30080,340515,340619,insects,kg/m2,POP,
2759,33090,35493,131221,3398,73496,26339,26378,34205,plants,kg/m2,GRO,
2759,33090,35493,131221,3398,38820,4479,4520,4521,plants,kg/m2,POP,
2759,33208,6656,6960,50557,7147,7381,7384,7385,insects,mg/kg bw,MOR,
2759,4751,4890,147538,147541,92860,28556,33198,139233,fungi,kg/m2,POP,
2759,33208,7586,,35069,7581,35072,35073,105859,echinoderms,mg/l,GRO,
2759,33090,35493,131221,3398,3699,3700,3729,3730,plants,kg/m2,GRO,
2759,33090,35493,131221,3398,38820,4479,4605,4608,plants,kg/m2,POP,
2759,33090,35493,131221,3398,3524,3563,3564,124760,plants,kg/m2,POP,
2759,33090,35493,131221,3398,4209,4210,99103,457735,plants,kg/m2,POP,
2759,33090,35493,131221,3398,4143,156152,4173,46032,plants,kg/m2,POP,
2759,33090,35493,131221,3398,3744,3745,23138,1053328,plants,kg/m2,POP,
2759,33090,35493,131221,3398,73496,4668,4678,166824,plants,kg/m2,GRO,
2759,33090,35493,131221,3398,41768,3440,3137121,22869,plants,kg/m2,POP,
2759,33090,35493,131221,3398,73496,26339,58949,481050,plants,kg/m2,GRO,
2759,33090,35493,131221,3398,73496,26339,58949,87752,plants,kg/m2,GRO,
2759,33090,35493,131221,3398,73496,44985,81757,81759,plants,kg/m2,GRO,
2759,33090,35493,131221,3398,73496,44985,82024,82025,plants,kg/m2,GRO,
2759,33090,35493,131221,3398,73496,26339,26378,292522,plants,kg/m2,GRO,
2759,33090,35493,131221,3398,73496,44985,16161,156613,plants,kg/m2,GRO,
2759,33090,35493,131221,3398,73496,44985,51466,81785,plants,kg/m2,GRO,
2759,33090,35493,131221,3398,73496,44985,4701,4702,plants,kg/m2,GRO,
2759,33090,35493,131221,3398,73496,40552,51489,167735,plants,kg/m2,GRO,
2759,33090,35493,131221,3398,38820,4479,45618,158098,plants,kg/m2,POP,
2759,33090,35493,131221,3398,41944,3934,3939,3942,plants,kg/m2,POP,
2759,33208,6656,6960,50557,7524,27482,143949,143950,insects,kg/m2,POP,
2759,33208,6656,6843,6854,83136,32262,32263,50031,insects,mg/l,MOR,
2759,33090,35493,131221,3398,38820,4479,38413,433869,plants,kg/m2,POP,
2759,33208,6656,6960,50557,7524,30190,40929,170843,insects,ppm,MOR,
2759,33090,35493,131221,3398,41945,25692,35939,63779,plants,kg/m2,GRO,
2759,33090,35493,131221,3398,4209,4210,13707,55843,plants,kg/m2,POP,
2759,33090,35493,131221,3398,71239,3680,3681,473040,plants,kg/m2,GRO,
2759,33090,35493,131221,3398,3524,3568,3569,278075,plants,kg/m2,POP,
2759,33090,35493,131221,3398,38820,4479,4512,97361,plants,kg/m2,POP,
2759,33090,35493,131221,3398,4739,4740,4741,59015,plants,kg/m2,POP,
2759,33090,35493,131221,3398,3744,3487,3493,182105,plants,%,GRO,
2759,33090,35493,131221,3398,41946,3781,3782,1050986,plants,mg/l,GRO,
2759,33090,35493,131221,3398,4055,4056,52831,206227,plants,kg/m2,POP,
2759,33090,35493,131221,3398,4143,26122,48766,1481691,plants,mg/l,GRO,
2759,33090,35493,131221,3398,4209,4210,407160,18795,plants,kg/m2,POP,
2759,33090,35493,131221,3398,16360,4454,71613,2093171,plants,mg/l,POP,
2759,33090,35493,131221,3398,4739,4740,4741,255331,plants,kg/m2,POP,
2759,33090,35493,131221,3398,4739,4740,4741,34175,plants,kg/m2,POP,
2759,33090,35493,131221,3398,4209,4210,176608,415156,plants,kg/m2,POP,
2759,33090,35493,131221,3398,16360,4454,78377,226677,plants,mg/l,POP,
2759,33208,6447,,6544,6580,55711,55712,120455,mollusks,mg/l,MOR,
2759,33208,6447,,6448,,54980,54981,699199,mollusks,mg/l,MOR,
2759,33208,7711,89593,186623,1489940,97158,97161,97162,fish,mg/l,MOR,96.0
2759,33208,6656,6960,50557,7524,7533,7535,7536,insects,mg/kg,MOR,
2759,33208,6656,6960,50557,7524,30083,30084,30085,insects,kg/m2,POP,
2759,33090,35493,131221,3398,4209,4210,41503,347529,plants,kg/m2,POP,
2759,33090,35493,131221,3398,38820,4479,66017,66018,plants,kg/m2,POP,
2759,33090,35493,131221,3398,38820,4479,45618,338577,plants,kg/m2,POP,
2759,33090,35493,131221,3398,38820,4479,15747,121783,plants,kg/m2,POP,
2759,33090,35493,131221,3398,73496,4668,4678,1053326,plants,kg/m2,GRO,
2759,33208,6656,6960,50557,7399,7402,51529,51531,insects,mg/l,MOR,
2759,33208,6656,6960,50557,7088,7100,7106,134406,insects,kg/m2,MOR,
2759,33208,6656,6843,6854,83136,32262,50018,3018568,insects,mg/l,MOR,
2759,33208,7711,89593,8292,8293,8294,8295,8298,amphibians,mg/l,MOR,
2759,33090,35493,131221,3214,13798,67432,67433,67435,plants,mg/l,GRO,
2759,33208,7711,89593,,8459,8476,8484,8485,reptiles,mg/kg,MOR,
2759,33208,6656,6960,50557,7088,7096,7097,7099,insects,mg/l,MOR,
2759,33208,6656,6960,50557,7041,7042,465519,465521,insects,kg/m2,MOR,
2759,33208,6656,6960,50557,50622,143733,143734,143735,insects,mg/l,POP,
2759,33208,6656,6960,30001,79705,39131,109608,109609,insects,kg/m2,POP,
2759,33208,6656,6843,6854,83136,296205,2874059,2874060,insects,mg/l,MOR,
2759,33208,6656,6843,6854,83136,92103,423220,756329,insects,mg/l,MOR,
2759,33208,6656,6960,50557,7041,116151,1431902,1431903,insects,kg/m2,POP,
2759,33208,6656,6960,50557,7088,33415,42274,171605,insects,mg/org,MOR,
2759,33208,6656,6960,50557,7041,7042,201855,307131,insects,kg/m2,MOR,
2759,33208,6656,6960,50557,7041,27439,131607,217227,insects,kg/m2,POP,
2759,33208,6656,6960,50557,7041,27439,131607,1492357,insects,kg/m2,POP,
2759,33208,6656,6960,50557,7088,7135,1511196,1511197,insects,kg/m2,MOR,
2759,33208,6656,6960,50557,27434,27437,13067,13068,insects,mg/l,MOR,
2759,33208,6656,6960,50557,6993,6995,6998,128156,insects,ppm,MOR,
2759,33208,6656,6960,50557,7399,7489,7490,43066,insects,mg/l,MOR,
2759,33208,6656,6960,50557,7147,27474,179523,1692330,insects,mg/org,MOR,
2759,33208,6656,6960,50557,7041,27439,79500,361683,insects,kg/m2,POP,
2759,33208,6656,6960,50557,30262,45053,45059,407007,insects,kg/m2,POP,
2759,33208,6656,6960,50557,7524,33362,871470,984343,insects,kg/m2,POP,
2759,33208,6656,6843,6854,6893,81835,247614,247615,insects,kg/m2,POP,
2759,33208,6656,6960,50557,7088,268499,1178244,1343450,insects,kg/m2,POP,
2759,33208,6656,6960,50557,7041,7042,7043,122869,insects,kg/m2,MOR,
2759,33208,6656,6960,50557,7041,27439,226608,1191542,insects,kg/m2,POP,
2759,33090,35493,131221,3398,1538097,21571,255583,1213287,plants,kg/m2,GRO,
2759,33208,6656,6960,50557,27434,27437,163242,1514967,insects,mg/l,MOR,
2759,33208,6656,6960,50557,7041,7042,201998,201999,insects,kg/m2,MOR,
2759,33208,6656,6960,50557,7041,7042,55977,143020,insects,kg/m2,MOR,
2759,33208,7711,89593,8292,8342,8382,651670,30328,amphibians,mg/l,MOR,
2759,33208,7711,89593,8292,8342,8432,30316,233779,amphibians,mg/l,MOR,
2759,33090,35493,131221,3398,4069,4070,4107,45836,plants,kg/m2,GRO,
2759,33090,35493,131221,3398,38820,4479,147271,313893,plants,kg/m2,POP,
2759,33090,35493,131221,3398,38820,4479,4549,4550,plants,kg/m2,POP,
2759,33090,35493,131221,3398,4069,4070,4107,50511,plants,kg/m2,GRO,
2759,33090,35493,131221,3398,3646,24921,13757,97415,plants,kg/m2,POP,
2759,4751,4890,147538,147550,5125,34397,5112,5047,fungi,ppm,POP,
2759,33090,35493,131221,3398,3699,3700,3703,3704,plants,kg/m2,GRO,
2759,33090,35493,131221,3398,72025,3803,3898,60916,plants,kg/m2,POP,
2759,33090,35493,131221,3398,4209,4210,13420,103745,plants,kg/m2,POP,
2759,33090,35493,131221,3398,4209,4210,4235,75943,plants,kg/m2,POP,
2759,33090,35493,131221,3398,403667,3602,3603,103355,plants,kg/m2,POP,
2759,33208,7711,89593,8292,8342,8397,192752,190274,amphibians,mg/l,MOR,
2759,33090,35493,131221,3398,4209,4210,41503,41522,plants,kg/m2,POP,
2759,33090,35493,131221,3398,4069,4118,4128,4129,plants,kg/m2,POP,
2759,33090,35493,131221,3398,4143,4136,13432,54228,plants,kg/m2,POP,
2759,33090,35493,131221,3398,3524,3615,3616,3617,plants,kg/m2,POP,
2759,33090,35493,131221,3398,38820,4479,15492,29675,plants,kg/m2,POP,
2759,33090,35493,131221,3398,38820,14101,13578,308393,plants,kg/m2,POP,
2759,33090,35493,131221,3398,72025,3803,47081,47083,plants,kg/m2,POP,
2759,33090,35493,131221,3398,3524,3525,3526,3527,plants,kg/m2,POP,
2759,33090,35493,131221,3398,3744,3745,23204,538583,plants,kg/m2,POP,
2759,33090,35493,131221,3398,4209,4210,72977,526934,plants,kg/m2,POP,
2759,33090,35493,131221,3398,3699,3700,3729,203579,plants,kg/m2,GRO,
2759,33090,35493,131221,3398,4069,4070,4107,45843,plants,kg/m2,GRO,
2759,33090,35493,131221,3398,3699,3700,2282298,226026,plants,kg/m2,GRO,
2759,33090,35493,131221,3398,3699,3700,169067,226036,plants,kg/m2,GRO,
2759,33208,7711,89593,186623,7991,27693,27694,27695,fish,mg/l,MOR,96.0
2759,4751,4890,147538,147541,2726947,93133,41254,2082203,fungi,kg/m2,POP,
2759,33090,35493,131221,3398,4209,4210,99105,118510,plants,kg/m2,POP,
2759,33208,7711,89593,8292,8342,8418,317308,317373,amphibians,mg/l,MOR,
2759,33208,7711,89593,8292,8342,8418,1926313,317352,amphibians,mg/l,MOR,
2759,4751,4890,147538,147545,33183,5103,5104,51564,fungi,%,POP,
2759,33208,6656,6960,50557,7041,7055,,207180,insects,kg/m2,POP,
2759,33090,35493,131221,3398,38820,4609,13398,241230,plants,kg/m2,POP,
2,1783272,1117,,3028117,3079753,1892251,1975582,471288,cyanobacteria,mg/l,POP,96.0
2759,33208,7711,89593,186623,8111,274692,41445,41446,fish,mg/l,MOR,96.0
2759,33090,3041,,3166,35491,3086,91202,1034616,algae,mg/l,POP,96.0
2759,33208,6447,,6544,106218,6566,31198,330902,mollusks,mg/l,MOR,
2759,33208,6656,6960,50557,7147,7211,7212,7213,insects,ppm,MOR,
2759,33208,6656,6960,50557,7524,33384,58001,58002,insects,kg/m2,POP,
2759,33208,7711,89593,186623,7952,7953,7956,101364,fish,mg/l,MOR,96.0
2759,33208,6656,6960,50557,7524,36666,30087,36667,insects,kg/m2,MOR,
2759,33208,6656,6960,50557,7041,116151,577264,1588472,insects,kg/m2,POP,
2759,4751,5204,5302,155619,452338,5304,228945,234799,fungi,kg/m2,POP,
2759,33208,6656,6960,50557,7041,7042,159906,159907,insects,kg/m2,MOR,
2759,33208,6656,6960,50557,7088,268499,390976,1209549,insects,kg/m2,POP,
2759,33208,6656,6960,50557,7088,268499,390976,1140737,insects,kg/m2,POP,
2759,4751,4890,147538,147548,5120,34371,62700,62718,fungi,mg/l,POP,
2759,33208,6656,6960,50557,7524,30189,538669,589264,insects,mg/l,POP,
2759,33208,6656,6960,50557,7088,7135,680682,680683,insects,kg/m2,MOR,
2759,4751,4890,147538,147541,1111111,5023,5024,86257,fungi,kg/m2,POP,
2759,33090,35493,131221,3398,3744,3745,3754,3758,plants,kg/m2,POP,
2759,4751,5204,29000,162484,5258,367877,190646,190647,fungi,mg/l,POP,
2759,33208,6656,6960,50557,7041,7055,221091,1720622,insects,kg/m2,POP,
2759,33208,6656,6960,50557,7041,27439,200914,200915,insects,kg/m2,POP,
2759,33208,6656,6960,50557,7399,108385,32399,121798,insects,mg/l,MOR,
2759,33208,6656,6960,50557,7041,7055,360073,1475337,insects,kg/m2,POP,
2759,33208,6656,6960,50557,7041,7042,122821,122822,insects,kg/m2,MOR,
2759,33208,6656,6960,50557,7041,30009,341340,1132045,insects,kg/m2,POP,
2759,33208,6656,6960,50557,7041,7055,219349,1710756,insects,kg/m2,POP,
2759,33208,6656,6960,50557,7088,268499,582007,1558240,insects,kg/m2,POP,
2,1783272,1117,,3028117,1161,2661849,1186,1335615,cyanobacteria,ppm,POP,96.0
2759,33208,6656,6960,30001,730331,30002,187711,2750919,insects,kg/m2,MOR,
2759,4751,5204,5302,155619,5338,40562,5399,64608,fungi,ppm,POP,
2759,4751,5204,5302,155619,5338,862241,47424,47429,fungi,mg/l,POP,
2759,4751,5204,5302,155619,5338,40455,40456,40457,fungi,ppm,POP,
2759,4751,5204,5302,155619,5303,5317,40441,40442,fungi,mg/l,POP,
2759,4751,5204,5302,155619,5303,5317,5314,34457,fungi,mg/l,POP,
2759,4751,5204,5302,155619,5303,5317,5314,5315,fungi,mg/l,POP,
2759,4751,5204,5302,155619,5338,104366,5320,5322,fungi,mg/l,POP,
2759,4751,5204,5302,155619,5303,5317,2268961,2268962,fungi,mg/l,POP,
2759,33090,35493,131221,3398,4209,4210,41495,41496,plants,kg/m2,POP,
2759,33090,35493,131221,241806,3268,29607,41965,449109,plants,kg/m2,GRO,
2759,33090,35493,131221,241806,3268,29607,3287,239562,plants,kg/m2,GRO,
2759,33090,35493,131221,241806,3268,29607,3287,930111,plants,kg/m2,GRO,
2759,33090,35493,131221,241806,3268,29607,3278,348875,plants,kg/m2,GRO,
2759,33090,35493,131221,241806,3268,29607,84613,84614,plants,kg/m2,GRO,
2759,33090,35493,131221,3398,73496,44985,16161,81770,plants,kg/m2,GRO,
2759,33090,35493,131221,3398,38820,4479,4583,1084740,plants,kg/m2,POP,
2759,33090,35493,131221,3398,3524,3563,46111,46112,plants,kg/m2,POP,
2759,33090,35493,131221,3398,4069,4118,4119,89666,plants,kg/m2,POP,
2759,33090,35493,131221,3398,4143,4136,21880,38868,plants,kg/m2,POP,
2759,33090,35493,131221,3398,4143,4136,39174,39352,plants,kg/m2,POP,
2759,33090,35493,131221,3398,72025,3803,3877,47085,plants,kg/m2,POP,
2759,33090,35493,131221,3398,38820,4609,4610,421870,plants,kg/m2,POP,
2759,33090,35493,131221,3398,38820,4479,487926,487927,plants,kg/m2,POP,
2759,33090,35493,131221,3398,38820,4479,37562,649773,plants,kg/m2,POP,
2759,33090,35493,131221,3398,38820,4479,160544,270102,plants,kg/m2,POP,
2759,33090,35493,131221,3398,38820,4479,4512,4517,plants,kg/m2,POP,
2759,33090,35493,131221,3398,3524,3563,3564,338571,plants,kg/m2,POP,
2759,33090,35493,131221,3398,3699,3700,19205,398450,plants,kg/m2,GRO,
2759,33090,35493,131221,3398,38820,4479,1662283,433856,plants,kg/m2,POP,
2759,33090,35493,131221,3398,38820,4479,15740,446913,plants,kg/m2,POP,
2759,33090,35493,131221,3398,38820,4479,4501,37722,plants,kg/m2,POP,
2759,33090,35493,131221,3398,38820,4609,13398,98862,plants,kg/m2,POP,
2759,33090,35493,131221,3398,72025,3803,148684,196661,plants,kg/m2,POP,
2759,33090,35493,131221,3398,4069,4118,4119,2613358,plants,kg/m2,POP,
2759,33090,35493,131221,3398,41938,3629,108335,108377,plants,kg/m2,POP,
2759,33090,35493,131221,3398,38820,4479,158101,2071922,plants,kg/m2,POP,
2759,33090,35493,131221,3398,38820,4479,66011,1704193,plants,kg/m2,POP,
2759,33090,35493,131221,3398,4036,4050,4053,44588,plants,kg/m2,GRO,
2759,33090,35493,131221,3398,4209,4210,55669,55670,plants,kg/m2,POP,
2759,33090,35493,131221,3398,4069,4070,4085,4087,plants,kg/m2,GRO,
2759,33090,35493,131221,3398,4143,4136,21880,180675,plants,kg/m2,POP,
2759,33090,35493,131221,3398,38820,4479,147271,147272,plants,kg/m2,POP,
2759,33090,35493,131221,3398,3699,3700,50495,1425329,plants,kg/m2,GRO,
2759,33090,35493,131221,3398,4069,4070,4107,109975,plants,kg/m2,GRO,
2759,33090,35493,131221,3398,73496,4668,4678,4681,plants,kg/m2,GRO,
2759,33090,35493,131221,3398,3524,3568,3573,37657,plants,kg/m2,POP,
2759,33090,35493,131221,3398,4209,4210,41491,41492,plants,kg/m2,POP,
2759,33090,35493,131221,3398,4209,4210,41589,55635,plants,kg/m2,POP,
2759,33090,35493,131221,3398,4209,4210,59293,59297,plants,kg/m2,POP,
2759,33090,35493,131221,3398,4143,4136,4137,587664,plants,kg/m2,POP,
2759,33090,35493,131221,3398,4143,4136,39172,39347,plants,kg/m2,POP,
2759,33090,35493,131221,3398,4143,4136,39176,39358,plants,kg/m2,POP,
2759,33090,35493,131221,3398,41945,4335,4336,4337,plants,kg/m2,POP,
2759,33090,35493,131221,3398,4143,156152,4163,4164,plants,kg/m2,POP,
2759,33208,7711,89593,8504,8509,8578,201800,94885,reptiles,mg/kg,MOR,
2759,33208,6656,6960,50557,7147,7157,7164,142887,insects,mg/l,MOR,
2759,33208,6656,6960,50557,7524,160513,437492,756488,insects,kg/m2,POP,
2759,33208,6656,6960,50557,7399,7438,91387,91400,insects,mg/l,MOR,
2759,33208,6656,6960,50557,7399,7438,30216,91438,insects,mg/l,MOR,
2759,33208,6656,6960,50557,7399,7438,57065,57066,insects,mg/l,MOR,
2759,33208,6656,6960,50557,7399,7438,57065,743380,insects,mg/l,MOR,
2759,33208,6656,6960,50557,7399,32417,198337,408254,insects,kg/m2,MOR,
2759,33208,6656,6843,6854,43271,118601,656474,656476,insects,mg/l,MOR,
2759,33208,6656,6960,50557,7088,7135,181329,1511153,insects,kg/m2,MOR,
2759,33208,6656,6960,50557,7399,162252,401871,2479706,insects,mg/l,MOR,
2759,33208,6656,6843,6854,6893,74973,74980,75012,insects,mg/l,MOR,
2759,33208,6656,6843,6854,6893,81835,447591,662949,insects,kg/m2,POP,
2759,33208,6656,6960,50557,7041,41073,63841,877828,insects,kg/m2,POP,
2759,33208,6656,6960,50557,7041,29026,219450,346820,insects,%,MOR,
2759,33208,6656,6960,50557,7088,268499,29056,93504,insects,kg/m2,POP,
2759,33208,6656,6960,50557,7088,7100,7112,27545,insects,kg/m2,MOR,
2759,33208,6656,6960,50557,7041,41073,60800,795070,insects,kg/m2,POP,
2759,33208,6656,6960,50557,7088,7135,1628324,1628325,insects,kg/m2,MOR,
2759,33208,6656,6960,50557,7041,7055,1269194,1475332,insects,kg/m2,POP,
2759,33208,6656,6657,6681,6683,6695,6696,224134,crustaceans,mg/l,MOR,47.99999999999999
2759,33208,7711,89593,8782,9126,81890,98120,315542,birds,mg/kg,MOR,
2759,33208,6656,6960,50557,7524,30083,237236,1656701,insects,kg/m2,POP,
2759,33208,6656,6843,6854,6893,81835,685689,685690,insects,kg/m2,POP,
2759,33208,6656,6960,50557,7041,50515,107868,107869,insects,mg/l,MOR,
2759,33208,6656,6960,50557,7041,41073,60818,60819,insects,kg/m2,POP,
2759,33208,6656,6960,50557,7041,41073,41307,346812,insects,kg/m2,POP,
2759,33208,6656,6960,50557,7147,7157,7158,55967,insects,mg/l,MOR,
2759,33208,6656,6960,50557,7041,7065,466959,466960,insects,mg/l,MOR,
2759,33208,6656,6960,50557,7088,695564,705747,1123330,insects,kg/m2,POP,
2759,33208,6656,6960,50557,7088,7128,469308,469309,insects,kg/m2,POP,
2759,33208,6656,6960,50557,7088,7143,7145,76202,insects,%,POP,
2759,33208,6656,6960,50557,7088,7100,254361,254368,insects,kg/m2,MOR,
2759,33208,6656,6843,6854,6893,27394,473175,662952,insects,ppm,MOR,
2759,33208,6656,6960,50557,7041,7080,524488,1902172,insects,mg/l,MOR,
2759,33208,6656,6960,50557,7088,32434,1216957,1216959,insects,kg/m2,MOR,
2759,33208,6656,6960,50557,7524,30080,340492,340533,insects,kg/m2,POP,
2759,33208,7711,89593,8782,9126,164646,84832,84836,birds,mg/kg,MOR,
2759,33208,7711,89593,8782,8929,8930,47244,115703,birds,mg/kg,MOR,
2759,33208,7711,89593,186623,7952,2743726,54555,886298,fish,mg/l,MOR,96.0
2759,33208,7711,89593,40674,9989,337677,38667,38668,rodents,mg/kg,MOR,
2759,33208,6656,6960,50557,7524,33362,195882,195883,insects,kg/m2,POP,
2759,33208,6656,6960,50557,7399,7458,28641,207650,insects,mg/org,MOR,
2759,33208,6656,6960,50557,7041,7080,115351,1131304,insects,mg/l,MOR,
2,1783272,1117,,3028117,1118,1890449,1125,44823,cyanobacteria,mg/l,POP,96.0
2759,33090,35493,131221,3398,3699,4434,4435,4436,plants,mg/l,GRO,
2759,33090,35493,131221,3398,3646,3688,3689,113636,plants,kg/m2,GRO,
2759,33090,35493,131221,3398,41768,3440,3445,105186,plants,kg/m2,POP,
2759,33090,35493,131221,241806,3255,3256,3257,231680,plants,kg/m2,POP,
2759,33090,35493,131221,3398,38820,4479,37871,388680,plants,kg/m2,POP,
2759,33090,35493,131221,241806,3268,29616,29617,29618,plants,mg/l,POP,
2759,33090,35493,131221,3398,16360,4454,45006,45007,plants,mg/l,POP,
2759,33090,35493,131221,3398,4209,24579,24581,28525,plants,mg/l,GRO,
2759,33090,35493,131221,3398,16360,16362,13228,55322,plants,mg/l,GRO,
2759,33090,35493,131221,3398,16360,26319,55493,55494,plants,mg/l,GRO,
2759,33208,6447,,6448,,53506,2510713,363001,mollusks,mg/l,MOR,
2759,33208,7711,89593,8292,8342,8418,8370,104896,amphibians,mg/l,MOR,
2759,33208,6656,6960,50557,7524,1202956,1202957,1655880,insects,kg/m2,MOR,
2759,33208,6656,6843,6854,6935,6939,6942,6943,insects,%,MOR,
2759,33208,6656,6960,50557,7399,7489,7490,311206,insects,mg/l,MOR,
2759,33208,7711,89593,186623,7952,2743726,13476,87717,fish,mg/l,MOR,96.0
2759,33208,6656,6960,50557,7147,7149,54968,391807,insects,mg/l,MOR,
2759,33208,6656,6960,50557,7399,7408,144305,310001,insects,mg/l,MOR,
2759,33208,6656,6960,50557,7041,27439,64390,380381,insects,kg/m2,POP,
2759,33090,35493,131221,304574,204509,3146,3148,181803,plants,mg/l,POP,
2759,33208,6656,6960,50557,7524,30102,562280,680298,insects,kg/m2,POP,
2759,33208,6656,6960,50557,7041,116151,295924,1720689,insects,kg/m2,POP,
2759,33208,6656,6960,50557,7088,7135,687068,691967,insects,kg/m2,MOR,
2759,33208,6656,6960,50557,7524,27482,214835,214836,insects,kg/m2,POP,
2759,33208,6656,6960,50557,7088,98966,134900,134901,insects,kg/m2,POP,
2759,33208,6656,6960,50557,7041,7055,465283,2680668,insects,kg/m2,POP,
2759,33208,6656,6960,50557,7088,7139,463828,463830,insects,kg/m2,MOR,
2759,33208,6656,6960,50557,7088,268499,168630,236790,insects,kg/m2,POP,
2759,33208,6656,6960,50557,7088,268499,72365,236802,insects,kg/m2,POP,
2759,33208,6656,6960,50557,7088,7135,1304778,1304779,insects,kg/m2,MOR,
2759,33208,6656,6960,50557,7399,7402,283796,389103,insects,mg/l,MOR,
2759,33208,6656,6960,50557,7041,41073,49408,2714755,insects,kg/m2,POP,
2759,33208,6656,6960,50557,7399,107755,865979,865980,insects,mg/l,MOR,
2759,33208,6447,,6448,977767,52926,52927,537789,mollusks,mg/l,MOR,
2759,33090,35493,131221,3398,38820,4479,15376,389630,plants,kg/m2,POP,
2759,33090,35493,131221,3398,38820,4479,1612336,65978,plants,kg/m2,POP,
2759,33090,35493,131221,3398,38820,4479,62336,62337,plants,kg/m2,POP,
2759,33090,35493,131221,3398,38820,4479,4583,2503017,plants,kg/m2,POP,
2759,33090,35493,131221,3398,38820,4479,38730,65991,plants,kg/m2,POP,
2759,33090,35493,131221,3398,4739,4740,4743,428226,plants,kg/m2,POP,
2759,33090,35493,131221,3398,38820,4479,15303,649009,plants,kg/m2,POP,
2759,33090,35493,131221,3398,38820,4479,15297,218142,plants,kg/m2,POP,
2759,33208,7711,89593,8292,8342,685122,862141,109965,amphibians,mg/l,MOR,
2759,33208,6157,,6178,6180,31245,6181,6185,worms,ppm,MOR,
2759,33208,6656,6960,50557,7399,29051,2058207,2058208,insects,kg/m2,MOR,
2759,4751,4890,147538,147545,5042,1131492,5073,36655,fungi,mg/l,POP,
2759,4751,4890,147538,147545,5042,28568,5094,198730,fungi,ppm,POP,
2759,4751,4890,147538,147545,5042,1131492,5052,41900,fungi,mg/l,POP,
2759,4751,4890,147538,147545,5042,28568,5094,28572,fungi,ppm,POP,
2759,4751,4890,147538,147550,5139,35718,1934360,1934361,fungi,mg/l,POP,
2759,4751,4890,147538,147545,5042,1131492,5052,41067,fungi,mg/l,POP,
2759,4751,4890,147538,147541,1111111,1111112,37940,262132,fungi,mg/l,GRO,
2759,4751,4890,147538,147541,1111111,1111112,37940,227046,fungi,mg/l,GRO,
2759,4751,4890,147538,147550,5139,35718,5526,112175,fungi,mg/l,POP,
2759,4751,4890,147538,147545,5042,1131492,5052,34381,fungi,mg/l,POP,
2759,4751,4890,147538,147545,5042,1131492,5052,40380,fungi,mg/l,POP,
2759,4751,4890,147538,147550,5125,,81097,132165,fungi,,POP,
2759,33208,6656,6960,50557,7041,7042,201998,2339928,insects,kg/m2,MOR,
2759,33208,7711,89593,186623,41711,8012,137519,137520,fish,mg/l,MOR,96.0
2759,33208,6656,6960,50557,7399,7408,144305,208481,insects,mg/l,MOR,
2759,33090,3041,,3166,35491,35466,34111,39955,algae,mg/l,POP,96.0
2759,33208,6656,6657,6658,84337,77713,362311,2656751,crustaceans,mg/l,MOR,47.99999999999999
2759,33208,10190,,2816136,84394,204743,360692,360693,rotifers,mg/l,POP,
2,1783272,1117,,3028117,3079749,1890438,471271,471272,cyanobacteria,mg/l,POP,96.0
2759,33208,6656,6843,6854,6893,74973,74980,128028,insects,mg/l,MOR,
2759,33208,6656,6960,50557,7524,30190,1046590,1046591,insects,ppm,MOR,
2759,33208,6656,6960,50557,7524,30189,1657291,1657292,insects,mg/l,POP,
2759,33208,6656,6960,50557,7041,7042,322464,322465,insects,kg/m2,MOR,
2759,33208,6656,6960,50557,7524,186376,236886,236887,insects,kg/m2,POP,
2759,33090,35493,131221,3398,4209,4210,4219,206550,plants,kg/m2,POP,
2759,33208,6656,6960,50557,7088,268499,2927320,1209544,insects,kg/m2,POP,
2759,33208,6656,6960,50557,7399,27532,362155,362156,insects,kg/m2,POP,
2759,33208,6656,6960,50557,7041,29026,347259,347260,insects,%,MOR,
2759,33208,6656,6843,6854,83136,70320,109362,109366,insects,%,POP,
2759,33208,6656,6960,50557,7088,7135,1101103,1678257,insects,kg/m2,MOR,
2759,33208,6656,6843,6854,6935,6939,34619,60249,insects,%,MOR,
2759,33208,6656,6960,50557,7524,30102,565968,706835,insects,kg/m2,POP,
2759,33208,6656,6960,50557,7524,30102,565781,1464876,insects,kg/m2,POP,
2759,33208,6656,6960,50557,7041,41073,41076,331376,insects,kg/m2,POP,
2759,33208,6656,6960,50557,7524,27482,133081,133082,insects,kg/m2,POP,
2759,33208,6656,6960,50557,7524,33362,113102,113103,insects,kg/m2,POP,
2759,33208,6656,6960,50557,7088,27544,689508,689509,insects,kg/m2,POP,
2759,33208,6656,6960,50557,7041,29026,347426,347427,insects,%,MOR,
2759,33208,6656,6960,50557,7516,50435,186121,1137563,insects,%,MOR,
2759,33208,6656,6960,50557,7041,7080,41138,185878,insects,mg/l,MOR,
2759,33208,6656,6960,50557,7041,7080,230350,230351,insects,mg/l,MOR,
2759,33208,7711,89593,186623,129912,72045,103719,161583,fish,mg/l,MOR,96.0
2759,33208,6656,6960,50557,7524,27482,44669,44670,insects,kg/m2,POP,
2759,33208,6656,6960,50557,7399,7402,37852,1071393,insects,mg/l,MOR,
2759,33208,6656,6960,50557,7399,7402,55905,55906,insects,mg/l,MOR,
2759,33208,6656,6960,50557,7399,44361,161190,161191,insects,kg/m2,POP,
2759,33208,6656,6960,50557,7399,7423,320978,338020,insects,kg/m2,MOR,
2759,33208,6656,6843,6854,6935,6939,34630,60189,insects,%,MOR,
2759,33090,35493,131221,3398,41945,4345,13749,472369,plants,kg/m2,POP,
2759,33208,6656,6960,50557,7088,7135,305659,357117,insects,kg/m2,MOR,
2759,33090,35493,131221,58019,1446380,3318,3337,3345,plants,kg/m2,GRO,
2759,33208,6656,6960,50557,7041,34672,268452,1825278,insects,%,MOR,
2759,33208,6656,6960,50557,7041,7080,64693,703264,insects,mg/l,MOR,
2759,33208,6656,6960,50557,7399,7489,296449,296450,insects,mg/l,MOR,
2759,33208,6656,6960,50557,7399,7489,296449,321861,insects,mg/l,MOR,
2759,33208,6656,6960,50557,7088,82593,572889,572890,insects,mg/kg bw,MOR,
2759,33090,35493,131221,3398,38820,4479,4501,52150,plants,kg/m2,POP,
2759,33090,35493,131221,3398,41937,4011,43852,43853,plants,kg/m2,POP,
2759,33090,35493,131221,3398,4209,4210,41574,91248,plants,kg/m2,POP,
2759,33208,6656,6960,50557,7041,27439,294635,2681053,insects,kg/m2,POP,
2759,33090,35493,131221,3398,3502,26766,190583,3510,plants,mg/kg soil,POP,
2759,33208,6656,6960,50557,7524,30190,249510,249558,insects,ppm,MOR,
2759,33090,35493,131221,3398,4209,4210,109564,648871,plants,kg/m2,POP,
2759,33090,35493,131221,3398,403667,3602,149357,192758,plants,kg/m2,POP,
2759,33090,35493,131221,3398,3744,3487,3493,66386,plants,%,GRO,
2759,33090,35493,131221,3398,4618,4619,16300,34203,plants,mg/l,GRO,
2759,33090,35493,131221,3398,72025,3803,35715,264982,plants,kg/m2,POP,
2759,33090,35493,131221,3398,3524,1804623,1307779,46091,plants,kg/m2,POP,
2759,33090,35493,131221,3398,3524,3568,3579,230722,plants,kg/m2,POP,
2759,33090,35493,131221,3398,4055,24966,13442,13443,plants,kg/m2,POP,
2759,33090,35493,131221,3398,3524,3568,191452,191453,plants,kg/m2,POP,
2759,33090,35493,131221,3398,4209,4210,189212,671524,plants,kg/m2,POP,
2759,33090,35493,131221,3398,38820,4609,4610,180973,plants,kg/m2,POP,
2759,33090,35493,131221,3398,3524,3563,3564,1193840,plants,kg/m2,POP,
2759,33090,35493,131221,3398,4209,4210,42336,42337,plants,kg/m2,POP,
2759,33208,6656,6960,50557,7088,82593,82594,1049282,insects,mg/kg bw,MOR,
2759,33208,6656,6960,50557,7524,30083,237374,393766,insects,kg/m2,POP,
2759,33090,35493,131221,3398,3744,3745,23139,32219,plants,kg/m2,POP,
2759,4751,1913637,214504,214506,36750,36751,1129544,43247,fungi,mg/l,POP,
2759,33090,35493,131221,58019,1446380,3318,3337,71631,plants,kg/m2,GRO,
2759,33090,35493,131221,3398,4069,4118,4128,132261,plants,kg/m2,POP,
2759,33090,35493,131221,3398,73496,51383,49697,1497607,plants,mg/l,MOR,
2759,33090,35493,131221,58019,1446380,3318,3319,97172,plants,kg/m2,GRO,
2759,33090,35493,131221,3398,4069,4118,4128,35886,plants,kg/m2,POP,
2759,33090,35493,131221,58019,1446379,25623,25628,99806,plants,kg/m2,GRO,
2759,33090,35493,131221,58019,1446380,3318,3358,66173,plants,kg/m2,GRO,
2759,33208,6656,6960,50557,7399,107755,1134283,2727930,insects,mg/l,MOR,
2759,33090,35493,131221,3398,4209,4210,99027,127977,plants,kg/m2,POP,
2759,33090,35493,131221,3398,3699,3700,3731,3732,plants,kg/m2,GRO,
2759,33090,35493,131221,3398,4209,4210,313923,313924,plants,kg/m2,POP,
2759,33090,35493,131221,3398,4667,4677,4688,4690,plants,kg/m2,GRO,
2759,33090,35493,131221,3398,4143,4136,39174,1082757,plants,kg/m2,POP,
2759,33090,35493,131221,3398,4618,4642,4650,136225,plants,kg/m2,GRO,
2759,33090,35493,131221,3398,38820,4479,52713,86021,plants,kg/m2,POP,
2759,33090,35493,131221,3398,38820,4479,4501,2802241,plants,kg/m2,POP,
2759,33090,35493,131221,3398,72025,3803,20685,520841,plants,kg/m2,POP,
2759,33090,35493,131221,3398,72025,3803,1890273,109224,plants,kg/m2,POP,
2759,33090,35493,131221,3398,72025,3803,109162,109163,plants,kg/m2,POP,
2759,33090,35493,131221,3398,72025,3803,167616,185703,plants,kg/m2,POP,
2759,33090,35493,131221,3398,40548,4671,4672,1540009,plants,kg/m2,POP,
2759,33090,35493,131221,3398,4143,21910,87005,126435,plants,kg/m2,MOR,
2759,33090,35493,131221,3398,4209,4210,4219,1177120,plants,kg/m2,POP,
2759,33090,35493,131221,3398,4069,4070,24663,113208,plants,kg/m2,GRO,
2759,33090,35493,131221,3398,1538097,1561072,21621,2171543,plants,kg/m2,POP,
2759,33090,35493,131221,3398,40548,4671,4672,29710,plants,kg/m2,POP,
2759,33090,35493,131221,3398,38820,4479,38721,38722,plants,kg/m2,POP,
2759,33090,35493,131221,3398,38820,4479,147271,158149,plants,kg/m2,POP,
2,1783272,1117,,3028117,1118,1890464,693222,693223,cyanobacteria,mg/l,POP,96.0
2759,33090,35493,131221,3398,38820,4479,147271,547414,plants,kg/m2,POP,
2759,33208,7711,89593,8292,8342,27577,68448,129027,amphibians,mg/l,MOR,
2759,33208,7711,89593,186623,7995,30997,490727,512777,fish,mg/l,MOR,96.0
2759,33208,7711,89593,8292,8342,8397,8399,51331,amphibians,mg/l,MOR,
2759,33208,7711,89593,8292,8342,8397,8399,996475,amphibians,mg/l,MOR,
2759,33208,6656,6960,50557,6961,50509,39259,39274,insects,mg/l,MOR,
2759,33208,6656,6960,50557,30263,177834,177835,446450,insects,mg/l,ITX,
2759,33090,35493,131221,3398,4143,4144,38871,56036,plants,kg/m2,GRO,
2759,33208,6656,6960,50557,7088,268499,687116,1594321,insects,kg/m2,POP,
2759,33208,6656,6960,50557,7524,236409,280218,280219,insects,mg/l,MOR,
2759,33208,6656,6960,50557,7524,236403,236715,280158,insects,mg/l,MOR,
2759,33090,35493,131221,3398,72025,3803,35715,102697,plants,kg/m2,POP,
2759,33208,10190,,2816136,84394,360702,360703,2005554,rotifers,mg/l,POP,
2759,33090,35493,131221,3398,3502,26766,26768,29742,plants,mg/kg soil,POP,
2759,33208,7711,89593,8504,8509,8522,42163,90520,reptiles,mg/kg,MOR,
2759,33208,6656,6657,72037,84308,84315,245076,415614,crustaceans,mg/l,MOR,47.99999999999999
2759,33090,3041,,3166,3042,3090,44649,650622,algae,mg/l,POP,96.0
2759,33208,7711,89593,8292,8342,8382,651667,1079993,amphibians,mg/l,MOR,
2759,33090,35493,131221,3398,4209,4210,4211,29715,plants,kg/m2,POP,
2759,33208,7711,89593,8292,8342,8418,189919,1475061,amphibians,mg/l,MOR,
2759,33208,6656,6960,50557,7041,7042,77156,77157,insects,kg/m2,MOR,
2759,33208,6656,6843,6854,83137,229795,334624,334625,insects,mg/kg soil,MOR,
2759,33208,7711,89593,186623,7952,2743726,86929,86930,fish,mg/l,MOR,96.0
2759,33208,7711,89593,186623,8075,461499,370628,461509,fish,mg/l,MOR,96.0
2759,33208,6656,6960,50557,7041,7042,1101376,1811735,insects,kg/m2,MOR,
2759,33090,35493,131221,241806,3268,32084,32100,32101,plants,kg/m2,POP,
2759,33208,6656,6960,50557,7041,29026,619391,866043,insects,%,MOR,
2759,33208,6656,6960,30001,730330,48704,187625,1387109,insects,mg/kg soil,MOR,
2759,33208,6656,6960,30001,730330,48704,187625,247613,insects,mg/kg soil,MOR,
2759,33208,6656,6960,50557,7088,7135,59378,59379,insects,kg/m2,MOR,
2759,33208,6656,6960,50557,7524,38115,38116,701504,insects,%,MOR,
2759,,33682,,5653,2704949,5654,5658,5659,protozoans,mg/l,POP,
2759,,33682,,5653,2704949,5654,5658,5664,protozoans,mg/l,POP,
2759,,33682,,5653,2704949,5654,5658,5660,protozoans,mg/l,POP,
2759,,33682,,5653,2704949,5654,5658,44271,protozoans,mg/l,POP,
2759,33208,6656,6960,50557,7041,7042,13024,13025,insects,kg/m2,MOR,
2759,33090,35493,131221,3398,41934,42219,4281,366638,plants,kg/m2,GRO,
2759,33090,35493,131221,3398,3502,3503,3511,3512,plants,kg/m2,POP,
2759,33208,6656,6960,50557,7041,7055,207111,207112,insects,kg/m2,POP,
2759,33208,6656,6960,50557,7041,41073,41078,484362,insects,kg/m2,POP,
2759,33208,6447,,6448,6527,6540,6542,147583,mollusks,%,GRO,
2759,33208,6447,,6448,6527,6540,6542,145125,mollusks,%,GRO,
2759,33208,6447,,6448,6527,6540,6542,194188,mollusks,%,GRO,
2759,33208,6656,6960,50557,7041,30009,185570,428051,insects,kg/m2,POP,
2759,33208,6656,6960,50557,7524,30080,340509,1804728,insects,kg/m2,POP,
2759,4751,5204,5302,155619,5303,5317,5324,5325,fungi,mg/l,POP,
2759,4751,5204,5302,155619,5303,2983313,83235,104341,fungi,%,POP,
2759,33208,6656,6960,50557,7041,7042,201896,201897,insects,kg/m2,MOR,
2759,33208,6656,6843,6854,6935,6939,34630,34631,insects,%,MOR,
2759,33208,6656,6960,50557,7088,7135,305659,357110,insects,kg/m2,MOR,
2759,33208,6656,6960,50557,7041,7042,93127,166899,insects,kg/m2,MOR,
2759,33208,6656,6960,50557,7041,7055,207289,1221088,insects,kg/m2,POP,
2759,33208,6656,6960,30001,730330,2768097,48705,48706,insects,mg/kg diet,MOR,
2759,33208,6656,6960,30001,79705,187603,187717,1190784,insects,kg/m2,POP,
2759,4751,4890,147538,147548,5120,34371,5121,52586,fungi,mg/l,POP,
2759,33208,6656,6960,50557,7041,50527,351526,374459,insects,ppm,POP,
2759,33208,6656,6960,50557,7524,30083,567998,883175,insects,kg/m2,POP,
2759,33208,6656,6960,50557,27434,50447,50448,50449,insects,kg/m2,POP,
2759,33090,35493,131221,3398,4209,4210,4219,72337,plants,kg/m2,POP,
2759,33090,35493,131221,3398,38820,4479,4512,38857,plants,kg/m2,POP,
2759,33090,35493,131221,3398,38820,4609,4610,1077492,plants,kg/m2,POP,
2759,33090,35493,131221,3398,38820,4479,38709,348260,plants,kg/m2,POP,
2759,33090,35493,131221,3398,91883,4294,4295,109210,plants,kg/m2,POP,
2759,33090,35493,131221,3398,3502,3503,3511,262618,plants,kg/m2,POP,
2759,33090,35493,131221,3398,40551,4710,4721,4722,plants,kg/m2,GRO,
2759,33090,35493,131221,58019,1446379,3367,13282,28982,plants,kg/m2,MOR,
2759,33090,35493,131221,3398,38820,4609,4610,1234190,plants,kg/m2,POP,
2759,33090,35493,131221,3398,38820,4479,4590,280854,plants,kg/m2,POP,
2759,33090,35493,131221,3398,38820,4479,3098969,1079125,plants,kg/m2,POP,
2759,33090,35493,131221,3398,38820,4479,4546,3042685,plants,kg/m2,POP,
2759,33090,35493,131221,3398,38820,4479,79856,330577,plants,kg/m2,POP,
2759,33090,35493,131221,3398,38820,4479,38730,1620198,plants,kg/m2,POP,
2759,33090,35493,131221,3398,72025,3803,53866,458388,plants,kg/m2,POP,
2759,33090,35493,131221,3398,72025,3803,3828,1620036,plants,kg/m2,POP,
2759,33090,35493,131221,3398,72025,3803,53892,701541,plants,kg/m2,POP,
2759,33090,35493,131221,3398,4209,4210,4231,73273,plants,kg/m2,POP,
2759,33090,35493,131221,3398,72025,3803,3898,74517,plants,kg/m2,POP,
2759,33090,35493,131221,3398,72025,3803,3881,3882,plants,kg/m2,POP,
2759,33090,35493,131221,3398,72025,3803,20400,20410,plants,kg/m2,POP,
2759,33090,35493,131221,3398,4036,4037,13446,13447,plants,mg/l,GRO,
2759,33090,35493,131221,3398,3699,3700,3729,71365,plants,kg/m2,GRO,
2759,33090,35493,131221,3398,3699,3700,89410,89411,plants,kg/m2,GRO,
2759,33090,35493,131221,3398,41945,19955,13492,13493,plants,kg/m2,POP,
2759,33090,35493,131221,3398,3744,3745,23216,59491,plants,kg/m2,POP,
2759,33090,35493,131221,3398,41937,4011,4012,32258,plants,kg/m2,POP,
2759,33090,35493,131221,3398,4055,83620,26478,28542,plants,kg/m2,POP,
2759,33208,6656,6960,50557,7147,7190,7191,304233,insects,mg/l,MOR,
2759,33208,7711,89593,8782,9126,2969676,56326,98964,birds,mg/kg,MOR,
2759,33208,6447,,6544,47521,47526,52376,504356,mollusks,mg/l,MOR,
2759,33208,6656,6657,6681,6683,6725,6726,1937831,crustaceans,mg/l,MOR,47.99999999999999
2759,33208,7711,89593,8782,9126,164646,64277,84782,birds,mg/kg,MOR,
2759,33208,7711,89593,8782,9126,9133,1897773,1897774,birds,mg/kg,MOR,
2759,33208,7711,89593,186623,1489911,8113,61816,63170,fish,mg/l,MOR,96.0
2759,33208,7711,89593,8782,9126,9133,9134,9135,birds,mg/kg,MOR,
2759,33208,7711,89593,8782,9126,164646,84855,84856,birds,mg/kg,MOR,
2759,33208,7711,89593,8782,9126,28725,34923,34924,birds,mg/kg,MOR,
2759,33208,6656,6657,6681,6683,6725,306272,111607,crustaceans,mg/l,MOR,47.99999999999999
2759,33208,7711,89593,8782,9223,1545690,13145,13146,birds,mg/kg,MOR,
2759,33208,7711,89593,8782,9126,1002748,158617,187445,birds,mg/kg,MOR,
2759,33208,6447,,6448,,109669,175859,459054,mollusks,mg/l,MOR,
2759,33208,7711,89593,8782,9126,1729112,44387,44392,birds,mg/kg,MOR,
2759,33208,6656,6657,6681,6683,39556,72630,307936,crustaceans,mg/l,MOR,47.99999999999999
2759,33208,7711,89593,8782,9126,1729112,44387,44393,birds,mg/kg,MOR,
2759,33208,7711,89593,8782,9126,125295,125296,161648,birds,mg/kg,MOR,
2759,33208,6656,6960,50557,30263,93876,177910,763296,insects,mg/l,POP,
2759,33208,7711,89593,8782,8826,8830,8842,8843,birds,mg/kg,MOR,
2759,33090,35493,131221,3398,41934,4289,4290,4292,plants,kg/m2,GRO,
2759,33090,35493,131221,3398,3502,3503,3511,262615,plants,kg/m2,POP,
2759,33090,35493,131221,3398,3744,3745,3754,23207,plants,kg/m2,POP,
2759,33090,35493,131221,3398,4055,24966,25168,792603,plants,kg/m2,POP,
2759,33090,35493,131221,3398,41945,4345,13749,176259,plants,kg/m2,POP,
2759,33090,35493,131221,3398,38820,4479,161620,888266,plants,kg/m2,POP,
2759,33090,35493,131221,3398,3744,3745,23216,59490,plants,kg/m2,POP,
2759,33090,35493,131221,3398,403667,3602,3603,103349,plants,kg/m2,POP,
2759,33090,35493,131221,3398,4667,4703,49656,58705,plants,kg/m2,POP,
2759,33090,35493,131221,3398,3744,3745,3764,117260,plants,kg/m2,POP,
2759,33090,35493,131221,3398,3502,3514,13450,13452,plants,kg/m2,GRO,
2759,33090,35493,131221,3398,4199,4200,49606,134521,plants,kg/m2,POP,
2759,33090,35493,131221,3398,3744,25996,36904,36905,plants,kg/m2,POP,
2759,33090,35493,131221,3398,4199,4206,4204,237934,plants,kg/m2,GRO,
2759,33090,35493,131221,3398,41944,3934,238243,13055,plants,kg/m2,POP,
2759,33090,35493,131221,3398,41934,42219,4281,4282,plants,kg/m2,GRO,
2759,33090,35493,131221,3398,1538097,21571,211512,620842,plants,kg/m2,GRO,
2759,33090,35493,131221,3398,3502,3503,21022,28927,plants,kg/m2,POP,
2759,33090,35493,131221,3398,4036,4050,13340,45207,plants,kg/m2,GRO,
2759,33090,35493,131221,3398,38820,4479,15376,52148,plants,kg/m2,POP,
2759,33090,35493,131221,3398,38820,4479,38489,796701,plants,kg/m2,POP,
2759,33090,35493,131221,3398,3744,3745,23216,75086,plants,kg/m2,POP,
2759,33090,35493,131221,3398,3744,3745,23224,85272,plants,kg/m2,POP,
2759,33090,35493,131221,3398,41945,4345,83607,89200,plants,kg/m2,POP,
2759,33090,35493,131221,3398,4209,4210,72977,526930,plants,kg/m2,POP,
2759,33208,7711,89593,8782,9126,9170,245037,279927,birds,mg/kg,MOR,
2759,33090,35493,131221,3398,4209,4210,125672,1285786,plants,kg/m2,POP,
2759,33090,35493,131221,3398,38820,4479,42047,42048,plants,kg/m2,POP,
2759,33090,35493,131221,3398,73496,40552,16150,416391,plants,kg/m2,GRO,
2759,33090,35493,131221,3398,4143,91896,52724,68868,plants,kg/m2,POP,
2759,33090,35493,131221,3398,72025,3803,3082578,3128859,plants,kg/m2,POP,
2759,33090,35493,131221,3398,72025,3803,468162,72368,plants,kg/m2,POP,
2759,33090,35493,131221,3398,3502,3503,3511,102699,plants,kg/m2,POP,
2759,33090,35493,131221,3398,72025,3803,3808,1120475,plants,kg/m2,POP,
2759,33090,35493,131221,3398,4143,21910,105887,105888,plants,kg/m2,MOR,
2759,33090,35493,131221,3398,3502,3514,3515,38784,plants,kg/m2,GRO,
2759,33090,35493,131221,241806,3255,3256,3257,3258,plants,kg/m2,POP,
2759,33090,35493,131221,241806,3255,3256,3257,231679,plants,kg/m2,POP,
2759,33090,35493,131221,3398,4036,4037,40917,40919,plants,mg/l,GRO,
2759,33090,35493,131221,3398,3502,3503,3511,167427,plants,kg/m2,POP,
2759,33090,35493,131221,3398,3502,3503,3511,97697,plants,kg/m2,POP,
2759,33090,35493,131221,3398,3502,3503,3511,114190,plants,kg/m2,POP,
2759,33090,35493,131221,3398,3502,3503,3511,262621,plants,kg/m2,POP,
2759,33090,35493,131221,3398,3502,3503,3511,262620,plants,kg/m2,POP,
2759,33090,35493,131221,3398,3502,3503,3511,262617,plants,kg/m2,POP,
2759,33208,6656,6960,50557,7147,7157,7164,41427,insects,mg/l,MOR,
2759,33208,6656,6843,6854,6893,6913,336666,588435,insects,kg/m2,MOR,
2759,33208,6656,6960,50557,7399,36668,56621,56622,insects,kg/m2,POP,
2759,33208,6656,6960,50557,7399,36668,29040,2680335,insects,kg/m2,POP,
2759,33208,7711,89593,8782,9219,9220,56082,279962,birds,mg/kg,MOR,
2759,33208,7711,89593,186623,7995,7999,30992,310915,fish,mg/l,MOR,96.0
2759,,5794,,1280412,75739,5809,5810,5811,protozoans,mg/l,POP,
2759,33208,7711,89593,8782,2558200,8922,33611,43455,birds,mg/kg,MOR,
2759,33208,7711,89593,186623,7952,7953,1541198,115984,fish,mg/l,MOR,96.0
2759,33208,6656,6960,50557,7041,30009,341340,1132046,insects,kg/m2,POP,
2759,33208,7711,89593,186623,28738,8079,55107,55108,fish,mg/l,MOR,96.0
2759,,,,3027,589350,2896,3030,400142,algae,mg/l,POP,96.0
2759,,,,33859,420622,420617,2991,52555,algae,mg/l,POP,96.0
2759,33208,7711,89593,40674,9989,10066,61153,204747,rodents,mg/kg,MOR,
2759,33208,7711,89593,8292,8342,8418,374069,150710,amphibians,mg/l,MOR,
2759,33208,7711,89593,8292,8342,8418,192736,192740,amphibians,mg/l,MOR,
2759,33208,7711,89593,8292,8342,8382,651667,30332,amphibians,mg/l,MOR,
2759,33208,7711,89593,8292,8342,507700,715368,231021,amphibians,mg/l,MOR,
2759,33208,7711,89593,8292,8342,8372,365332,76066,amphibians,mg/l,MOR,
2759,33208,7586,,7625,35058,41316,32574,31907,echinoderms,mg/l,MOR,
2759,33208,7711,89593,8292,8342,611790,449102,350021,amphibians,mg/l,MOR,
2759,33208,7711,89593,186623,7991,42495,42527,42528,fish,mg/l,MOR,96.0
2759,,2497438,,,27998,27999,28000,32597,protozoans,mg/l,POP,
2759,33208,7711,89593,186623,7899,7900,7901,7903,fish,mg/l,MOR,96.0
2759,33208,7711,89593,186623,7899,7900,7901,61968,fish,mg/l,MOR,96.0
2759,33090,35493,131221,3398,3646,3977,3995,180498,plants,kg/m2,POP,
2759,33090,35493,131221,3398,4667,4677,13305,13306,plants,kg/m2,GRO,
2759,33090,35493,131221,3398,4209,4210,102762,102765,plants,kg/m2,POP,
2759,33090,35493,131221,3398,41945,25692,35939,55378,plants,kg/m2,GRO,
2759,33090,35493,131221,3398,4199,4206,4201,4202,plants,kg/m2,GRO,
2759,33090,35493,131221,3398,3744,3745,3754,133204,plants,kg/m2,POP,
2759,33090,35493,131221,3398,41768,3440,46968,46970,plants,kg/m2,POP,
2759,33090,35493,131221,3398,38820,4479,103763,103764,plants,kg/m2,POP,
2759,33090,35493,131221,3398,3524,3615,61508,487997,plants,kg/m2,POP,
2759,33090,35493,131221,3398,16360,4449,4450,15008,plants,kg/m2,GRO,
2759,33090,35493,131221,3398,38820,4609,46324,110299,plants,kg/m2,POP,
2759,33090,35493,131221,3398,38820,4479,45618,458535,plants,kg/m2,POP,
2759,33090,35493,131221,3398,4209,4210,189214,189215,plants,kg/m2,POP,
2759,33208,7711,89593,186623,28738,28758,208335,208336,fish,mg/l,MOR,96.0
2759,33090,35493,131221,3398,72025,3803,3898,97047,plants,kg/m2,POP,
2759,33090,35493,131221,3398,72025,3803,47081,47082,plants,kg/m2,POP,
2759,33090,35493,131221,3398,72025,3803,20400,47065,plants,kg/m2,POP,
2759,33090,35493,131221,3398,3744,3745,23222,36599,plants,kg/m2,POP,
2759,33090,35493,131221,3398,3502,3503,21019,21020,plants,kg/m2,POP,
2759,33090,35493,131221,3398,41937,23672,4022,4025,plants,kg/m2,GRO,
2759,33090,35493,131221,3398,4209,4210,259858,259859,plants,kg/m2,POP,
2759,33090,35493,131221,3398,3699,21561,21562,42439,plants,kg/m2,POP,
2759,33208,7711,89593,8782,8976,9005,100829,100830,birds,mg/kg,MOR,
2759,4751,5204,29000,162484,5258,145793,169998,170000,fungi,kg/m2,POP,
2759,33090,35493,131221,3398,4036,4037,4046,4047,plants,mg/l,GRO,
2,1783272,1117,,3028117,1150,2934961,2596745,54297,cyanobacteria,mg/l,POP,96.0
2,1783272,1117,,3028117,1161,1162,1163,1296320,cyanobacteria,mg/l,POP,96.0
2759,33208,7711,89593,186623,51241,130264,51242,126302,fish,mg/l,MOR,96.0
2759,33208,7711,89593,40674,9989,55153,13712,123796,rodents,mg/kg,MOR,
2759,33208,7711,89593,40674,9362,9376,9379,62906,other mammals,mg/kg,MOR,
2759,33090,35493,131221,3398,41945,4345,13509,49144,plants,kg/m2,POP,
2759,33208,6656,6843,6854,6893,74973,74980,1906373,insects,mg/l,MOR,
2759,33090,35493,131221,3398,3502,3503,3511,2004432,plants,kg/m2,POP,
2759,33208,6656,6960,50557,7524,30083,566889,1874784,insects,kg/m2,POP,
2759,33208,6656,6960,50557,7147,7149,7150,391769,insects,mg/l,MOR,
2759,33208,6656,6960,50557,7041,7080,115348,633108,insects,mg/l,MOR,
2759,33208,7711,89593,8292,8342,8382,651656,138085,amphibians,mg/l,MOR,
2,1783272,1117,,3028117,1161,1162,1163,197653,cyanobacteria,mg/l,POP,96.0
2759,33208,6447,,6448,,6524,6525,112525,mollusks,mg/l,MOR,
2759,33208,6656,6960,50557,7088,32434,1101079,1101080,insects,kg/m2,MOR,
2759,33208,6656,6960,50557,7399,7402,7403,380175,insects,mg/l,MOR,
2759,33208,6656,6960,50557,7399,7408,288227,389681,insects,mg/l,MOR,
2759,33208,6656,6843,6854,6935,6939,34630,34611,insects,%,MOR,
2759,33208,6656,6960,50557,7399,7402,144405,144406,insects,mg/l,MOR,
2759,33208,6656,6960,50557,7524,30080,337507,340572,insects,kg/m2,POP,
2759,33208,6656,6843,6854,83136,32262,50012,2805793,insects,mg/l,MOR,
2759,33208,6656,6960,50557,7088,7139,65025,65035,insects,kg/m2,MOR,
2759,33208,6656,6960,50557,7088,7139,7140,397411,insects,kg/m2,MOR,
2759,33208,6656,6960,50557,7088,7139,7140,871685,insects,kg/m2,MOR,
2759,33208,6656,6960,50557,7088,7139,7140,308442,insects,kg/m2,MOR,
2759,33208,6656,6960,50557,7524,30080,337507,337508,insects,kg/m2,POP,
2759,33208,6656,6960,50557,7041,7080,41138,1709623,insects,mg/l,MOR,
2759,33208,7711,89593,186623,8006,8015,27772,36180,fish,mg/l,MOR,96.0
2759,33208,7711,89593,8292,8342,8397,8399,160500,amphibians,mg/l,MOR,
2759,33208,7711,89593,186623,7991,7992,188718,272067,fish,mg/l,MOR,96.0
2759,33208,7711,89593,186623,7991,30717,42606,268477,fish,mg/l,MOR,96.0
2759,33208,7711,89593,186623,7995,31002,281757,510768,fish,mg/l,MOR,96.0
2759,33208,6656,6657,6681,6683,6695,6696,746529,crustaceans,mg/l,MOR,47.99999999999999
2759,33208,6656,6960,50557,7524,50616,50617,1161193,insects,mg/l,MOR,
2759,33208,6447,,6448,75116,54973,72702,527797,mollusks,mg/l,MOR,
2759,33208,6656,6960,50557,27434,62747,94125,146833,insects,kg/m2,MOR,
2759,33208,6656,6960,50557,7399,29051,272456,272457,insects,kg/m2,MOR,
2759,33208,6656,6843,6854,6893,93704,93705,1468589,insects,ppm,MOR,
2759,33090,35493,131221,3398,3524,4360,4363,122302,plants,kg/m2,GRO,
2759,33090,35493,131221,3398,3524,4360,4361,4362,plants,kg/m2,GRO,
2759,33208,6656,6960,50557,7399,7489,296449,399413,insects,mg/l,MOR,
2759,33208,6656,6960,50557,7399,7489,7490,321860,insects,mg/l,MOR,
2759,33090,35493,131221,3398,3524,3542,115628,221166,plants,kg/m2,POP,
2759,33208,6231,,119089,6236,318477,318478,318479,worms,ppm,MOR,
2759,33090,35493,131221,3398,38820,4609,58221,58222,plants,kg/m2,POP,
2759,33208,7711,89593,186623,7991,7992,188718,304017,fish,mg/l,MOR,96.0
2759,33208,6447,,6448,6479,39476,179647,179648,mollusks,mg/l,MOR,
2759,33208,6447,,6544,44598,102312,61338,113549,mollusks,mg/l,MOR,
2,1783272,1117,,3028117,1161,1892263,221285,221298,cyanobacteria,ppm,POP,96.0
2759,33208,6656,6843,6854,6893,81835,259056,259057,insects,kg/m2,POP,
2759,33208,6656,6657,6681,6821,36939,526745,2596854,crustaceans,mg/l,MOR,47.99999999999999
2759,33208,6656,6960,50557,7147,127399,239094,414262,insects,kg/m2,POP,
2759,33208,10190,,2816136,84394,10193,10194,1199090,rotifers,mg/l,MOR,
2759,33090,35493,131221,3398,4209,4210,71047,199516,plants,kg/m2,POP,
2759,33090,35493,131221,3398,4209,4210,4219,55611,plants,kg/m2,POP,
2759,33090,35493,131221,3398,3744,3745,23159,416288,plants,kg/m2,POP,
2759,33090,35493,131221,3398,4209,4210,71042,71039,plants,kg/m2,POP,
2759,33090,35493,131221,3398,4209,4210,71058,71060,plants,kg/m2,POP,
2759,33090,35493,131221,3398,38820,4479,4583,35872,plants,kg/m2,POP,
2759,33090,35493,131221,3398,38820,4479,66017,449510,plants,kg/m2,POP,
2759,33208,6656,6960,50557,7088,98966,1369451,1375357,insects,kg/m2,POP,
2759,33090,35493,131221,3398,3432,3433,46944,46945,plants,kg/m2,GRO,
2759,33090,35493,131221,3398,3502,3503,3511,478951,plants,kg/m2,POP,
2759,33090,35493,131221,3398,4199,4200,13701,105885,plants,kg/m2,POP,
2759,33090,35493,131221,3398,3744,3474,24735,102694,plants,kg/m2,POP,
2759,33090,35493,131221,3398,3744,3745,23159,36593,plants,kg/m2,POP,
2759,33090,35493,131221,58019,1446379,3367,13100,39584,plants,kg/m2,MOR,
2759,33090,35493,131221,3398,41945,3737,55367,102691,plants,kg/m2,POP,
2759,33090,35493,131221,3398,3744,3745,23216,75098,plants,kg/m2,POP,
2759,33090,35493,131221,3398,4209,4210,41487,1573918,plants,kg/m2,POP,
2759,33090,35493,131221,3398,3744,3474,24735,24736,plants,kg/m2,POP,
2759,33090,35493,131221,3398,41945,4345,13749,229201,plants,kg/m2,POP,
2759,33090,35493,131221,3398,4199,4200,49606,105884,plants,kg/m2,POP,
2759,33090,35493,131221,3398,3502,16714,13402,1370061,plants,mg/l,GRO,
2759,33090,35493,131221,3398,403667,3602,3606,3607,plants,kg/m2,POP,
2759,33090,35493,131221,3398,4209,4210,49079,1209488,plants,kg/m2,POP,
2759,33090,35493,131221,3398,38820,4479,49771,49772,plants,kg/m2,POP,
2759,33090,35493,131221,3398,38820,4479,37874,37681,plants,kg/m2,POP,
2759,33090,35493,131221,3398,38820,4479,15492,89343,plants,kg/m2,POP,
2759,33090,35493,131221,3398,4209,4210,4219,72338,plants,kg/m2,POP,
2759,33090,35493,131221,3398,38820,4479,487941,487942,plants,kg/m2,POP,
2759,33090,35493,131221,3398,3524,3593,106975,307728,plants,kg/m2,MOR,
2759,33090,35493,131221,3398,38820,4479,433879,110905,plants,kg/m2,POP,
2759,33090,35493,131221,3398,403666,43873,66635,66636,plants,kg/m2,POP,
2759,33090,35493,131221,3398,4209,4210,191157,2604028,plants,kg/m2,POP,
2759,33090,35493,131221,3398,4209,4210,19013,53741,plants,kg/m2,POP,
2759,33208,7711,89593,40674,91561,9850,9871,9874,other mammals,mg/kg,MOR,
2759,33090,35493,131221,3398,72025,3803,35715,207719,plants,kg/m2,POP,
2759,33090,35493,131221,3398,72025,3803,468156,247878,plants,kg/m2,POP,
2759,33090,35493,131221,3398,72025,3803,21013,148708,plants,kg/m2,POP,
2759,33090,35493,131221,3398,72025,3803,468162,138020,plants,kg/m2,POP,
2759,33090,35493,131221,3398,72025,3803,53922,162909,plants,kg/m2,POP,
2759,33208,6656,6843,6854,6893,6913,336629,1810959,insects,kg/m2,MOR,
2759,33208,6656,6843,6854,6893,210000,286075,1871938,insects,mg/l,MOR,
2759,33208,6656,6843,6854,6893,134565,198409,1659928,insects,mg/l,MOR,
2759,33208,6656,6843,6854,6893,243501,336567,336569,insects,%,MOR,
2759,33208,6656,6843,6854,6893,34643,233487,1676148,insects,kg/m2,MOR,
2759,33090,35493,131221,3398,41768,3440,3445,3158765,plants,kg/m2,POP,
2759,33090,35493,131221,3214,13798,2231517,246680,500326,plants,mg/l,GRO,
2759,33208,6656,6960,50557,7399,7489,7490,99200,insects,mg/l,MOR,
2759,33090,35493,131221,3398,4069,4070,4085,4090,plants,kg/m2,GRO,
2759,33090,35493,131221,3398,3524,1804623,151233,355937,plants,kg/m2,POP,
2759,4751,1913637,214504,214506,3059595,3025479,27375,3049150,fungi,mg/kg soil,POP,
2759,33090,35493,131221,3398,41937,23672,43363,43364,plants,kg/m2,GRO,
2759,33208,7711,89593,8782,3073854,9206,9207,56069,birds,mg/kg,MOR,
2759,33208,6157,,6178,6193,84526,66765,66766,worms,mg/kg bw,POP,
2759,33090,35493,131221,3398,3524,1804623,3550,417608,plants,kg/m2,POP,
2759,33090,35493,131221,3398,3524,1804623,3550,46090,plants,kg/m2,POP,
2759,33090,35493,131221,3398,3524,1804623,3550,34272,plants,kg/m2,POP,
2759,33090,35493,131221,3398,3524,1804623,1323583,151250,plants,kg/m2,POP,
2759,33090,35493,131221,3398,3524,1804623,46108,126913,plants,kg/m2,POP,
2759,33090,35493,131221,3398,4069,4070,24663,161495,plants,kg/m2,GRO,
2759,33208,6447,,6544,47521,47526,96923,96924,mollusks,mg/l,MOR,
2759,33208,7711,89593,8292,8342,8397,121164,8403,amphibians,mg/l,MOR,
2759,33208,6656,6657,2172820,6839,6840,179104,1194120,crustaceans,mg/l,MOR,47.99999999999999
2759,4751,4890,147538,147541,92860,28556,33194,74411,fungi,kg/m2,POP,
2759,33090,35493,131221,3398,72025,3803,3898,361561,plants,kg/m2,POP,
2759,33090,35493,131221,3398,3524,3568,3577,254029,plants,kg/m2,POP,
2759,33090,35493,131221,3398,41945,24584,40749,103544,plants,kg/m2,POP,
2759,,5794,,422676,5863,27994,5873,5872,protozoans,mg/l,POP,
2759,,5794,,422676,5863,32594,5864,5871,protozoans,mg/l,POP,
2759,33208,7711,89593,40674,9989,29132,10184,51338,rodents,mg/kg,MOR,
2759,33090,35493,131221,3398,38820,4479,37562,240446,plants,kg/m2,POP,
2759,33090,35493,131221,3398,41938,3629,108337,183227,plants,kg/m2,POP,
2759,33090,35493,131221,3398,72025,3803,132460,132461,plants,kg/m2,POP,
2759,33090,35493,131221,3398,38820,14101,13578,223655,plants,kg/m2,POP,
2759,33090,35493,131221,3398,72025,3803,118889,118891,plants,kg/m2,POP,
2759,33090,35493,131221,3398,16360,55434,55500,403040,plants,mg/l,GRO,
2759,,5794,,1280412,75739,5809,5812,42890,protozoans,mg/l,POP,
2759,33090,35493,131221,3398,4143,4136,39174,268884,plants,kg/m2,POP,
2759,33090,35493,131221,3398,72025,3803,53922,72402,plants,kg/m2,POP,
2759,33090,35493,131221,3398,4036,4037,43068,48106,plants,mg/l,GRO,
2759,33090,35493,131221,3398,41934,42219,4281,179117,plants,kg/m2,GRO,
2759,33090,35493,131221,113509,3210,3211,37309,38592,plants,mg/l,GRO,
2759,33090,35493,131221,3398,38820,4479,38593,38594,plants,kg/m2,POP,
2759,33090,35493,131221,241806,3268,41972,32071,41964,plants,mg/l,MOR,
2759,33090,35493,131221,241806,3268,41972,32071,147945,plants,mg/l,MOR,
2759,33090,35493,131221,3398,16360,16362,13228,397082,plants,mg/l,GRO,
2759,33090,35493,131221,3398,16360,55434,55445,55446,plants,mg/l,GRO,
2759,33090,35493,131221,3398,72025,3803,3808,546665,plants,kg/m2,POP,
2759,33090,35493,131221,3398,3699,3700,220482,220483,plants,kg/m2,GRO,
2759,33090,35493,131221,3398,4143,4149,57115,139037,plants,kg/m2,GRO,
2759,33090,35493,131221,3398,4209,16472,16480,197957,plants,mg/l,GRO,
2759,33090,35493,131221,3398,38820,4479,38730,180098,plants,kg/m2,POP,
2759,33208,7711,89593,186623,1489900,270602,158455,158456,fish,mg/l,MOR,96.0
2759,33208,6656,6960,50557,6993,6995,6998,6999,insects,ppm,MOR,
2759,33090,35493,131221,3398,72025,3803,3808,1378358,plants,kg/m2,POP,
2759,33208,6656,6657,6681,6683,160428,2011100,1043170,crustaceans,mg/l,MOR,47.99999999999999
2759,33208,7711,89593,186623,1489878,8220,86196,267130,fish,mg/l,MOR,96.0
2759,33090,35493,131221,3398,3524,3542,3543,3544,plants,kg/m2,POP,
2759,33208,7711,89593,8292,8342,8372,8377,1672244,amphibians,mg/l,MOR,
2759,33208,7711,89593,8292,8342,8427,143566,1071978,amphibians,mg/l,MOR,
2759,33208,7711,89593,8292,8342,8372,47563,1302381,amphibians,mg/l,MOR,
2759,33208,6656,6960,50557,7041,7055,247270,247271,insects,kg/m2,POP,
2759,33208,6231,,119089,6236,6301,34509,157849,worms,kg/m2,POP,
2759,4751,5204,29000,162484,5258,5262,5296,200664,fungi,kg/m2,POP,
2759,4751,4890,147538,147550,1028384,681950,5455,145971,fungi,kg/m2,POP,
2759,4751,4890,147538,147541,451869,1424649,121621,55181,fungi,mg/l,POP,
2759,33090,3041,,3166,35491,3103,427904,55410,algae,mg/l,POP,96.0
2759,4751,4761,,451435,451442,,100474,109871,fungi,,POP,
2759,4751,4890,147538,147541,2726947,93133,1873266,1873267,fungi,kg/m2,POP,
2759,4751,4890,147538,147548,5120,34371,5121,81923,fungi,mg/l,POP,
2759,4751,4890,147538,147541,92860,28556,5598,48095,fungi,kg/m2,POP,
2759,4751,4890,147538,147541,2726947,93133,29002,438356,fungi,kg/m2,POP,
2759,4751,4890,147538,147541,2726946,452563,5498,29919,fungi,mg/l,POP,
2759,33090,35493,131221,3398,3646,3683,3684,78168,plants,kg/m2,POP,
2759,4751,4890,147538,147541,451869,1424649,121621,115983,fungi,mg/l,POP,
2759,4751,4890,147538,147550,5114,767018,36922,1214573,fungi,kg/m2,POP,
2759,33208,7711,89593,186623,7914,7915,512340,512342,fish,mg/l,MOR,96.0
2759,33208,6231,,119089,6236,6296,6286,6287,worms,mg/l,POP,
2759,4751,4890,147538,147548,5178,2793945,373114,373115,fungi,mg/l,POP,
2759,33090,35493,131221,3398,73496,4668,4678,35875,plants,kg/m2,GRO,
2759,33208,6447,,6448,2448547,52929,52930,873101,mollusks,ppm,MOR,
2759,4751,5204,5302,155619,5303,2983338,2126155,1333626,fungi,mg/l,POP,
2759,4751,5204,5302,155619,68889,80634,80635,129194,fungi,mg/l,POP,
2759,4751,5204,29000,162484,5258,5262,5296,413140,fungi,kg/m2,POP,
2,1783272,1117,,3028117,1118,1890449,1125,75560,cyanobacteria,mg/l,POP,96.0
2759,33208,6447,,6544,44598,102312,50425,159761,mollusks,mg/l,MOR,
2759,4751,5204,452284,452283,162475,426519,218126,363177,fungi,mg/l,POP,
2759,,5794,,422676,5863,27994,5873,5875,protozoans,mg/l,POP,
2759,4751,4890,147538,147550,1775898,1756146,65412,223192,fungi,mg/l,POP,
2759,4751,4890,147538,147545,1618100,2231493,158045,158046,fungi,mg/l,POP,
2759,33090,35493,131221,3398,71239,3650,3667,3668,plants,kg/m2,GRO,
2759,33090,35493,131221,3398,4209,4210,41617,1053381,plants,kg/m2,POP,
2759,33090,35493,131221,3398,4069,4070,4074,4075,plants,kg/m2,GRO,
2759,33090,35493,131221,58019,1446379,3367,634378,49011,plants,kg/m2,MOR,
2759,33090,35493,131221,3398,4209,4210,41562,101596,plants,kg/m2,POP,
2759,33090,35493,131221,58019,1446379,3367,25611,28980,plants,kg/m2,MOR,
2759,33090,35493,131221,3398,3699,3700,50457,50458,plants,kg/m2,GRO,
2759,33090,35493,131221,3398,72025,3803,271790,35936,plants,kg/m2,POP,
2759,33090,35493,131221,58019,1446379,3367,13414,58030,plants,kg/m2,MOR,
2759,33090,35493,131221,3398,41937,23672,4022,4023,plants,kg/m2,GRO,
2759,33208,6656,6657,6681,29979,37810,13346,96803,crustaceans,mg/l,MOR,47.99999999999999
2759,33208,6656,6960,50557,7147,7157,7174,1144254,insects,mg/l,MOR,
2759,,2836,,33849,38748,67474,137465,137466,algae,mg/l,POP,96.0
2759,,2836,,33849,38748,67474,431390,1436136,algae,mg/l,POP,96.0
2759,,2836,,33849,97224,216743,216746,1074426,algae,mg/l,POP,96.0
2759,33208,6656,6960,50557,7524,160513,29024,2709325,insects,kg/m2,POP,
2759,33208,6656,6960,50557,7088,98966,199090,1666479,insects,kg/m2,POP,
2759,33208,7711,89593,8504,8509,8578,34999,35010,reptiles,mg/kg,MOR,
2759,33208,6656,6960,50557,6961,6964,6965,70394,insects,mg/l,MOR,
2759,33208,6656,6960,50557,7088,347822,753333,2680497,insects,mg/l,POP,
2759,33090,35493,131221,3398,16360,4454,4469,161098,plants,mg/l,POP,
2759,33208,6656,6960,50557,7399,81078,81079,1001193,insects,mg/l,POP,
2759,33208,6656,6960,50557,7041,7080,524690,2982848,insects,mg/l,MOR,
2759,33208,6656,6960,50557,7088,7100,254361,572729,insects,kg/m2,MOR,
2759,33208,7711,89593,186623,7952,7953,137062,999361,fish,mg/l,MOR,96.0
2759,33208,6656,6960,50557,7088,173644,513583,687029,insects,kg/m2,MOR,
2759,33090,35493,131221,3398,91812,42228,4464,263995,plants,mg/l,GRO,
2759,33208,6656,6960,50557,7399,73401,1389465,1389466,insects,kg/m2,POP,
2759,33208,6231,,119089,6236,33253,34507,90986,worms,kg/m2,MOR,
2759,33090,35493,131221,3398,72025,3803,3869,3874,plants,kg/m2,POP,
2759,33090,3041,,75966,35460,3070,120746,1913058,algae,mg/l,POP,96.0
2759,33090,35493,131221,3398,41768,41773,41775,41776,plants,kg/m2,GRO,
2759,33090,35493,131221,3398,3646,3977,3990,54672,plants,kg/m2,POP,
2759,33090,35493,131221,3398,4143,4144,24208,34270,plants,kg/m2,GRO,
2759,33208,6656,6960,50557,7147,33406,95971,95972,insects,kg/m2,POP,
2759,33208,6656,6960,50557,7399,7402,37852,78482,insects,mg/l,MOR,
2759,33208,6231,,119089,6236,2301471,37861,52064,worms,kg/m2,MOR,
2759,33208,6656,6960,50557,7041,7080,245891,245892,insects,mg/l,MOR,
2759,33208,6656,6960,50557,7516,7520,76806,1646260,insects,mg/l,MOR,
2759,33208,6656,6960,50557,7088,82593,344275,344276,insects,mg/kg bw,MOR,
2759,33208,6656,6960,50557,7088,7139,65025,65038,insects,kg/m2,MOR,
2759,33090,35493,131221,3398,38820,4479,79826,435779,plants,kg/m2,POP,
2759,33090,35493,131221,3398,38820,4479,38413,2527779,plants,kg/m2,POP,
2759,33090,35493,131221,3398,41944,3934,13054,33132,plants,kg/m2,POP,
2759,33090,35493,131221,3398,4069,4070,4107,795974,plants,kg/m2,GRO,
2759,33208,6656,6960,50557,7088,7135,7136,7137,insects,kg/m2,MOR,
2759,,2836,,33853,33855,33856,35129,449143,algae,mg/l,POP,96.0
2759,33090,35493,131221,3398,72025,3803,3877,70936,plants,kg/m2,POP,
2759,33090,35493,131221,3398,4143,156152,4173,165341,plants,kg/m2,POP,
2759,33090,35493,131221,3398,73496,26339,26378,82213,plants,kg/m2,GRO,
2759,33090,35493,131221,3398,38820,4479,79826,106883,plants,kg/m2,POP,
2759,4751,4890,147538,147550,5125,5129,5543,29875,fungi,mg/l,POP,
2759,4751,4890,147538,147550,5125,5129,5543,97093,fungi,mg/l,POP,
2759,33090,3041,,3166,35491,35466,34111,81818,algae,mg/l,POP,96.0
2759,33090,35493,131221,3398,4055,4056,13338,13339,plants,kg/m2,POP,
2759,33090,35493,131221,3398,72025,3803,53890,466223,plants,kg/m2,POP,
2759,33208,6157,,37945,2486286,37845,37846,37629,worms,mg/l,POP,
2759,33208,6447,,6544,47521,47529,47530,2505931,mollusks,mg/l,MOR,
2759,33090,35493,131221,3398,4143,4136,21880,2026525,plants,kg/m2,POP,
2759,33090,35493,131221,3398,3524,703407,46143,46144,plants,kg/m2,POP,
2759,33090,35493,131221,3398,38820,4479,4544,202404,plants,kg/m2,POP,
2759,33090,3041,,3166,3042,3051,195537,158507,algae,mg/l,POP,96.0
2759,33090,35493,131221,3398,72025,3803,3877,36901,plants,kg/m2,POP,
2759,,2836,,33849,38748,216739,216740,1436139,algae,mg/l,POP,96.0
2759,33090,35493,131221,3398,38820,4479,59389,379274,plants,kg/m2,POP,
2759,33090,35493,131221,3398,4209,4210,58643,58647,plants,kg/m2,POP,
2759,33090,35493,131221,3398,41944,3931,3932,87674,plants,kg/m2,GRO,
2759,,2836,,33849,38748,67474,880756,880757,algae,mg/l,POP,96.0
2759,,2836,,33849,97224,97225,97226,1223577,algae,mg/l,POP,96.0
2759,33208,6656,6960,50557,7088,7139,82599,753170,insects,kg/m2,MOR,
2759,33208,6656,6960,50557,7088,268499,168630,236789,insects,kg/m2,POP,
2759,33208,6656,6960,50557,7399,7402,55897,77504,insects,mg/l,MOR,
2759,33208,6340,,42113,1964463,6388,6389,913679,worms,mg/kg soil,MOR,
2759,4751,4890,147538,147550,5125,110618,5506,185651,fungi,mg/l,POP,
2759,33208,6656,6960,50557,7041,92690,441310,1587246,insects,mg/l,MOR,
2759,4751,4890,147538,147548,5178,28983,38447,61186,fungi,mg/l,POP,
2759,4751,5204,5302,155619,5303,1769247,34474,2870670,fungi,%,POP,
2759,33208,6656,6843,6854,83137,229795,1686742,1686743,insects,mg/kg soil,MOR,
2759,4751,4890,147538,147547,107465,88646,88741,107463,fungi,mg/l,POP,
2759,33090,35493,131221,3214,3219,3220,3221,98326,plants,mg/l,GRO,
2759,4751,5204,5302,155619,452342,40420,13562,13564,fungi,%,POP,
2759,33090,35493,131221,3398,4199,4200,77622,77623,plants,kg/m2,POP,
2759,33090,35493,131221,3398,41945,4345,13749,180763,plants,kg/m2,POP,
2759,33090,35493,131221,3398,41937,23513,2706,37334,plants,kg/m2,GRO,
2759,33208,6656,6657,6681,6683,96235,274641,1592667,crustaceans,mg/l,MOR,47.99999999999999
2759,33208,7711,89593,186623,8111,8092,8095,8097,fish,mg/l,MOR,96.0
2759,33090,35493,131221,3398,38820,4731,4729,35871,plants,mg/l,POP,
2759,33090,35493,131221,3398,3646,3688,40685,77061,plants,kg/m2,GRO,
2759,33090,35493,131221,3398,4209,4210,4219,35608,plants,kg/m2,POP,
2759,33090,35493,131221,3398,41768,41773,22774,121720,plants,kg/m2,GRO,
2759,33090,35493,131221,3398,41945,27065,4441,182300,plants,mg/l,GRO,
2759,33090,35493,131221,58019,1446379,3367,13100,99809,plants,kg/m2,MOR,
2759,33090,35493,131221,58019,1446379,3367,13100,224740,plants,kg/m2,MOR,
2759,33090,35493,131221,3398,3524,1804623,46104,549776,plants,kg/m2,POP,
2759,33090,35493,131221,3398,4143,4144,13596,46072,plants,kg/m2,GRO,
2759,33090,35493,131221,3398,41945,4345,51679,317406,plants,kg/m2,POP,
2759,33090,35493,131221,58019,1446379,3367,3315,3317,plants,kg/m2,MOR,
2759,33090,35493,131221,3398,4143,4136,39170,39338,plants,kg/m2,POP,
2759,33090,35493,131221,3398,4143,4136,49990,49992,plants,kg/m2,POP,
2759,33208,7711,89593,186623,8064,8065,101186,101187,fish,mg/l,MOR,96.0
2759,33090,35493,131221,3398,72025,3803,3898,60915,plants,kg/m2,POP,
2759,33090,35493,131221,3398,4143,4136,457137,1000418,plants,kg/m2,POP,
2759,33090,35493,131221,3398,4209,4210,81519,1205786,plants,kg/m2,POP,
2759,33090,35493,131221,3398,41944,3928,162021,162022,plants,kg/m2,GRO,
2759,33090,35493,131221,3398,3699,4018,4019,4020,plants,kg/m2,GRO,
2759,33090,35493,131221,3398,3524,3615,61508,46901,plants,kg/m2,POP,
2759,33090,35493,131221,3398,3524,3568,3579,3580,plants,kg/m2,POP,
2759,33090,35493,131221,3398,3524,1804623,3558,63459,plants,kg/m2,POP,
2759,33090,35493,131221,3398,4143,91896,36747,36748,plants,kg/m2,POP,
2759,33090,35493,131221,3398,73496,26339,49747,378406,plants,kg/m2,GRO,
2759,33090,35493,131221,3398,4618,4619,96513,210077,plants,mg/l,GRO,
2759,33090,35493,131221,3398,4618,4626,4627,4628,plants,mg/l,GRO,
2759,33090,35493,131221,3398,3524,3615,61508,254780,plants,kg/m2,POP,
2759,4751,1913637,214504,214506,36750,36751,1150878,994103,fungi,mg/l,POP,
2759,33208,6656,6960,50557,6993,7002,436880,519494,insects,mg/org,MOR,
2759,33090,35493,131221,58019,1446379,3367,13468,13469,plants,kg/m2,MOR,
2759,33090,35493,131221,3398,38820,4479,15437,75728,plants,kg/m2,POP,
2759,33090,35493,131221,3398,41937,23672,43718,151065,plants,kg/m2,GRO,
2759,33090,35493,131221,3398,40551,4710,131266,131267,plants,kg/m2,GRO,
2759,33090,35493,131221,3398,40551,4710,4719,446125,plants,kg/m2,GRO,
2759,33090,35493,131221,3398,40551,4710,48219,48220,plants,kg/m2,GRO,
2759,33090,35493,131221,3398,3699,3700,89410,110556,plants,kg/m2,GRO,
2759,33090,35493,131221,3398,3744,3745,36607,1143217,plants,kg/m2,POP,
2759,33090,35493,131221,3398,38820,4479,666012,666013,plants,kg/m2,POP,
2759,33090,35493,131221,3398,38820,4479,66042,106636,plants,kg/m2,POP,
2759,33208,7711,89593,186623,8002,30771,36670,94172,fish,mg/l,MOR,96.0
2759,33090,35493,131221,3398,4209,4210,99025,99026,plants,kg/m2,POP,
2759,33090,35493,131221,3398,4055,24966,25168,715722,plants,kg/m2,POP,
2759,33090,35493,131221,3398,3502,3503,3511,519047,plants,kg/m2,POP,
2759,33208,7711,7712,7713,7716,30274,56696,59560,tunicates and sponges,mg/l,MOR,
2759,33090,35493,131221,3398,3524,3587,108054,108055,plants,kg/m2,GRO,
2759,33090,35493,131221,3398,16360,4454,74663,78372,plants,mg/l,POP,
2759,33090,35493,131221,3398,4199,4200,19952,19953,plants,kg/m2,POP,
2759,33090,35493,131221,3398,4209,4210,99105,127999,plants,kg/m2,POP,
2759,33090,35493,131221,3398,3744,3745,3754,129217,plants,kg/m2,POP,
2759,33090,35493,131221,3398,38820,4479,37562,240440,plants,kg/m2,POP,
2759,33090,35493,131221,3398,4209,4210,55597,68299,plants,kg/m2,POP,
2759,33208,7711,89593,186623,28738,8079,8080,679340,fish,mg/l,MOR,96.0
2759,33208,6656,6960,50557,7088,695564,340055,340056,insects,kg/m2,POP,
2759,33208,6656,6960,50557,7088,7139,533181,533182,insects,kg/m2,MOR,
2759,33090,35493,131221,3398,3744,3745,3761,350588,plants,kg/m2,POP,
2759,33208,6656,6960,50557,7088,7100,254717,925779,insects,kg/m2,MOR,
2759,33208,6656,6960,50557,7088,268499,40084,236798,insects,kg/m2,POP,
2759,33208,6656,6960,50557,7088,695564,319798,1078813,insects,kg/m2,POP,
2759,33208,6656,6960,50557,7524,30102,94399,94400,insects,kg/m2,POP,
2759,4751,5204,29000,162484,5258,5262,5296,333523,fungi,kg/m2,POP,
2759,33208,6656,6960,50557,7041,186093,1605682,3098596,insects,kg/m2,MOR,
2759,33208,6656,6960,50557,7041,7055,980915,980916,insects,kg/m2,POP,
2759,,4762,,,4776,4777,162129,162130,unmapped,mg/l,POP,
2759,33208,6656,6960,50557,7524,30083,191321,191322,insects,kg/m2,POP,
2759,33208,6656,6960,50557,7088,115354,688409,2282464,insects,mg/l,MOR,
2759,33208,6656,6960,50557,7088,51653,57685,57686,insects,mg/l,MOR,
2759,33208,6656,6960,50557,7088,7100,7106,134409,insects,kg/m2,MOR,
2759,,4762,,,4776,4777,70742,162116,unmapped,mg/l,POP,
2,1783272,1117,,3028117,3079749,1890438,47251,53401,cyanobacteria,mg/l,POP,96.0
2759,4751,5204,5302,155619,5338,862241,1929757,1929756,fungi,mg/l,POP,
2759,4751,4890,147538,147550,37989,1682405,67608,647655,fungi,kg/m2,POP,
2759,4751,4890,147538,147541,92860,2078570,2078564,285811,fungi,mg/l,POP,
2759,33208,6447,,6448,2315720,63671,335783,335784,mollusks,mg/l,MOR,
2759,33208,6447,,6448,2315720,1955470,6467,80378,mollusks,mg/l,MOR,
2759,4751,4890,147538,147541,2726947,93133,29002,1347418,fungi,kg/m2,POP,
2759,33208,6447,,6448,6479,39476,51626,51628,mollusks,mg/l,MOR,
2759,4751,4890,147538,147550,5114,767018,36922,1214568,fungi,kg/m2,POP,
2759,33208,7711,89593,186623,7952,7953,27707,303001,fish,mg/l,MOR,96.0
2759,33208,6231,,119088,46000,46001,70230,268186,worms,kg/m2,POP,
2759,33090,35493,131221,3398,38820,4479,15376,96047,plants,kg/m2,POP,
2759,33208,6656,6657,6681,6683,116703,2093674,2093675,crustaceans,mg/l,MOR,47.99999999999999
2759,4751,5204,29000,162484,5258,5262,5296,652029,fungi,kg/m2,POP,
2759,33208,6231,,119088,46000,46001,46002,208519,worms,kg/m2,POP,
2759,33090,35493,131221,3398,16360,27254,27257,187284,plants,mg/l,GRO,
2759,33090,35493,131221,3398,16360,25926,13077,319738,plants,mg/l,GRO,
2759,,,,2864,2953,66801,2315349,77300,algae,mg/l,POP,96.0
2759,33208,7711,89593,186623,7952,2743726,13476,28792,fish,mg/l,MOR,96.0
2759,33090,35493,131221,3398,3646,40029,39983,39984,plants,mg/l,GRO,
2759,33090,3041,,3166,35491,35466,1463548,34112,algae,mg/l,POP,96.0
2759,33090,35493,131221,3398,4739,54924,95959,95960,plants,kg/m2,GRO,
2759,33208,7711,89593,186623,1489911,8113,63176,63177,fish,mg/l,MOR,96.0
2759,4751,5204,5302,155619,452342,5401,34444,55514,fungi,mg/kg,POP,
2759,33208,6656,6960,50557,30262,45053,163898,333402,insects,kg/m2,POP,
2759,33208,6656,6960,50557,7524,30080,30081,665242,insects,kg/m2,POP,
2759,33208,6157,,6199,6201,6208,6209,6210,worms,mg/l,POP,
2759,33208,6656,6960,50557,7041,7055,33393,93412,insects,kg/m2,POP,
2759,33208,7711,89593,8782,8936,56290,56291,325342,birds,mg/kg,MOR,
2759,33208,7711,89593,8782,57384,57385,85100,85101,birds,mg/kg,MOR,
2759,33208,7711,89593,8782,9126,72205,215311,215312,birds,mg/kg,MOR,
2759,33208,7711,89593,8782,9126,1002748,187418,187419,birds,mg/kg,MOR,
2759,33208,6656,6960,50557,7399,36668,227072,232121,insects,kg/m2,POP,
2759,4751,4890,147538,147541,2726947,93133,2897311,5499,fungi,kg/m2,POP,
2759,33208,7711,89593,8782,9223,9224,12929,57393,birds,mg/kg,MOR,
2759,33208,6656,6960,50557,7041,7080,524495,1981044,insects,mg/l,MOR,
2759,33208,6656,6960,50557,7147,7371,7372,145453,insects,mg/kg diet,MOR,
2759,33208,6656,6960,50557,7041,7055,41145,206733,insects,kg/m2,POP,
2759,33208,6656,6960,50557,7041,7080,524535,703272,insects,mg/l,MOR,
2759,33208,6656,6960,50557,7041,7055,206852,206854,insects,kg/m2,POP,
2759,33208,6656,6960,50557,7041,7055,166371,2566074,insects,kg/m2,POP,
2759,33208,6656,6960,50557,7399,107755,150265,684779,insects,mg/l,MOR,
2759,33208,6656,6960,50557,7399,29051,1167649,1167650,insects,kg/m2,MOR,
2759,33208,6656,6960,50557,7088,7100,938231,2212429,insects,kg/m2,MOR,
2759,33090,35493,131221,3398,4055,21472,13524,13525,plants,kg/m2,GRO,
2759,33090,35493,131221,3398,41945,27065,4441,4443,plants,mg/l,GRO,
2759,33090,35493,131221,3398,4667,4677,4688,79002,plants,kg/m2,GRO,
2759,33208,7711,89593,40674,9362,9376,183660,183661,other mammals,mg/kg,MOR,
2759,33208,7711,89593,40674,948950,9352,9353,9354,other mammals,mg/kg,MOR,
2759,33090,35493,131221,3398,4209,4210,19013,34245,plants,kg/m2,POP,
2759,33208,7711,89593,40674,9989,337677,10053,269658,rodents,mg/kg,MOR,
2759,33208,6447,,6448,6527,6540,6542,236853,mollusks,%,GRO,
2759,33208,6656,6960,50557,30263,50645,465431,1271722,insects,mg/l,MOR,
2759,,136419,,,188941,45108,372085,466266,protozoans,mg/l,POP,
2759,,5794,,422676,5863,32594,5864,5866,protozoans,mg/l,POP,
2759,,33682,,5653,2704648,2728145,35225,35226,protozoans,mg/l,POP,
2759,33208,6656,6960,50557,7147,7371,7374,13632,insects,mg/kg diet,MOR,
2759,,5794,,422676,5863,32594,5864,5865,protozoans,mg/l,POP,
2759,4751,4890,147538,147541,2726947,93133,131324,133175,fungi,kg/m2,POP,
2759,33090,35493,131221,3398,16360,4449,4450,146149,plants,kg/m2,GRO,
2759,33090,35493,131221,3398,4739,16367,44954,44955,plants,mg/l,GRO,
2759,33090,35493,131221,3398,16360,26319,13165,29650,plants,mg/l,GRO,
2759,33090,35493,131221,3398,16360,16362,13228,292609,plants,mg/l,GRO,
2759,33208,6656,6657,6658,84337,77658,6668,743457,crustaceans,mg/l,MOR,47.99999999999999
2759,33208,7711,89593,40674,38609,9307,1960649,9315,other mammals,mg/kg,MOR,
2759,33090,35493,131221,3398,4209,4210,41660,945253,plants,kg/m2,POP,
2759,33090,35493,131221,3398,3646,3977,3990,212910,plants,kg/m2,POP,
2759,33090,35493,131221,3398,4036,4037,4044,4045,plants,mg/l,GRO,
2759,33208,6231,,119089,6236,27830,52564,61180,worms,mg/l,MOR,
2759,33208,6656,6960,50557,7088,7139,192190,192191,insects,kg/m2,MOR,
2759,33208,6656,6657,72037,72033,72034,217164,217165,crustaceans,mg/l,MOR,47.99999999999999
2759,33208,6656,6657,6681,29979,142082,432123,678621,crustaceans,mg/l,MOR,47.99999999999999
2759,33208,6656,6960,50557,7088,7100,708042,708043,insects,kg/m2,MOR,
2759,33090,35493,131221,3398,38820,4479,4583,2071906,plants,kg/m2,POP,
2759,33208,7711,89593,186623,7952,2743726,101898,155067,fish,mg/l,MOR,96.0
2759,33208,6656,6960,50557,7399,29051,29052,2717167,insects,kg/m2,MOR,
2759,33208,6231,,119089,6236,6250,6251,6253,worms,%,MOR,
2759,33208,6656,6960,50557,7399,7458,28651,166423,insects,mg/org,MOR,
2759,33208,6656,6960,50557,7088,98966,199090,199129,insects,kg/m2,POP,
2759,33208,6656,6960,50557,7399,7408,7415,659353,insects,mg/l,MOR,
2759,33208,6231,,119089,6236,45926,45927,223368,worms,kg/m2,POP,
2759,33208,6656,6960,50557,7524,236388,236399,236400,insects,kg/m2,POP,
2759,33208,6231,,119089,6236,211158,211159,2023624,worms,kg/m2,POP,
2759,33208,6656,6960,50557,7041,196989,295824,877804,insects,kg/m2,POP,
2759,33208,6656,6960,50557,7041,27439,131607,346760,insects,kg/m2,POP,
2759,33208,6656,6960,50557,7041,41073,60811,795047,insects,kg/m2,POP,
2759,33208,6231,,119088,211184,211187,70243,70244,worms,kg/m2,POP,
2759,33208,6231,,119088,211184,211187,70243,190394,worms,kg/m2,POP,
2759,33208,6231,,119089,6236,45926,45927,45938,worms,kg/m2,POP,
2759,33208,6656,6843,6854,34634,34636,44413,44414,insects,mg/l,MOR,
2759,33208,6656,6843,6854,83136,32262,32263,1344801,insects,mg/l,MOR,
2759,33208,6656,6843,6854,83136,32262,32263,93132,insects,mg/l,MOR,
2759,33208,6656,6843,6854,34634,34636,84381,322050,insects,mg/l,MOR,
2759,33208,6656,6843,6854,83136,32262,50018,650437,insects,mg/l,MOR,
2759,33208,6656,6843,6854,83136,32262,32263,1215687,insects,mg/l,MOR,
2759,33208,6656,6843,6854,83136,32262,32263,50028,insects,mg/l,MOR,
2759,33208,6656,6843,6854,83136,133229,1048865,1048866,insects,kg/m2,POP,
2759,33208,6656,6843,6854,34634,34636,84381,84382,insects,mg/l,MOR,
2759,33208,6656,6843,6854,83136,32262,32263,178897,insects,mg/l,MOR,
2759,33208,6656,6960,50557,30262,45053,45057,161013,insects,kg/m2,POP,
2759,33208,6656,6657,72037,84308,564998,565003,565004,crustaceans,mg/l,MOR,47.99999999999999
2759,33208,6447,,6448,216294,111534,337811,337812,mollusks,mg/l,MOR,
2759,33208,6447,,6448,216294,55731,199901,252541,mollusks,mg/l,MOR,
2759,33208,6656,6960,50557,7041,7042,122856,1541163,insects,kg/m2,MOR,
2759,,,,2870,2886,35120,105406,105407,algae,mg/l,POP,96.0
2759,33090,35493,131221,3398,38820,4479,91516,91518,plants,kg/m2,POP,
2759,33090,35493,131221,3398,38820,4609,13398,140866,plants,kg/m2,POP,
2759,33090,35493,131221,3398,38820,4479,38734,38735,plants,kg/m2,POP,
2759,33090,35493,131221,3398,4069,4118,47518,480913,plants,kg/m2,POP,
2759,33090,35493,131221,3398,3699,3700,65352,369001,plants,kg/m2,GRO,
2759,33090,35493,131221,3398,3699,3700,359845,359846,plants,kg/m2,GRO,
2759,33090,35493,131221,3398,41945,4345,4346,49628,plants,kg/m2,POP,
2759,4751,1913638,1264859,1399770,4857,34486,2878373,76012,fungi,mg/l,POP,
2759,4751,1913638,1264859,1399770,4857,34481,76016,76017,fungi,%,MOR,
2759,33090,35493,131221,3398,38820,4479,4501,254121,plants,kg/m2,POP,
2759,33090,35493,131221,3398,41944,3934,3935,76120,plants,kg/m2,POP,
2759,33090,35493,131221,3398,4143,156152,68861,68862,plants,kg/m2,POP,
2759,33090,35493,131221,3398,38820,4479,211938,211940,plants,kg/m2,POP,
2759,33090,35493,131221,3398,38820,4479,42047,65975,plants,kg/m2,POP,
2759,33090,35493,131221,3398,4209,4210,149423,149425,plants,kg/m2,POP,
2759,33090,35493,131221,3398,38820,4479,4605,368770,plants,kg/m2,POP,
2759,33090,35493,131221,3398,41945,24584,35887,40770,plants,kg/m2,POP,
2759,33090,35493,131221,3398,72025,3803,3869,377318,plants,kg/m2,POP,
2759,33090,35493,131221,3398,4209,4210,4253,4255,plants,kg/m2,POP,
2759,33090,35493,131221,3398,3744,3745,23204,457912,plants,kg/m2,POP,
2759,33090,35493,131221,3398,41768,3440,3445,286952,plants,kg/m2,POP,
2759,33090,35493,131221,3398,3744,3745,57937,3091894,plants,kg/m2,POP,
2759,33090,35493,131221,3398,3524,3615,3618,1046566,plants,kg/m2,POP,
2759,33090,35493,131221,3398,4143,91896,320805,99112,plants,kg/m2,POP,
2759,33090,35493,131221,3398,3524,3568,228243,228244,plants,kg/m2,POP,
2759,33208,6073,,6142,6143,37526,6144,6145,cnidarians and bryozoans,mg/l,ITX,
2759,33090,35493,131221,3398,3699,3700,228875,228876,plants,kg/m2,GRO,
2759,33090,35493,131221,3398,3699,3700,238894,358662,plants,kg/m2,GRO,
2759,33090,35493,131221,3398,1538097,21571,89629,256470,plants,kg/m2,GRO,
2759,33090,35493,131221,3398,3524,3615,3618,467604,plants,kg/m2,POP,
2759,33090,35493,131221,3398,41945,4345,13749,190548,plants,kg/m2,POP,
2759,33208,6656,6960,50557,7399,108385,32399,121801,insects,mg/l,MOR,
2759,33208,6656,6960,50557,7399,124286,124287,124289,insects,mg/org,MOR,
2759,33090,35493,131221,131209,131210,31314,33100,664147,plants,mg/l,POP,
2759,33208,6656,6657,6658,6659,91592,134574,3023782,crustaceans,mg/l,MOR,47.99999999999999
2759,33208,6447,,6605,551287,6608,153279,279094,mollusks,mg/l,GRO,
2759,33208,7711,89593,186623,8252,8256,8266,8267,fish,mg/l,MOR,96.0
2759,33208,6340,,42113,2803884,55815,55816,152467,worms,mg/l,POP,
2759,33208,6656,6960,50557,7399,107755,108663,981031,insects,mg/l,MOR,
2759,33208,6073,,6101,6125,46736,102204,983579,cnidarians and bryozoans,mg/l,MOR,
2759,33208,7711,89593,8782,9126,37611,187412,247729,birds,mg/kg,MOR,
2759,33090,3041,,1524962,35426,35429,3164,1445872,algae,mg/l,POP,96.0
2759,33208,6656,6960,50557,7147,7211,28585,28587,insects,ppm,MOR,
2759,,,,35675,54409,3235057,44055,44056,algae,mg/l,POP,96.0
2759,33208,6656,6960,50557,7399,29051,366812,469647,insects,kg/m2,MOR,
2759,33208,6656,6960,50557,7399,7402,64831,64832,insects,mg/l,MOR,
2759,33208,6656,6960,50557,7524,479500,249531,249532,insects,kg/m2,POP,
2759,33208,6656,6960,50557,7524,30189,538669,538894,insects,mg/l,POP,
2759,33208,6340,,42113,2803884,6392,27388,647719,worms,mg/kg soil,MOR,
2759,4751,4890,147538,147550,5125,474943,150366,132109,fungi,mg/l,POP,
2759,33208,6073,,6101,6125,6126,46703,46704,cnidarians and bryozoans,mg/l,POP,
2759,33208,6656,6960,50557,7399,107755,150265,150266,insects,mg/l,MOR,
2759,,2836,,589449,33838,2910914,1529381,655800,algae,mg/l,POP,96.0
2759,4751,4890,147538,147548,5120,34371,184027,62715,fungi,mg/l,POP,
2759,33208,7711,89593,8292,8342,8418,75989,197464,amphibians,mg/l,MOR,
2759,33208,6231,,119089,6236,33253,34507,52067,worms,kg/m2,MOR,
2759,33208,6231,,119089,6236,2301471,37861,630228,worms,kg/m2,MOR,
2759,33208,6447,,6544,47521,47526,691886,691887,mollusks,mg/l,MOR,
2759,33208,6656,6960,50557,7524,1566705,1635298,1635299,insects,mg/l,MOR,
2759,33208,7711,89593,186623,7995,31013,641818,1234273,fish,mg/l,MOR,96.0
2759,33208,6656,6960,50557,7524,33383,38118,357502,insects,ppm,MOR,
2759,33208,6656,6960,50557,7041,174905,174906,866890,insects,ppm,MOR,
2759,33208,6656,6960,50557,7041,7080,484868,484869,insects,mg/l,MOR,
2759,33208,6656,6960,50557,7524,30102,94399,1032906,insects,kg/m2,POP,
2759,33208,6447,,6544,6546,6547,6548,42192,mollusks,mg/l,MOR,
2759,33208,6656,6657,72037,41212,324870,324871,1352461,crustaceans,mg/l,MOR,47.99999999999999
2759,33208,6656,6960,50557,7041,7065,1272120,1552300,insects,mg/l,MOR,
2759,33208,6656,6960,50557,7041,7055,207350,272055,insects,kg/m2,POP,
2759,33208,6656,6960,50557,7041,7055,247270,272057,insects,kg/m2,POP,
2759,33090,35493,131221,3398,38820,4479,4592,382394,plants,kg/m2,POP,
2,1783272,1117,,3028117,1161,1162,1177,211008,cyanobacteria,mg/l,POP,96.0
2759,33208,6447,,6448,,71492,259541,259542,mollusks,mg/l,GRO,
2759,33090,35493,131221,3398,4069,4070,4107,147425,plants,kg/m2,GRO,
2759,33090,35493,131221,3398,4069,4070,4107,172793,plants,kg/m2,GRO,
2759,33090,35493,131221,3398,4069,4070,4107,856989,plants,kg/m2,GRO,
2759,33090,35493,131221,3398,4069,4070,4107,62893,plants,kg/m2,GRO,
2759,33090,35493,131221,3398,4069,4070,4107,4108,plants,kg/m2,GRO,
2759,33090,35493,131221,3398,4069,4070,4107,160510,plants,kg/m2,GRO,
2759,33090,35493,131221,3398,4069,4070,4107,50273,plants,kg/m2,GRO,
2759,33090,35493,131221,3398,4069,4070,4107,561130,plants,kg/m2,GRO,
2759,33090,35493,131221,3398,4069,4070,4107,4109,plants,kg/m2,GRO,
2759,33090,35493,131221,3398,4069,4070,4107,257458,plants,kg/m2,GRO,
2759,33090,35493,131221,58019,1446380,3318,3328,3331,plants,kg/m2,GRO,
2759,33090,35493,131221,3398,1538097,4130,79378,281511,plants,kg/m2,POP,
2759,33090,35493,131221,3398,72025,3803,247880,252452,plants,kg/m2,POP,
2759,33090,35493,131221,3398,4209,4210,52291,53728,plants,kg/m2,POP,
2759,33090,35493,131221,3398,4209,4210,13378,13379,plants,kg/m2,POP,
2759,33090,35493,131221,3398,4069,4070,4107,45839,plants,kg/m2,GRO,
2759,33090,35493,131221,3398,4209,4210,174462,174463,plants,kg/m2,POP,
2759,33090,35493,131221,3398,4036,4037,40921,40922,plants,mg/l,GRO,
2759,33208,7711,89593,8292,8342,43540,43541,233781,amphibians,mg/l,MOR,
2759,33208,6340,,42113,2218736,6417,335438,335439,worms,mg/l,ITX,
2759,4751,4890,147538,147547,5197,56478,56479,643233,fungi,mg/l,POP,
2759,4751,4890,147538,147547,5197,56478,56479,643232,fungi,mg/l,POP,
2759,33090,35493,131221,3398,41946,3781,3782,300471,plants,mg/l,GRO,
2759,33090,35493,131221,3214,13798,28466,28467,53008,plants,mg/l,GRO,
2759,33090,35493,131221,3398,3744,3745,3746,57918,plants,kg/m2,POP,
2759,,,,2870,3009,91050,91051,112057,algae,mg/l,POP,96.0
2759,33208,6656,6657,72037,6833,236535,355519,355520,crustaceans,mg/l,MOR,47.99999999999999
2759,33208,6656,6657,6681,6683,6749,6750,638975,crustaceans,mg/l,MOR,47.99999999999999
2759,33208,6656,6657,6681,6683,72876,40175,538204,crustaceans,mg/l,MOR,47.99999999999999
2759,33208,6447,,6448,2315723,54986,315757,398740,mollusks,mg/l,GRO,
2759,33090,35493,131221,3214,13798,52997,170930,170931,plants,mg/l,GRO,
2759,33090,35493,131221,3398,3646,3688,3689,43335,plants,kg/m2,GRO,
2759,33208,7711,89593,186623,7952,7953,27707,1150979,fish,mg/l,MOR,96.0
2759,33090,3041,,75966,2507901,2507902,291965,60131,algae,mg/l,POP,96.0
2759,,2830,,,418919,418920,33656,118079,algae,mg/l,POP,96.0
2759,33208,6447,,6544,47521,47526,55833,464319,mollusks,mg/l,MOR,
2759,33208,6656,6657,6681,29979,63227,63228,1281994,crustaceans,mg/l,MOR,47.99999999999999
2759,33208,6656,6657,6681,29979,63227,63228,1282049,crustaceans,mg/l,MOR,47.99999999999999
2759,33208,6447,,6544,47521,47526,52388,82299,mollusks,mg/l,MOR,
2759,33090,35493,131221,113509,3210,3211,3212,3213,plants,mg/l,GRO,
2759,33090,35493,131221,241806,3268,693794,3280,3281,plants,kg/m2,GRO,
2759,4751,4890,147538,147547,5197,78060,87258,87259,fungi,mg/l,GRO,
2759,33090,35493,131221,113508,13802,13803,13804,41840,plants,mg/l,GRO,
2759,33090,3041,,75966,2507901,2507902,291965,174041,algae,mg/l,POP,96.0
2759,33208,6447,,6544,278205,45950,45951,205083,mollusks,mg/l,MOR,
2759,4751,4890,147538,147547,388450,48860,48861,161997,fungi,mg/l,POP,
2759,33090,35493,131221,3398,16360,26319,55495,55496,plants,mg/l,GRO,
2759,33090,35493,131221,3214,3215,3216,29582,29583,plants,ppm,GRO,
2759,33090,35493,131221,58019,1446380,3318,3328,3333,plants,kg/m2,GRO,
2759,33208,7711,89593,8292,8342,8382,1862675,1904894,amphibians,mg/l,MOR,
2759,33090,35493,131221,304574,204509,3146,40810,40811,plants,mg/l,POP,
2759,33090,35493,131221,3398,3646,40029,61137,61147,plants,mg/l,GRO,
2759,33090,35493,131221,3398,3524,1804623,3550,376799,plants,kg/m2,POP,
2759,33090,35493,131221,3398,41938,3629,69160,69161,plants,kg/m2,POP,
2759,33208,6656,6960,50557,30263,50645,1646331,1646332,insects,mg/l,MOR,
2759,33208,6656,6657,6681,6821,134545,587172,587174,crustaceans,mg/l,MOR,47.99999999999999
2759,33208,10205,,10206,10207,97286,178315,991043,cnidarians and bryozoans,mg/l,POP,
2759,33208,7586,,7625,31184,31185,7672,7673,echinoderms,mg/l,MOR,
2759,33208,6656,6960,50557,7147,7149,7150,1941199,insects,mg/l,MOR,
2759,33090,35493,131221,3398,4199,4200,19933,79606,plants,kg/m2,POP,
2759,33090,35493,131221,3398,38820,4479,15747,38705,plants,kg/m2,POP,
2759,33090,35493,131221,3398,4143,4144,38871,166594,plants,kg/m2,GRO,
2759,33090,35493,131221,3398,3744,3487,3497,3498,plants,%,GRO,
2759,33208,6447,,6544,6546,6547,40255,310899,mollusks,mg/l,MOR,
2759,33090,35493,131221,241806,74353,13814,39635,39636,plants,mg/l,GRO,
2759,33208,6447,,6544,47521,47526,52388,52389,mollusks,mg/l,MOR,
2759,33208,6447,,6448,,53506,53554,464116,mollusks,mg/l,MOR,
2759,33208,6447,,6448,,53506,53515,101409,mollusks,mg/l,MOR,
2759,33208,7711,89593,8292,8342,8343,8350,61614,amphibians,mg/l,MOR,
2759,33208,7711,89593,8292,8342,8432,61615,61616,amphibians,mg/l,MOR,
2759,33208,6073,,6101,6125,6126,6127,6130,cnidarians and bryozoans,mg/l,POP,
2759,33208,6656,6960,50557,30073,50581,50582,515277,insects,mg/l,MOR,
2759,,4762,,,121069,4782,127445,758760,unmapped,mg/l,POP,
2759,,4762,,,4776,983657,983658,758748,unmapped,ppm,POP,
2759,,4762,,,121069,4782,1862710,980197,unmapped,mg/l,POP,
2759,4751,4890,147538,147541,92860,,253305,253306,fungi,,POP,
2759,,,,2870,3009,3014,3015,590727,algae,mg/l,POP,96.0
2,1783272,1117,,3028117,1150,1892254,1198,2943819,cyanobacteria,mg/l,POP,96.0
2759,33090,35493,131221,3398,41945,4335,59969,59970,plants,kg/m2,POP,
2759,4751,4890,147538,147548,5178,2316155,859444,859445,fungi,mg/l,POP,
2759,4751,4890,147538,147548,5178,2907192,223899,253303,fungi,mg/l,POP,
2759,4751,4890,147538,147550,5125,110618,5133,253296,fungi,mg/l,POP,
2759,33090,35493,131221,3398,41937,23513,2706,85681,plants,kg/m2,GRO,
2759,33208,7711,89593,8504,8509,1419188,1419107,39328,reptiles,mg/kg,MOR,
2759,33090,35493,131221,3398,4069,4070,4085,4096,plants,kg/m2,GRO,
2759,33090,35493,131221,3398,4143,41399,1502711,4155,plants,mg/l,POP,
2759,33208,6656,6960,50557,30073,172515,603883,603886,insects,mg/l,MOR,
2759,33208,6656,6960,50557,30073,50633,604011,604014,insects,mg/l,MOR,
2759,33208,6656,6960,50557,50622,50623,143767,2570571,insects,mg/l,MOR,
2759,33208,6656,6657,72037,6833,163474,163475,1917107,crustaceans,mg/l,MOR,47.99999999999999
2759,33090,35493,131221,3398,41946,24943,13625,45171,plants,mg/l,POP,
2759,33090,35493,131221,3398,4143,155891,39251,39353,plants,mg/l,POP,
2759,33090,35493,131221,3398,38820,4479,4480,130456,plants,kg/m2,POP,
2759,33208,6656,6960,50557,7041,116151,295922,2555790,insects,kg/m2,POP,
2759,33208,6656,6843,6854,83136,32262,50018,1759710,insects,mg/l,MOR,
2759,33090,35493,131221,3398,3744,3745,3749,1217205,plants,kg/m2,POP,
2759,33090,35493,131221,3398,72025,3803,3904,154499,plants,kg/m2,POP,
2759,33090,35493,131221,3398,4143,156152,26867,411227,plants,kg/m2,POP,
2759,33208,6656,6960,50557,7399,107755,326698,459345,insects,mg/l,MOR,
2759,33090,35493,131221,58019,1446380,3318,3337,164242,plants,kg/m2,GRO,
2759,33090,35493,131221,3398,3646,3688,3689,3696,plants,kg/m2,GRO,
2759,33090,35493,131221,3398,38820,4479,4554,560839,plants,kg/m2,POP,
2759,33208,6656,6960,50557,7524,30189,536006,1527586,insects,mg/l,POP,
2759,33090,35493,131221,3398,4667,4677,4688,82328,plants,kg/m2,GRO,
2759,33090,35493,131221,3398,72025,3803,3826,92720,plants,kg/m2,POP,
2759,4751,4890,147538,147545,146291,146292,146293,172326,fungi,mg/l,POP,
2759,33090,35493,131221,3398,4739,4740,4741,59016,plants,kg/m2,POP,
2759,33090,35493,131221,3398,73496,44985,44986,44987,plants,kg/m2,GRO,
2759,33090,35493,131221,3398,73496,44985,81748,928200,plants,kg/m2,GRO,
2759,33090,35493,131221,3398,73496,44985,82064,208511,plants,kg/m2,GRO,
2759,33090,35493,131221,3398,4143,156201,68874,68875,plants,mg/l,POP,
2759,33208,7711,89593,40674,9989,337677,10040,42520,rodents,mg/kg,MOR,
2759,33208,6656,6657,6681,6683,6757,65692,80839,crustaceans,mg/l,MOR,47.99999999999999
2759,33090,35493,131221,3398,38820,4479,4592,479945,plants,kg/m2,POP,
2759,33208,7711,89593,186623,7952,2743726,67538,67539,fish,mg/l,MOR,96.0
2759,33208,7711,89593,8292,8342,8382,1909268,103435,amphibians,mg/l,MOR,
2759,33208,7711,89593,186623,1489931,8169,38940,98820,fish,mg/l,MOR,96.0
2759,33208,6656,6657,6681,6683,6695,6696,419468,crustaceans,mg/l,MOR,47.99999999999999
2759,33208,7711,89593,186623,7952,2743745,75355,75356,fish,mg/l,MOR,96.0
2759,33208,7711,89593,186623,7952,2743745,927612,70548,fish,mg/l,MOR,96.0
2759,33208,7711,89593,186623,7952,2743745,291793,933992,fish,mg/l,MOR,96.0
2759,33208,7711,89593,8782,8826,8830,30384,189533,birds,mg/kg,MOR,
2759,33208,7711,89593,8504,8509,8578,8594,8595,reptiles,mg/kg,MOR,
2759,,2763,,2806,31468,31469,2774,301533,algae,mg/l,POP,96.0
2759,33090,35493,131221,3398,38820,4479,37562,649769,plants,kg/m2,POP,
2759,33090,35493,131221,3398,4209,4210,182998,182999,plants,kg/m2,POP,
2759,33208,7711,89593,8292,8342,685122,110071,110072,amphibians,mg/l,MOR,
2759,33090,35493,131221,3398,4036,4037,4040,4041,plants,mg/l,GRO,
2759,,5794,,422676,5819,1639119,5820,5821,protozoans,mg/l,POP,
2759,33090,35493,131221,3398,38820,4479,158153,158154,plants,kg/m2,POP,
2759,33208,7711,89593,186623,7899,7900,7901,7908,fish,mg/l,MOR,96.0
2759,33208,6656,6960,50557,7088,7100,134396,236805,insects,kg/m2,MOR,
2759,33090,35493,131221,58019,1446380,3318,3328,162304,plants,kg/m2,GRO,
2759,33208,6340,,42113,2803884,6392,161231,161232,worms,mg/kg soil,MOR,
2759,33208,6656,6657,6681,6683,6764,45627,45628,crustaceans,mg/l,MOR,47.99999999999999
2759,33208,6656,6960,50557,7399,7402,51521,51522,insects,mg/l,MOR,
2759,33208,6656,6960,50557,7399,7402,32390,178385,insects,mg/l,MOR,
2759,33208,6656,6960,50557,7147,7157,7182,869070,insects,mg/l,MOR,
2759,33208,6656,6960,50557,7147,34687,343581,343691,insects,ppm,MOR,
2759,33208,6656,6960,50557,7041,7080,524690,2018428,insects,mg/l,MOR,
2759,33090,3041,,3166,3042,3051,3052,415182,algae,mg/l,POP,96.0
2759,33208,6656,6960,50557,7147,7149,7150,1165751,insects,mg/l,MOR,
2759,33208,6656,6960,50557,7399,29051,355421,355422,insects,kg/m2,MOR,
2759,33208,6656,6657,6658,84337,77658,77671,1940826,crustaceans,mg/l,MOR,47.99999999999999
2759,33208,6656,6960,50557,7147,7157,7164,7173,insects,mg/l,MOR,
2759,33208,6656,6960,50557,7399,108385,32399,121815,insects,mg/l,MOR,
2759,33208,6656,6960,50557,7041,7080,524693,544596,insects,mg/l,MOR,
2759,33208,7711,89593,8504,8509,8578,8591,8592,reptiles,mg/kg,MOR,
2759,4751,5204,5302,155619,5303,2028207,103389,654824,fungi,mg/l,POP,
2759,4751,5204,5302,155619,5303,5317,5324,526244,fungi,mg/l,POP,
2759,4751,5204,5302,155619,5338,104366,5320,34470,fungi,mg/l,POP,
2759,4751,5204,5302,155619,5303,5317,5324,259368,fungi,mg/l,POP,
2759,33208,6656,6960,50557,7399,7489,7490,161089,insects,mg/l,MOR,
2759,33208,6656,6960,50557,7399,7489,7490,224265,insects,mg/l,MOR,
2759,33208,6656,6960,50557,7399,7489,7490,161090,insects,mg/l,MOR,
2759,33208,6656,6960,50557,7399,7489,7490,161091,insects,mg/l,MOR,
2759,33208,6231,,119089,6236,211158,211159,312701,worms,kg/m2,POP,
2759,33090,35493,131221,3398,41943,4027,21555,337357,plants,kg/m2,POP,
2759,33090,35493,131221,3398,3699,3700,72661,72662,plants,kg/m2,GRO,
2759,33090,35493,131221,3398,3699,3700,72661,536418,plants,kg/m2,GRO,
2759,33090,35493,131221,3398,72025,3803,20400,20406,plants,kg/m2,POP,
2759,33090,35493,131221,3398,3524,1804623,3550,35922,plants,kg/m2,POP,
2759,33090,35493,131221,3398,4209,4210,183084,183085,plants,kg/m2,POP,
2759,33090,35493,131221,3398,3524,3615,3618,137677,plants,kg/m2,POP,
2759,33090,35493,131221,3398,72025,3803,3904,3910,plants,kg/m2,POP,
2759,,2605435,,,2682482,33084,5758,33085,protozoans,mg/l,POP,
2759,33090,35493,131221,3398,41768,3440,3445,529701,plants,kg/m2,POP,
2759,33090,35493,131221,3398,38820,4609,13398,433002,plants,kg/m2,POP,
2759,33090,35493,131221,3398,40551,4710,154466,154467,plants,kg/m2,GRO,
2759,33208,7711,89593,186623,7952,7953,84644,1204408,fish,mg/l,MOR,96.0
2759,33090,35493,131221,3398,4199,4206,4204,237963,plants,kg/m2,GRO,
2759,33090,35493,131221,3398,3699,3700,3705,37661,plants,kg/m2,GRO,
2759,33090,35493,131221,3398,3699,3700,127602,127603,plants,kg/m2,GRO,
2759,33090,35493,131221,3398,3699,3700,3729,203573,plants,kg/m2,GRO,
2759,33090,35493,131221,3398,3699,3700,3729,203583,plants,kg/m2,GRO,
2759,33090,35493,131221,3398,38820,4479,4496,146530,plants,kg/m2,POP,
2759,33090,35493,131221,3398,38820,4479,15488,38695,plants,kg/m2,POP,
2759,33090,35493,131221,3398,1538097,21571,21610,113446,plants,kg/m2,GRO,
2759,4751,4890,147538,147550,5592,42310,1491027,1491028,fungi,mg/l,POP,
2759,4751,4890,147538,,,,1903044,1903045,fungi,,POP,
2759,4751,4890,147538,147548,2793949,186569,57140,293391,fungi,mg/l,POP,
2759,4751,4890,147538,147541,92860,715292,690893,2566060,fungi,mg/l,POP,
2759,4751,4890,147538,147548,5178,,164535,164538,fungi,,POP,
2759,4751,4890,147538,147548,5178,2907192,223899,222508,fungi,mg/l,POP,
2759,4751,4890,147538,147541,2726947,1508183,707628,707629,fungi,mg/l,POP,
2759,33208,7711,89593,186623,1489907,8157,8160,302047,fish,mg/l,MOR,96.0
2759,33208,6447,,6544,47521,47526,52392,227612,mollusks,mg/l,MOR,
2759,33090,35493,131221,3398,38820,4479,4527,4538,plants,kg/m2,POP,
2759,33090,35493,131221,3398,4143,91896,4169,68872,plants,kg/m2,POP,
2759,33208,7711,89593,8504,8509,8522,90064,90065,reptiles,mg/kg,MOR,
2759,33208,6157,,37945,2486284,116933,142931,231341,worms,mg/l,MOR,
2759,33208,7711,89593,186623,7991,7992,206483,304018,fish,mg/l,MOR,96.0
2759,33208,6447,,6448,75116,54973,255477,255478,mollusks,mg/l,MOR,
2759,33208,6656,6960,50557,7399,7408,65256,1720686,insects,mg/l,MOR,
2759,33208,6656,6960,50557,7088,7114,320285,320286,insects,kg/m2,POP,
2759,33208,6656,6960,50557,7088,33415,39707,39708,insects,mg/org,MOR,
2759,33208,6656,6960,50557,7088,33415,33452,33453,insects,mg/org,MOR,
2759,33208,7711,89593,8782,8826,8830,8835,75857,birds,mg/kg,MOR,
2759,33208,7711,89593,8782,9126,9153,142475,156552,birds,mg/kg,MOR,
2759,33208,6447,,6448,6527,6533,1602363,145123,mollusks,mg/l,MOR,
2759,33208,7711,89593,8292,8342,8397,8399,69834,amphibians,mg/l,MOR,
2759,33208,7711,89593,8292,8293,8294,8295,2511205,amphibians,mg/l,MOR,
2,1783272,1117,,3028117,1161,2661849,1186,938406,cyanobacteria,ppm,POP,96.0
2759,33208,6656,6960,50557,7399,7423,162945,162947,insects,kg/m2,MOR,
2759,33208,7711,89593,8292,8342,8427,129017,143527,amphibians,mg/l,MOR,
2759,33208,6656,6657,116172,,38011,51649,51650,crustaceans,mg/l,MOR,47.99999999999999
2759,33208,6656,6960,50557,7524,27482,80764,464926,insects,kg/m2,POP,
2759,33208,6656,6960,50557,7524,27482,80764,224527,insects,kg/m2,POP,
2759,33208,6656,6960,50557,7041,7080,7083,115343,insects,mg/l,MOR,
2759,33208,6656,6960,50557,7041,7080,420098,420099,insects,mg/l,MOR,
2759,33208,6656,6960,50557,7524,27482,796290,796291,insects,kg/m2,POP,
2759,33208,6656,6960,50557,7041,7080,158623,558720,insects,mg/l,MOR,
2759,33208,6656,6960,50557,7041,7080,41138,666521,insects,mg/l,MOR,
2759,33208,7711,89593,8782,9205,8899,30389,110620,birds,mg/kg,MOR,
2759,,,,2864,2910,66803,54902,71861,algae,mg/l,POP,96.0
2759,,,,38410,658125,658124,44439,90936,algae,mg/l,POP,96.0
2759,4751,4890,147538,147541,92860,28556,5027,318716,fungi,kg/m2,POP,
2759,33090,35493,131221,3398,3699,3700,71323,90675,plants,kg/m2,GRO,
2759,33090,35493,131221,3398,41937,23672,4022,66205,plants,kg/m2,GRO,
2759,33090,35493,131221,3398,41934,42219,4281,367354,plants,kg/m2,GRO,
2759,33090,35493,131221,3398,3744,3745,23159,140997,plants,kg/m2,POP,
2759,33208,7711,89593,8782,30411,30412,37038,37039,birds,mg/kg,MOR,
2759,33090,35493,131221,3398,3744,3745,57937,137456,plants,kg/m2,POP,
2759,33090,35493,131221,3398,3524,3587,3588,3589,plants,kg/m2,GRO,
2759,33090,35493,131221,3398,38820,4479,38413,58089,plants,kg/m2,POP,
2759,33090,35493,131221,3398,3699,301454,1734043,190804,plants,kg/m2,POP,
2759,33090,35493,131221,3398,72025,3803,3853,3856,plants,kg/m2,POP,
2759,33090,35493,131221,3398,4143,156152,26867,185002,plants,kg/m2,POP,
2759,33090,35493,131221,3398,3524,3615,46786,467335,plants,kg/m2,POP,
2759,33090,35493,131221,3398,3699,301454,2759670,190803,plants,kg/m2,POP,
2759,33090,35493,131221,3398,72025,3803,3817,212810,plants,kg/m2,POP,
2759,33208,6656,6843,6854,83136,32262,32263,2723048,insects,mg/l,MOR,
2759,33208,6340,,42113,2803884,169941,195580,195581,worms,%,MOR,
2759,33208,6656,6960,50557,7524,30080,340494,340536,insects,kg/m2,POP,
2759,33208,6656,6960,50557,6993,62784,208816,208817,insects,mg/kg bw,MOR,
2759,33208,6656,6960,50557,6993,6995,208682,208683,insects,ppm,MOR,
2759,33208,6656,6960,50557,7524,468275,881541,881542,insects,kg/m2,MOR,
2759,33208,6656,6960,50557,7399,108385,32397,297838,insects,mg/l,MOR,
2759,33208,6656,6960,50557,7524,27482,87309,87311,insects,kg/m2,POP,
2759,33208,6656,6960,50557,7041,41073,27452,176317,insects,kg/m2,POP,
2759,33208,6656,6960,50557,7041,7049,7053,7054,insects,mg/kg bw,MOR,
2759,33208,6656,6960,50557,7041,41097,194351,2680216,insects,kg/m2,MOR,
2759,33208,6656,6960,50557,7041,41094,219541,1546019,insects,mg/l,MOR,
2759,33208,6656,6960,50557,7041,34672,34673,443656,insects,%,MOR,
2759,33208,6656,6960,50557,7041,34667,50524,1206596,insects,%,MOR,
2759,33208,6656,6960,50557,7041,34667,58005,58006,insects,%,MOR,
2759,33208,6656,6960,50557,7041,27439,200870,1845047,insects,kg/m2,POP,
2759,33208,6656,6960,50557,7041,27439,226857,263405,insects,kg/m2,POP,
2759,33208,6656,6960,50557,7041,27439,226857,263397,insects,kg/m2,POP,
2759,33208,6656,6960,50557,7041,27439,131618,131619,insects,kg/m2,POP,
2759,33208,6656,6960,50557,7041,7042,206489,206490,insects,kg/m2,MOR,
2759,33208,6656,6960,50557,7041,7042,36756,298156,insects,kg/m2,MOR,
2759,33208,6656,6960,50557,7399,7402,7403,69315,insects,mg/l,MOR,
2759,33208,6656,6960,50557,7399,29051,543382,543383,insects,kg/m2,MOR,
2759,33208,6656,6960,50557,7399,36668,144030,144036,insects,kg/m2,POP,
2759,33208,6656,6960,50557,7399,36668,121508,121509,insects,kg/m2,POP,
2759,33208,6656,6960,50557,7399,7438,7440,7441,insects,mg/l,MOR,
2759,33208,6656,6960,50557,7088,7128,103889,103890,insects,kg/m2,POP,
2759,33208,6656,6960,50557,7088,695564,95206,95207,insects,kg/m2,POP,
2759,33208,6656,6960,50557,7088,695564,214365,214366,insects,kg/m2,POP,
2759,33208,6656,6960,50557,7399,7438,7456,30207,insects,mg/l,MOR,
2759,33208,6656,6960,50557,7088,397430,57997,721898,insects,mg/kg bw,MOR,
2759,33208,6656,6960,50557,7147,7371,7377,7380,insects,mg/kg diet,MOR,
2759,33208,6656,6960,50557,7147,7381,7384,59312,insects,mg/kg bw,MOR,
2759,33208,6656,6960,50557,7147,7381,7384,128967,insects,mg/kg bw,MOR,
2759,33208,6656,6960,50557,7147,7366,7369,221902,insects,mg/org,MOR,
2759,33090,35493,131221,3398,4199,4206,4204,237950,plants,kg/m2,GRO,
2759,33090,35493,131221,3398,4209,4210,378866,378867,plants,kg/m2,POP,
2759,33208,6656,6960,50557,7399,7458,28655,79011,insects,mg/org,MOR,
2759,33208,6656,6960,50557,7041,27439,50385,133126,insects,kg/m2,POP,
2759,,2830,,,73028,418967,35143,97485,algae,mg/l,POP,96.0
2759,33090,35493,131221,3398,3699,3700,228873,228874,plants,kg/m2,GRO,
2759,33090,35493,131221,3398,72025,3803,3898,361560,plants,kg/m2,POP,
2759,33090,35493,131221,3398,4209,4210,4219,669127,plants,kg/m2,POP,
2759,33090,35493,131221,3398,4143,4136,21880,3110500,plants,kg/m2,POP,
2759,33090,35493,131221,3398,4143,4136,4139,2069410,plants,kg/m2,POP,
2759,33090,35493,131221,3398,233875,4305,4306,4307,plants,kg/m2,GRO,
2759,33090,35493,131221,3398,41934,23097,23109,52833,plants,kg/m2,GRO,
2759,33090,35493,131221,3398,41938,3629,96479,183277,plants,kg/m2,POP,
2759,33090,35493,131221,3398,38820,4479,4539,33109,plants,kg/m2,POP,
2759,33090,35493,131221,3398,4143,156152,26867,29818,plants,kg/m2,POP,
2759,33090,35493,131221,3398,3502,3503,3511,3513,plants,kg/m2,POP,
2759,33090,35493,131221,3398,4055,24966,58379,497275,plants,kg/m2,POP,
2759,33208,6656,6960,50557,7088,7114,320266,320267,insects,kg/m2,POP,
2759,33208,6656,6960,50557,7088,33415,13036,151541,insects,mg/org,MOR,
2759,33208,6656,6960,50557,7041,41073,41080,536884,insects,kg/m2,POP,
2759,33208,6656,6960,50557,7041,41073,60755,877774,insects,kg/m2,POP,
2759,33208,6656,6960,50557,7041,41073,60800,877878,insects,kg/m2,POP,
2759,33208,6656,6960,50557,7041,41073,60800,877746,insects,kg/m2,POP,
2759,33208,6656,6960,50557,7041,41073,60800,109854,insects,kg/m2,POP,
2759,33208,6656,6960,50557,7147,41819,41820,88399,insects,mg/l,MOR,
2759,33208,6656,6960,50557,7399,7423,320997,909094,insects,kg/m2,MOR,
2759,33208,7711,89593,8782,9126,164646,9190,9191,birds,mg/kg,MOR,
2759,33090,3041,,33103,3113,3114,3118,3117,algae,mg/l,POP,96.0
2759,33090,35493,131221,3398,38820,4479,79826,330581,plants,kg/m2,POP,
2759,33090,35493,131221,3398,38820,4479,66005,487982,plants,kg/m2,POP,
2759,33090,35493,131221,58019,1446380,3318,3337,71654,plants,kg/m2,GRO,
2759,33208,6231,,119089,6236,211158,211163,1771353,worms,kg/m2,POP,
2759,33208,6231,,119089,6236,211168,211170,313706,worms,kg/m2,POP,
2759,33208,6231,,119089,6236,211158,229470,363723,worms,kg/m2,POP,
2759,33090,35493,131221,3398,38820,4479,15303,1227975,plants,kg/m2,POP,
2759,33208,6447,,6605,6638,6647,6643,37653,mollusks,mg/l,MOR,
2759,33208,6447,,6605,6638,6647,6643,256139,mollusks,mg/l,MOR,
2759,33208,6447,,6605,6638,6647,6643,623738,mollusks,mg/l,MOR,
2759,33090,35493,131221,3398,4618,4642,4650,94328,plants,kg/m2,GRO,
2759,33208,7711,89593,186623,1489911,8113,8139,64544,fish,mg/l,MOR,96.0
2759,33090,35493,131221,3398,16360,25926,55447,55448,plants,mg/l,GRO,
2759,33208,7711,89593,8782,9126,9133,1897773,37601,birds,mg/kg,MOR,
2759,33208,6656,6960,50557,7399,7423,76799,76800,insects,kg/m2,MOR,
2759,33090,3041,,75966,35460,35461,3071,289237,algae,mg/l,POP,96.0
2759,33090,35493,131221,3398,4143,4144,38871,38872,plants,kg/m2,GRO,
2759,33208,6656,6960,50557,7041,7080,115351,2563341,insects,mg/l,MOR,
2759,33208,6656,6960,50557,7041,7042,77156,77166,insects,kg/m2,MOR,
2759,33208,7711,89593,8782,8906,8910,8911,119627,birds,mg/kg,MOR,
2759,33090,35493,131221,241806,3268,13819,13820,13821,plants,mg/l,GRO,
2759,33090,35493,131221,3398,38820,4479,15747,941471,plants,kg/m2,POP,
2759,33090,35493,131221,3398,38820,4479,4583,281131,plants,kg/m2,POP,
2759,33090,35493,131221,3398,38820,4479,38413,391786,plants,kg/m2,POP,
2759,33090,35493,131221,3398,38820,4479,79826,29660,plants,kg/m2,POP,
2759,33090,35493,131221,241806,3268,13819,13820,49539,plants,mg/l,GRO,
2759,33208,6656,6960,50557,7399,32417,198337,408256,insects,kg/m2,MOR,
2759,33090,35493,131221,3398,41946,91831,23261,49684,plants,mg/l,GRO,
2759,33090,35493,131221,3398,38820,4479,37562,240449,plants,kg/m2,POP,
2759,33090,35493,131221,3398,41768,3440,3452,743734,plants,kg/m2,POP,
2759,33208,6656,6960,50557,7399,108385,163151,223858,insects,mg/l,MOR,
2759,33090,35493,131221,3398,38820,4479,4605,200278,plants,kg/m2,POP,
2759,33208,6656,6960,50557,7399,32417,32420,1518449,insects,kg/m2,MOR,
2759,33208,6656,6843,6854,6893,6913,336629,1810957,insects,kg/m2,MOR,
2759,4751,4890,147538,147550,5139,35718,5526,253246,fungi,mg/l,POP,
2759,33208,6656,6843,6854,34634,34636,84383,645128,insects,mg/l,MOR,
2759,33090,35493,131221,3398,3744,3745,23216,75099,plants,kg/m2,POP,
2759,33090,35493,131221,3398,4209,4210,4219,4220,plants,kg/m2,POP,
2759,33090,35493,131221,3398,4209,4210,268079,268080,plants,kg/m2,POP,
2759,33090,35493,131221,3398,4209,4210,41623,1950228,plants,kg/m2,POP,
2759,33208,6656,6960,50557,7041,41097,194351,194358,insects,kg/m2,MOR,
2759,33090,35493,131221,241806,3268,13819,29595,49495,plants,mg/l,GRO,
2759,33090,35493,131221,3398,73496,4668,4697,39639,plants,kg/m2,GRO,
2759,33208,6656,6843,6854,83137,1686804,1979918,1979919,insects,kg/m2,POP,
2759,33090,35493,131221,3398,71239,3650,3676,50543,plants,kg/m2,GRO,
2759,33090,35493,131221,3398,72025,3803,35627,35628,plants,kg/m2,POP,
2759,33090,35493,131221,3398,4143,156201,3040200,263965,plants,mg/l,POP,
2759,33090,35493,131221,3398,38820,4479,4501,52147,plants,kg/m2,POP,
2759,33208,6656,6960,50557,7524,30083,236950,370844,insects,kg/m2,POP,
2759,33208,6656,6960,50557,7524,30083,355586,355587,insects,kg/m2,POP,
2759,33208,6656,6960,50557,7088,33415,13036,13037,insects,mg/org,MOR,
2759,33208,6656,6960,50557,7041,7080,41138,419959,insects,mg/l,MOR,
2759,33090,35493,131221,3398,4143,4136,53158,53161,plants,kg/m2,POP,
2759,33090,35493,131221,3398,4069,4070,4107,205582,plants,kg/m2,GRO,
2759,33090,35493,131221,3398,4739,4740,4743,428228,plants,kg/m2,POP,
2759,33090,35493,131221,3398,3744,3499,13186,1620155,plants,kg/m2,POP,
2759,33090,35493,131221,3398,3524,3563,1851701,1966379,plants,kg/m2,POP,
2759,33090,35493,131221,3398,41938,3629,93758,358697,plants,kg/m2,POP,
2759,33090,35493,131221,3398,38820,4479,110880,285846,plants,kg/m2,POP,
2759,33208,6656,6960,50557,7399,124286,124287,185587,insects,mg/org,MOR,
2759,33208,6447,,6448,,6524,264246,2823525,mollusks,mg/l,MOR,
2759,4751,4890,147538,147550,5125,5129,5543,63577,fungi,mg/l,POP,
2759,33090,35493,131221,3398,3524,3615,61508,137689,plants,kg/m2,POP,
2759,,2836,,33849,97224,97225,97226,1223580,algae,mg/l,POP,96.0
2759,33090,3041,,3166,35491,35466,55412,1697147,algae,mg/l,POP,96.0
2759,,2836,,33849,245176,245177,245178,245179,algae,mg/l,POP,96.0
2759,33208,10190,,2816136,84394,10193,360680,360682,rotifers,mg/l,MOR,
2759,33208,10190,,2816136,84394,10193,231617,231618,rotifers,mg/l,MOR,
2759,33208,6656,6960,50557,7041,27439,216194,937811,insects,kg/m2,POP,
2759,33090,35493,131221,58019,1446379,3367,13100,13101,plants,kg/m2,MOR,
2759,33090,35493,131221,3214,13798,404319,90305,186694,plants,kg/m2,POP,
2759,33090,35493,131221,3398,3699,3700,50460,50462,plants,kg/m2,GRO,
2759,33090,35493,131221,3398,3744,3499,24775,226284,plants,kg/m2,POP,
2759,,4762,,,4776,4777,70742,86334,unmapped,mg/l,POP,
2759,33090,35493,131221,3398,4143,156152,4173,202477,plants,kg/m2,POP,
2759,4751,4890,147538,147541,92860,28556,5598,119927,fungi,kg/m2,POP,
2759,33208,6656,6960,50557,7041,7080,115341,484773,insects,mg/l,MOR,
2759,4751,4890,147538,147545,5042,1131492,5052,41735,fungi,mg/l,POP,
2759,4751,4890,147538,147550,5125,110618,5506,5127,fungi,mg/l,POP,
2759,4751,1913637,451507,2212703,4827,34489,4830,36080,fungi,mg/l,POP,
2759,4751,4890,147538,147541,92860,28556,95729,119933,fungi,kg/m2,POP,
2759,4751,4890,147538,147550,5125,110618,5506,36050,fungi,mg/l,POP,
2759,33090,35493,131221,3398,38820,4609,76416,76417,plants,kg/m2,POP,
2759,33208,7711,89593,8292,8342,8382,651673,30338,amphibians,mg/l,MOR,
2759,,4762,,,4776,4777,70742,622444,unmapped,mg/l,POP,
2759,,4762,,,4776,4777,143452,143453,unmapped,mg/l,POP,
2759,,4762,,,121069,4782,4797,82953,unmapped,mg/l,POP,
2759,33208,6656,6960,50557,7147,48991,504564,1577615,insects,mg/l,MOR,
2759,33090,3041,,3166,3042,3043,3044,140095,algae,mg/l,POP,96.0
2759,33208,6656,6960,50557,7041,7080,115341,2755240,insects,mg/l,MOR,
2759,33208,6656,6960,50557,7399,7489,296406,3126544,insects,mg/l,MOR,
2759,33208,6656,6960,50557,7041,7049,3019017,7051,insects,mg/kg bw,MOR,
2759,33208,6656,6960,50557,7524,30080,340491,340528,insects,kg/m2,POP,
2759,33208,6656,6960,50557,7399,108385,32397,297841,insects,mg/l,MOR,
2759,33208,6656,6960,50557,7524,30080,340506,340578,insects,kg/m2,POP,
2759,33208,6656,6960,50557,7524,30189,536004,1182649,insects,mg/l,POP,
2759,33208,6656,6960,50557,7399,108385,32399,119698,insects,mg/l,MOR,
2759,33208,7711,89593,8292,8342,8397,167931,8410,amphibians,mg/l,MOR,
2759,33090,3041,,3166,3042,3065,47792,51722,algae,mg/l,POP,96.0
2759,,,,2864,,,1573494,1573495,algae,mg/l,POP,96.0
2759,33208,6656,6960,50557,7041,7080,115341,559129,insects,mg/l,MOR,
2759,33090,35493,131221,3398,41945,4345,13749,1503870,plants,kg/m2,POP,
2759,33208,10190,,2816136,84394,10193,10194,183142,rotifers,mg/l,MOR,
2759,33090,35493,131221,3398,41944,3934,13118,13119,plants,kg/m2,POP,
2759,,2763,,2806,2802,2803,1917068,110920,algae,mg/l,POP,96.0
2759,,2763,,2806,28017,31441,38543,38544,algae,mg/l,POP,96.0
2759,33090,35493,131221,3398,38820,4479,4605,370729,plants,kg/m2,POP,
2759,4751,4890,147538,147548,5120,34371,62701,62727,fungi,mg/l,POP,
2759,33090,35493,131221,3398,41768,3440,3445,3447,plants,kg/m2,POP,
2759,33208,7711,89593,8292,8342,8372,8377,1033716,amphibians,mg/l,MOR,
2759,33090,35493,131221,304574,204509,3146,13778,69348,plants,mg/l,POP,
2759,33090,3041,,75966,2507901,2507902,3101,3102,algae,mg/l,POP,96.0
2759,33208,6656,6960,50557,7041,27439,154013,154015,insects,kg/m2,POP,
2759,33090,35493,131221,3398,3524,3615,3618,3619,plants,kg/m2,POP,
2759,33208,6340,,6341,65495,169110,311533,552537,worms,mg/l,GRO,
2759,33208,6656,6657,6681,6683,6725,6726,215716,crustaceans,mg/l,MOR,47.99999999999999
2759,33090,35493,131221,304574,204509,3146,13778,442296,plants,mg/l,POP,
2759,33090,35493,131221,3398,4055,4056,63467,63468,plants,kg/m2,POP,
2759,33090,35493,131221,241806,3268,32084,32100,32102,plants,kg/m2,POP,
2759,33090,35493,131221,3398,73496,51383,13484,13485,plants,mg/l,MOR,
2759,33090,35493,131221,3398,38820,4479,66017,1969248,plants,kg/m2,POP,
2759,33090,35493,131221,3398,38820,4479,66017,1755043,plants,kg/m2,POP,
2759,33090,35493,131221,113508,13802,13803,13804,128191,plants,mg/l,GRO,
2759,33090,35493,131221,113508,13802,13803,13804,231098,plants,mg/l,GRO,
2759,33090,35493,131221,113508,13802,13803,13804,128254,plants,mg/l,GRO,
2759,33090,35493,131221,3214,13798,53009,49761,451517,plants,mg/l,GRO,
2759,33090,35493,131221,3214,1034061,52974,67414,1293637,plants,mg/l,GRO,
2759,33090,35493,131221,3214,13798,61526,67427,67428,plants,mg/l,GRO,
2759,33090,35493,131221,3214,3219,3220,1031740,1258753,plants,mg/l,GRO,
2759,33090,35493,131221,3214,3219,52981,52982,98470,plants,mg/l,GRO,
2759,33090,35493,131221,3214,13798,37421,184654,184655,plants,mg/l,GRO,
2759,33090,35493,131221,3214,13798,2231517,52998,52999,plants,mg/l,GRO,
2759,33090,35493,131221,3214,3219,80887,94682,98478,plants,mg/l,GRO,
2759,33090,35493,131221,3214,13798,222836,140399,140400,plants,mg/l,GRO,
2759,33208,6231,,119089,6236,54124,54125,335527,worms,mg/l,MOR,
2759,33090,35493,131221,3398,4209,4210,13448,159668,plants,kg/m2,POP,
2759,33208,6656,6657,6681,29979,96822,161569,632106,crustaceans,mg/l,MOR,47.99999999999999
2759,33208,6656,6657,72037,72033,72034,217164,257370,crustaceans,mg/l,MOR,47.99999999999999
2759,33208,6656,6960,50557,7041,7080,347452,703271,insects,mg/l,MOR,
2759,33090,35493,131221,3398,73496,40552,16150,34193,plants,kg/m2,GRO,
2759,33090,35493,131221,3398,3744,3745,3754,36595,plants,kg/m2,POP,
2759,33090,35493,131221,3398,3524,63083,63084,189803,plants,kg/m2,POP,
2759,33090,35493,131221,3398,4209,4210,59293,199522,plants,kg/m2,POP,
2759,33208,6656,6960,50557,7041,7065,27447,27448,insects,mg/l,MOR,
2759,33208,6656,6843,6854,83137,83910,94638,420257,insects,mg/l,MOR,
2759,33208,6656,6960,50557,7041,27439,111216,111217,insects,kg/m2,POP,
2759,33090,35493,131221,3398,4209,4210,32194,170506,plants,kg/m2,POP,
2759,33090,35493,131221,3398,4143,4136,39169,39329,plants,kg/m2,POP,
2759,33090,35493,131221,3398,4209,4210,4219,669138,plants,kg/m2,POP,
2759,33090,35493,131221,3398,4209,4210,13448,459757,plants,kg/m2,POP,
2759,33208,6656,6843,6854,6893,94017,153426,304576,insects,ppm,MOR,
2759,33208,6656,6843,6854,83136,94829,2796488,3096213,insects,mg/l,MOR,
2759,33208,6656,6960,50557,7041,7055,166331,560254,insects,kg/m2,POP,
2759,33208,6656,6960,50557,7399,107755,326698,710223,insects,mg/l,MOR,
2759,33208,6447,,6448,,6521,2529395,582868,mollusks,mg/l,MOR,
2759,33208,6656,6960,50557,50622,62802,143723,143724,insects,mg/l,MOR,
2759,33208,6656,6960,50557,7399,29051,105761,105762,insects,kg/m2,MOR,
2759,4751,4890,147538,147545,34395,54527,2082018,134354,fungi,mg/l,POP,
2759,33208,6656,6960,50557,7147,127399,127403,127405,insects,kg/m2,POP,
2759,33208,6656,6960,50557,7399,44353,303446,303447,insects,mg/l,MOR,
2759,33208,6656,6960,50557,7041,7080,115341,703257,insects,mg/l,MOR,
2759,33208,6656,6960,50557,7399,7489,7490,72267,insects,mg/l,MOR,
2759,33208,6656,6960,50557,7524,82738,82741,82748,insects,kg/m2,MOR,
2759,33208,6656,6960,50557,7088,7139,29054,437486,insects,kg/m2,MOR,
2759,33208,6656,6960,50557,7041,41102,41103,1587150,insects,ppm,MOR,
2759,33208,6656,6960,50557,7041,41102,41103,877898,insects,ppm,MOR,
2759,33208,6656,6960,50557,7041,41102,290648,295564,insects,ppm,MOR,
2759,33208,6656,6960,50557,7041,7055,166307,207147,insects,kg/m2,POP,
2759,33208,6656,6960,50557,7041,7055,225274,1971315,insects,kg/m2,POP,
2759,33208,6656,6960,50557,7041,7055,225274,207110,insects,kg/m2,POP,
2759,33208,6656,6843,6854,83137,83910,83911,83912,insects,mg/l,MOR,
2759,33208,6656,6960,50557,7399,7402,42101,2555439,insects,mg/l,MOR,
2759,33208,6656,6960,30001,730331,48715,187683,1519113,insects,kg/m2,POP,
2759,33208,6656,6960,50557,7399,108385,77301,131216,insects,mg/l,MOR,
2759,33090,35493,131221,3398,4209,4210,42336,545239,plants,kg/m2,POP,
2759,33208,6656,6960,50557,7041,27439,111201,877895,insects,kg/m2,POP,
2759,33208,6656,6960,50557,7399,7402,51538,375433,insects,mg/l,MOR,
2759,33208,6656,6960,50557,7399,7402,55897,75917,insects,mg/l,MOR,
2759,33208,6656,6960,50557,7524,27482,527629,527630,insects,kg/m2,POP,
2759,33090,35493,131221,3398,72025,3803,53922,126820,plants,kg/m2,POP,
2759,33208,6656,6657,72037,72033,72034,72035,1366468,crustaceans,mg/l,MOR,47.99999999999999
2759,33090,35493,131221,3398,4143,41868,24234,9786,plants,kg/m2,POP,
2759,33208,6656,6960,50557,30262,45053,864848,3096553,insects,kg/m2,POP,
2759,33208,6656,6843,6854,34634,34636,84381,1162628,insects,mg/l,MOR,
2759,33208,6656,6843,6854,83136,50007,416404,416405,insects,mg/l,MOR,
2759,33208,6656,6843,6854,34634,34636,99210,756066,insects,mg/l,MOR,
2759,33208,6656,6960,50557,7524,30083,237084,881727,insects,kg/m2,POP,
2759,33208,6656,6960,50557,7524,30083,237354,881470,insects,kg/m2,POP,
2759,33208,6656,6843,6854,34634,34636,193552,193553,insects,mg/l,MOR,
2759,33208,6656,6843,6854,34634,34636,99210,759916,insects,mg/l,MOR,
2759,33208,6656,6960,50557,7088,695564,423525,423526,insects,kg/m2,POP,
2759,33090,35493,131221,3398,4069,4070,4074,45451,plants,kg/m2,GRO,
2759,33090,35493,131221,3398,3524,3593,130110,130111,plants,kg/m2,MOR,
2759,33090,35493,131221,3398,3524,3593,153853,867017,plants,kg/m2,MOR,
2759,33090,35493,131221,3398,3524,3593,130139,278585,plants,kg/m2,MOR,
2759,33090,35493,131221,3398,3524,3593,130108,278501,plants,kg/m2,MOR,
2759,4751,4890,147538,147545,5042,1131492,5052,75750,fungi,mg/l,POP,
2759,33208,6656,6657,6681,6821,111559,111560,334709,crustaceans,mg/l,MOR,47.99999999999999
2759,,2763,,2797,2798,2799,2791,2792,algae,mg/l,POP,96.0
2759,,2836,,33849,97224,97225,97226,1133656,algae,mg/l,POP,96.0
2759,,2836,,33849,38748,67474,50949,431400,algae,mg/l,POP,96.0
2759,33090,35493,131221,3398,38820,4479,158101,744466,plants,kg/m2,POP,
2759,33090,35493,131221,3398,3524,3568,146094,39387,plants,kg/m2,POP,
2759,33090,35493,131221,3398,3524,3568,3573,3575,plants,kg/m2,POP,
2759,33208,6340,,42113,2803884,6400,298367,437222,worms,mg/kg soil,MOR,
2759,33090,35493,131221,3398,72025,3803,3877,75626,plants,kg/m2,POP,
2759,33090,35493,131221,3398,72025,3803,3877,70944,plants,kg/m2,POP,
2759,33090,35493,131221,3398,72025,3803,3877,70952,plants,kg/m2,POP,
2759,33090,35493,131221,3398,4143,91896,320805,223116,plants,kg/m2,POP,
2759,,5794,,1280412,75739,5799,5800,5802,protozoans,mg/l,POP,
2759,,5794,,1280412,75739,5799,5800,5804,protozoans,mg/l,POP,
2759,4751,4890,147538,147550,5592,1028423,2174073,124036,fungi,mg/l,POP,
2759,33090,35493,131221,3398,38820,4479,66017,173843,plants,kg/m2,POP,
2,1783272,1117,,3028117,1118,1890449,1125,44822,cyanobacteria,mg/l,POP,96.0
2759,33208,6656,6960,50557,7041,7042,166878,2748699,insects,kg/m2,MOR,
2759,33208,6157,,6199,1365975,109299,56556,56557,worms,ppm,MOR,
2759,33090,35493,131221,3398,3646,3688,40685,889485,plants,kg/m2,GRO,
2759,33090,35493,131221,3398,72025,3803,287749,1977548,plants,kg/m2,POP,
2759,33090,35493,131221,3398,3699,3700,50457,50459,plants,kg/m2,GRO,
2759,33208,6231,,119089,6236,6243,53473,53474,worms,mg/l,MOR,
2759,33090,35493,131221,3398,3524,3568,3579,271558,plants,kg/m2,POP,
2759,33090,35493,131221,3398,3744,3745,23166,32224,plants,kg/m2,POP,
2759,33090,35493,131221,3398,41945,4335,49647,170927,plants,kg/m2,POP,
2759,33090,35493,131221,3398,41938,3629,3633,3634,plants,kg/m2,POP,
2759,33090,35493,131221,3398,38820,4479,100788,368345,plants,kg/m2,POP,
2759,,4762,,,121069,4782,4797,82941,unmapped,mg/l,POP,
2759,33090,35493,131221,3398,4209,4381,40568,239422,plants,kg/m2,POP,
2759,33090,35493,131221,3398,4209,4210,41503,75633,plants,kg/m2,POP,
2759,33090,35493,131221,3398,4143,21910,39255,634377,plants,kg/m2,MOR,
2759,33090,35493,131221,3398,4209,4210,35934,35935,plants,kg/m2,POP,
2759,33090,35493,131221,3398,38820,4479,4605,1249140,plants,kg/m2,POP,
2759,33208,6656,6960,50557,7524,30092,121835,2035713,insects,mg/l,POP,
2759,33090,35493,131221,3398,3744,3745,3749,106564,plants,kg/m2,POP,
2759,33208,6656,6960,50557,7088,7139,209533,209534,insects,kg/m2,MOR,
2759,33090,35493,131221,3398,3699,3700,3723,3724,plants,kg/m2,GRO,
2759,33090,35493,131221,3398,3524,3615,3620,3621,plants,kg/m2,POP,
2759,33090,35493,131221,241806,693749,3282,3283,3285,plants,mg/l,POP,
2759,33208,7711,89593,8504,8509,8522,52178,118841,reptiles,mg/kg,MOR,
2759,33208,6656,6843,6854,83137,83910,179870,179871,insects,mg/l,MOR,
2759,33208,6656,6960,50557,7399,29051,272336,1545927,insects,kg/m2,MOR,
2759,33208,6656,6960,50557,7399,7402,32390,89805,insects,mg/l,MOR,
2759,33208,6656,6960,50557,7041,57514,57515,64901,insects,kg/m2,GRO,
2759,33208,6656,6960,50557,7041,57514,57515,64902,insects,kg/m2,GRO,
2759,33208,6656,6843,6854,6893,94016,348401,637358,insects,kg/m2,POP,
2759,33208,6656,6960,50557,7041,186093,219423,1709626,insects,kg/m2,MOR,
2759,33208,6656,6960,50557,7524,57993,58007,1656820,insects,ppm,MOR,
2759,33208,6656,6960,50557,7524,27479,633631,633634,insects,mg/org,MOR,
2759,33208,6656,6960,50557,7524,30083,568014,981264,insects,kg/m2,POP,
2759,33208,6656,6843,6854,34634,34636,44413,645005,insects,mg/l,MOR,
2759,33208,6656,6960,50557,7524,7036,30098,267823,insects,ppm,POP,
2759,33208,6656,6960,50557,7399,108385,32399,121799,insects,mg/l,MOR,
2759,33208,6656,6960,50557,7399,108385,32399,119699,insects,mg/l,MOR,
2759,33208,6656,6960,50557,7516,7520,373812,2857435,insects,mg/l,MOR,
2759,33208,6656,6960,50557,30263,50645,492549,1203598,insects,mg/l,MOR,
2759,33208,7711,89593,8782,9126,28725,30420,85066,birds,mg/kg,MOR,
2759,33208,7711,89593,8782,2558200,56259,8963,43466,birds,mg/kg,MOR,
2759,,2830,,,73026,418969,2831,44452,algae,mg/l,POP,96.0
2759,33090,35493,131221,3398,4036,23121,23129,43073,plants,kg/m2,GRO,
2759,33090,35493,131221,3398,73496,40552,39550,203639,plants,kg/m2,GRO,
2759,33090,35493,131221,3398,4143,4149,69911,86643,plants,kg/m2,GRO,
2759,33090,35493,131221,3398,4199,4206,4204,237958,plants,kg/m2,GRO,
2759,33090,35493,131221,3398,41768,3440,46995,171896,plants,kg/m2,POP,
2759,33090,35493,131221,3398,41768,3440,46995,171898,plants,kg/m2,POP,
2759,,33682,,5653,2704949,5654,5690,5693,protozoans,mg/l,POP,
2759,4751,4890,147538,147550,37989,106263,114230,335854,fungi,%,POP,
2759,33090,35493,131221,3398,72025,3803,3898,74521,plants,kg/m2,POP,
2759,33090,35493,131221,3398,72025,3803,3853,3860,plants,kg/m2,POP,
2759,33090,35493,131221,3398,72025,3803,3898,97036,plants,kg/m2,POP,
2759,33208,7711,89593,8292,8342,30312,8344,8345,amphibians,mg/l,MOR,
2759,33090,35493,131221,3398,3524,3581,3582,3583,plants,kg/m2,POP,
2759,33090,35493,131221,3398,4055,4056,126747,185048,plants,kg/m2,POP,
2759,33090,35493,131221,3398,41944,3934,3939,225334,plants,kg/m2,POP,
2759,33090,35493,131221,3398,4143,4136,39130,39269,plants,kg/m2,POP,
2759,33090,35493,131221,3398,72025,3803,3898,74504,plants,kg/m2,POP,
2759,33208,6656,6843,6854,6893,34643,114395,1286326,insects,kg/m2,MOR,
2759,33090,35493,131221,3398,4209,4210,199494,199495,plants,kg/m2,POP,
2759,33090,35493,131221,3398,3646,3977,3990,212855,plants,kg/m2,POP,
2759,33090,35493,131221,3398,38820,4479,147271,547447,plants,kg/m2,POP,
2759,33090,35493,131221,3398,3744,3745,3766,36597,plants,kg/m2,POP,
2759,33090,3041,,33103,35443,35445,173369,173371,algae,mg/l,POP,96.0
2759,33090,35493,131221,3398,72025,3803,20802,90234,plants,kg/m2,POP,
2759,33090,35493,131221,3398,4209,4210,4219,1227640,plants,kg/m2,POP,
2759,33090,35493,131221,3398,4069,4118,4119,89654,plants,kg/m2,POP,
2759,33090,35493,131221,3398,4209,4210,71042,217592,plants,kg/m2,POP,
2759,33090,35493,131221,3398,41768,3440,46246,136316,plants,kg/m2,POP,
2759,33090,35493,131221,3398,72025,3803,3812,3813,plants,kg/m2,POP,
2759,33090,35493,131221,3398,41944,3931,3932,87681,plants,kg/m2,GRO,
2759,33090,35493,131221,3398,4209,4210,41503,124929,plants,kg/m2,POP,
2759,33090,35493,131221,3398,4209,4210,122543,221190,plants,kg/m2,POP,
2759,33090,35493,131221,3398,38820,4479,4605,98748,plants,kg/m2,POP,
2759,33090,35493,131221,3398,4209,4210,71038,72914,plants,kg/m2,POP,
2759,33090,35493,131221,3398,3744,3745,23209,32243,plants,kg/m2,POP,
2759,33090,35493,131221,3398,72025,3803,3808,383632,plants,kg/m2,POP,
2759,33090,35493,131221,3398,3502,3520,3521,29737,plants,kg/m2,MOR,
2759,33090,35493,131221,3398,41944,3931,3932,183838,plants,kg/m2,GRO,
2759,33090,35493,131221,3398,4069,4070,4107,215581,plants,kg/m2,GRO,
2759,33090,35493,131221,3398,4209,4210,41503,72152,plants,kg/m2,POP,
2759,33208,6656,6960,50557,7041,7042,1342180,2729793,insects,kg/m2,MOR,
2759,33208,6656,6960,50557,7088,7139,688928,989733,insects,kg/m2,MOR,
2759,33090,35493,131221,3398,4209,4210,4219,395280,plants,kg/m2,POP,
2759,33090,35493,131221,3398,4209,4210,176533,176535,plants,kg/m2,POP,
2759,33090,35493,131221,3398,38820,4479,37878,4604,plants,kg/m2,POP,
2759,33090,35493,131221,3398,4036,4037,40946,40947,plants,mg/l,GRO,
2759,33090,35493,131221,3398,72025,3803,148684,196648,plants,kg/m2,POP,
2759,33090,35493,131221,3398,4209,4210,72977,55612,plants,kg/m2,POP,
2759,33090,35493,131221,3398,4209,4210,53747,53749,plants,kg/m2,POP,
2759,33090,35493,131221,3398,4209,4210,52291,52294,plants,kg/m2,POP,
2759,33090,35493,131221,3398,72025,3803,247880,248511,plants,kg/m2,POP,
2759,33090,35493,131221,3398,72025,3803,53892,571920,plants,kg/m2,POP,
2759,33090,35493,131221,3398,4209,4210,72977,691054,plants,kg/m2,POP,
2759,33090,35493,131221,3398,4143,156152,69923,265135,plants,kg/m2,POP,
2759,33090,35493,131221,3398,4143,4136,39171,39344,plants,kg/m2,POP,
2759,33090,35493,131221,3398,72025,3803,20400,20408,plants,kg/m2,POP,
2759,,2836,,33849,33851,33852,41953,37318,algae,mg/l,POP,96.0
2759,33208,7711,7712,7713,7720,7721,30300,30301,tunicates and sponges,mg/l,MOR,
2759,33208,7711,89593,8292,8342,8418,374083,317342,amphibians,mg/l,MOR,
2759,33208,7711,89593,8292,8342,8418,44371,279982,amphibians,mg/l,MOR,
2759,4751,4890,147538,147541,92860,28556,5027,2591483,fungi,kg/m2,POP,
2759,33208,6656,6960,50557,7524,30190,40929,249562,insects,ppm,MOR,
2759,4751,4890,147538,147541,2726947,93133,131324,179343,fungi,kg/m2,POP,
2759,33090,35493,131221,3398,72025,3803,162889,162890,plants,kg/m2,POP,
2759,33090,35493,131221,3398,72025,3803,53913,191943,plants,kg/m2,POP,
2759,33090,35493,131221,3398,3646,3977,20025,1087219,plants,kg/m2,POP,
2759,33090,35493,131221,3398,38820,4479,37562,173852,plants,kg/m2,POP,
2759,33090,35493,131221,3398,4143,4196,13747,192324,plants,mg/l,POP,
2759,33090,35493,131221,3398,38820,4479,62336,183675,plants,kg/m2,POP,
2759,33208,6656,6960,50557,7399,36668,13685,310435,insects,kg/m2,POP,
2759,33208,6656,6960,50557,7399,36668,30204,255789,insects,kg/m2,POP,
2759,33090,35493,131221,3398,38820,4479,4539,206029,plants,kg/m2,POP,
2759,33090,35493,131221,3398,38820,4479,35707,35708,plants,kg/m2,POP,
2759,33090,35493,131221,3398,71239,3650,64231,64232,plants,kg/m2,GRO,
2759,33208,6656,6960,50557,7399,36668,190769,300850,insects,kg/m2,POP,
2759,33208,6656,6960,50557,7399,36668,144030,144040,insects,kg/m2,POP,
2759,33208,6656,6960,50557,85823,6974,6977,36975,insects,mg/org,MOR,
2759,33208,6656,6960,50557,7399,36668,13685,121131,insects,kg/m2,POP,
2759,33208,6656,6960,50557,7399,36668,30204,219812,insects,kg/m2,POP,
2759,33208,6656,6960,50557,6993,6995,13550,1897147,insects,ppm,MOR,
2759,33208,7711,89593,8782,9126,9193,28712,28713,birds,mg/kg,MOR,
2759,33208,6656,6960,50557,7399,36668,55077,612392,insects,kg/m2,POP,
2759,33208,6656,6960,50557,7399,36668,29038,29039,insects,kg/m2,POP,
2759,33208,6656,6960,50557,7399,36668,83484,561541,insects,kg/m2,POP,
2759,33208,6656,6960,50557,7399,36668,64792,64793,insects,kg/m2,POP,
2759,33090,35493,131221,3398,41768,3440,3452,231663,plants,kg/m2,POP,
2759,33090,35493,131221,3398,3744,3608,22922,54785,plants,kg/m2,GRO,
2759,33090,35493,131221,3398,4209,4210,41503,351340,plants,kg/m2,POP,
2759,33090,35493,131221,3398,4209,4210,13464,122532,plants,kg/m2,POP,
2759,33090,35493,131221,3398,4055,24966,25168,254777,plants,kg/m2,POP,
2759,33090,35493,131221,3398,4055,24966,25168,462873,plants,kg/m2,POP,
2759,33090,35493,131221,3398,4209,4210,122543,221204,plants,kg/m2,POP,
2759,33090,35493,131221,3398,4209,4210,673751,212686,plants,kg/m2,POP,
2759,33090,35493,131221,3398,41938,3629,96479,446345,plants,kg/m2,POP,
2759,33090,35493,131221,3398,4209,4210,122541,212690,plants,kg/m2,POP,
2759,33090,35493,131221,3398,72025,3803,3898,97021,plants,kg/m2,POP,
2759,33090,35493,131221,3398,4055,4056,4065,141467,plants,kg/m2,POP,
2759,33090,35493,131221,3398,4055,24966,60364,298690,plants,kg/m2,POP,
2759,33208,6656,6843,6854,34634,34636,84383,645129,insects,mg/l,MOR,
2759,4751,5204,29000,162484,5258,2792465,203903,203904,fungi,mg/l,POP,
2759,,4762,,,4776,4777,4783,164328,unmapped,mg/l,POP,
2759,33090,35493,131221,3398,4143,26122,48772,49123,plants,mg/l,GRO,
2759,33208,6656,6657,6681,6683,6695,117982,272468,crustaceans,mg/l,MOR,47.99999999999999
2759,33090,35493,131221,186771,400718,40338,40339,40340,plants,mg/l,POP,
2759,33090,35493,131221,3398,41945,4345,4346,257784,plants,kg/m2,POP,
2759,33090,35493,131221,58019,1446380,3318,3325,71402,plants,kg/m2,GRO,
2759,33208,6656,6960,50557,7147,7157,7158,373850,insects,mg/l,MOR,
2759,33090,35493,131221,3398,41937,23513,2706,37690,plants,kg/m2,GRO,
2759,4751,1913637,214504,214506,214509,308925,308926,1963269,fungi,mg/l,POP,
2759,33090,35493,131221,3398,73496,26339,26378,1176729,plants,kg/m2,GRO,
2759,33208,7711,89593,186623,8075,69128,69133,753908,fish,mg/l,MOR,96.0
2759,33208,7711,89593,186623,8075,160493,160494,235388,fish,mg/l,MOR,96.0
2759,33208,7711,89593,186623,,205120,390299,858229,fish,mg/l,MOR,96.0
2759,33090,35493,131221,3398,38820,4479,38709,65970,plants,kg/m2,POP,
2759,33208,6656,6960,50557,7147,7149,338156,1751540,insects,mg/l,MOR,
2759,33090,35493,131221,3398,41946,23066,3801,78511,plants,kg/m2,POP,
2759,33208,6447,,6448,75116,54976,57623,570432,mollusks,mg/l,MOR,
2759,33208,7711,89593,8292,8342,8418,317299,2782222,amphibians,mg/l,MOR,
2759,33208,7711,89593,8292,8293,8314,8322,8326,amphibians,mg/l,MOR,
2,1783272,1117,,3028117,1161,1162,264688,1164,cyanobacteria,mg/l,POP,96.0
2759,33208,7711,89593,40674,9989,55153,10001,30640,rodents,mg/kg,MOR,
2759,33208,7711,89593,186623,28738,28758,208327,242982,fish,mg/l,MOR,96.0
2759,33208,6656,6657,6681,6683,41004,41005,41006,crustaceans,mg/l,MOR,47.99999999999999
2759,33208,7711,89593,186623,28738,405002,28779,105023,fish,mg/l,MOR,96.0
2759,33208,6656,6657,6681,75399,79901,261861,261862,crustaceans,mg/l,MOR,47.99999999999999
2759,4751,5204,29000,162484,5258,5262,5296,27345,fungi,kg/m2,POP,
2759,4751,5204,29000,162484,5258,5262,5296,27350,fungi,kg/m2,POP,
2759,,4762,,,4776,4777,4783,67593,unmapped,mg/l,POP,
2759,33208,6656,6657,72037,6833,6835,6836,6837,crustaceans,mg/l,MOR,47.99999999999999
2759,33208,6656,6657,72037,6833,136181,136182,136183,crustaceans,mg/l,MOR,47.99999999999999
2759,33208,6656,6960,50557,7147,7214,7215,7224,insects,mg/l,MOR,
2759,33090,35493,131221,3398,4143,156152,90645,263974,plants,kg/m2,POP,
2759,33208,6447,,6544,47521,47526,55836,887478,mollusks,mg/l,MOR,
2759,33208,6656,6960,50557,7524,82738,82741,1005351,insects,kg/m2,MOR,
2759,33208,6340,,42113,1964463,6388,6389,208440,worms,mg/kg soil,MOR,
2759,33090,35493,131221,3398,73496,26339,49747,1007752,plants,kg/m2,GRO,
2759,33090,35493,131221,3398,4209,4210,102786,192012,plants,kg/m2,POP,
2759,33208,7711,89593,186623,7952,7953,75368,352921,fish,mg/l,MOR,96.0
2759,33208,10190,,2816136,84394,10193,10194,575211,rotifers,mg/l,MOR,
2759,33208,10190,,2816136,84394,96444,96445,1213203,rotifers,mg/l,MOR,
2759,33090,35493,131221,3398,4618,4642,99568,136217,plants,kg/m2,GRO,
2759,33208,6656,61985,7553,30266,555214,1366114,1366115,insects,kg/m2,MOR,
2759,33208,6340,,42113,2803884,169941,1046388,1046389,worms,%,MOR,
2759,33208,6656,6960,50557,7088,7135,471157,471158,insects,kg/m2,MOR,
2759,4751,4890,147538,147541,2726947,93133,41254,521745,fungi,kg/m2,POP,
2759,33208,6656,6960,50557,7399,36668,27492,106198,insects,kg/m2,POP,
2759,33208,7711,89593,186623,1489928,8247,51788,147232,fish,mg/l,MOR,96.0
2759,33208,6656,6657,6681,6683,1293059,53300,138195,crustaceans,mg/l,MOR,47.99999999999999
2759,4751,4890,147538,147550,5125,5129,5543,5548,fungi,mg/l,POP,
2759,33090,35493,131221,3398,41943,4027,4028,326028,plants,kg/m2,POP,
2759,33090,35493,131221,3398,4209,4210,13753,434692,plants,kg/m2,POP,
2759,4751,4890,147538,147550,5125,110618,1079112,64609,fungi,mg/l,POP,
2759,33090,35493,131221,3398,38820,4479,4501,254138,plants,kg/m2,POP,
2759,33090,35493,131221,3398,38820,4479,4501,55763,plants,kg/m2,POP,
2759,33090,35493,131221,3398,38820,4479,15560,29679,plants,kg/m2,POP,
2759,33090,35493,131221,3398,38820,4479,211938,211939,plants,kg/m2,POP,
2759,4751,1913637,214504,214506,36750,36751,1129544,588596,fungi,mg/l,POP,
2759,33208,6656,6843,6854,34634,34636,84383,3018558,insects,mg/l,MOR,
2759,33090,35493,131221,3398,4143,26122,48794,223874,plants,mg/l,GRO,
2759,33090,35493,131221,3398,4209,4381,4382,16430,plants,kg/m2,POP,
2759,33090,35493,131221,3398,38820,4479,38688,38689,plants,kg/m2,POP,
2759,33208,6656,6960,50557,7088,27544,203780,301165,insects,kg/m2,POP,
2759,33090,35493,131221,3398,38820,4479,345911,497292,plants,kg/m2,POP,
2759,33090,35493,131221,3398,38820,4479,13648,1503863,plants,kg/m2,POP,
2759,33090,35493,131221,3398,4618,4652,4653,574477,plants,kg/m2,GRO,
2759,33090,35493,131221,3398,4618,4660,4665,255355,plants,kg/m2,GRO,
2759,33090,35493,131221,3398,4618,4642,94326,230707,plants,kg/m2,GRO,
2759,33090,35493,131221,3398,38820,4479,66029,66030,plants,kg/m2,POP,
2759,33090,35493,131221,3398,38820,4479,4544,368372,plants,kg/m2,POP,
2759,33090,35493,131221,3398,3524,3563,46111,124768,plants,kg/m2,POP,
2759,33090,35493,131221,3398,4143,4136,21880,268905,plants,kg/m2,POP,
2759,33090,35493,131221,3398,4055,24966,43535,43536,plants,kg/m2,POP,
2759,33090,35493,131221,3398,4739,4740,168074,428249,plants,kg/m2,POP,
2759,33090,35493,131221,3398,38820,4479,4605,464034,plants,kg/m2,POP,
2759,33090,35493,131221,3398,38820,4479,4605,98747,plants,kg/m2,POP,
2759,33090,35493,131221,3398,4209,4210,13426,114280,plants,kg/m2,POP,
2759,33090,35493,131221,3398,38820,4479,4554,305353,plants,kg/m2,POP,
2759,33090,35493,131221,3398,4209,4210,42336,1527831,plants,kg/m2,POP,
2759,33090,35493,131221,3398,403666,43873,66647,693388,plants,kg/m2,POP,
2759,33090,35493,131221,3398,3502,3520,19926,228127,plants,kg/m2,MOR,
2759,33090,35493,131221,3398,4739,54924,54925,114198,plants,kg/m2,GRO,
2759,33090,35493,131221,3398,38820,4479,66005,487934,plants,kg/m2,POP,
2759,33090,35493,131221,3398,4739,54924,95951,95953,plants,kg/m2,GRO,
2759,33090,35493,131221,3398,41944,3931,3932,452571,plants,kg/m2,GRO,
2759,33090,35493,131221,3398,232378,4328,83716,1707874,plants,kg/m2,GRO,
2759,33090,35493,131221,3398,72025,3803,53884,459863,plants,kg/m2,POP,
2759,33090,35493,131221,3398,41944,3931,106040,453398,plants,kg/m2,GRO,
2759,33090,35493,131221,3398,4209,4210,125747,3242719,plants,kg/m2,POP,
2759,33090,35493,131221,3398,4739,54924,95951,469384,plants,kg/m2,GRO,
2759,33090,35493,131221,3398,73496,40552,51480,244040,plants,kg/m2,GRO,
2759,33208,7586,,7625,31186,262332,262333,262334,echinoderms,mg/l,MOR,
2759,,4762,,,4763,4764,100860,112091,unmapped,mg/l,POP,
2759,,,,5747,425074,425072,5748,145522,algae,mg/l,POP,96.0
2759,33090,3041,,3166,35491,35466,3108,191687,algae,mg/l,POP,96.0
2759,33090,35493,131221,3398,41944,3934,3939,44456,plants,kg/m2,POP,
2759,33090,35493,131221,3398,38820,4479,45618,932099,plants,kg/m2,POP,
2759,33090,35493,131221,3398,4143,91896,46059,254782,plants,kg/m2,POP,
2759,33090,35493,131221,3398,38820,4479,38730,49785,plants,kg/m2,POP,
2759,33090,35493,131221,3398,38820,4479,15297,481245,plants,kg/m2,POP,
2759,33208,6447,,6448,216294,1345660,485595,485596,mollusks,mg/l,MOR,
2759,33090,35493,131221,3398,38820,4479,4583,154765,plants,kg/m2,POP,
2759,33090,35493,131221,3398,38820,4479,15437,1136829,plants,kg/m2,POP,
2759,33090,35493,131221,3398,72025,3803,35627,62615,plants,kg/m2,POP,
2759,33208,6656,6960,50557,7399,36668,13390,104422,insects,kg/m2,POP,
2759,33208,7711,89593,8292,8293,8314,156856,156857,amphibians,mg/l,MOR,
2759,33208,6656,6960,50557,85823,36985,36988,141911,insects,ppm,MOR,
2759,33090,35493,131221,3398,16360,26319,55458,62339,plants,mg/l,GRO,
2759,33090,35493,131221,3398,4055,21472,21496,55190,plants,kg/m2,GRO,
2759,33090,35493,131221,3398,72025,3803,3904,3912,plants,kg/m2,POP,
2759,33208,6656,6960,50557,7399,36668,12956,493209,insects,kg/m2,POP,
2759,33090,35493,131221,3398,38820,4479,15452,335195,plants,kg/m2,POP,
2759,33090,35493,131221,3398,38820,4479,345911,345912,plants,kg/m2,POP,
2759,33090,35493,131221,3398,4036,4037,43070,393530,plants,mg/l,GRO,
2759,33090,35493,131221,3398,41944,3934,13054,33135,plants,kg/m2,POP,
2759,33090,35493,131221,3398,4209,4210,149438,149440,plants,kg/m2,POP,
2759,4751,4890,147538,147550,5125,5129,5543,101201,fungi,mg/l,POP,
2759,4751,4890,147538,147550,5125,5129,5543,398673,fungi,mg/l,POP,
2759,33208,6656,6960,50557,85823,36985,36986,119669,insects,ppm,MOR,
2759,33208,7711,89593,8292,8293,8332,43043,52111,amphibians,mg/l,MOR,
2759,33208,6656,6960,50557,85823,36985,36986,72654,insects,ppm,MOR,
2759,33090,35493,131221,3398,3524,1804623,319553,3557,plants,kg/m2,POP,
2759,33090,35493,131221,3398,3524,1804623,319553,19768,plants,kg/m2,POP,
2759,33208,7711,89593,186623,8075,461499,103865,1311470,fish,mg/l,MOR,96.0
2759,33090,35493,131221,3398,16360,26319,55463,62340,plants,mg/l,GRO,
2759,33090,35493,131221,3398,4069,4070,4085,4092,plants,kg/m2,GRO,
2759,33090,35493,131221,3398,72025,3803,40336,157652,plants,kg/m2,POP,
2759,33090,35493,131221,3398,72025,3803,3822,3823,plants,kg/m2,POP,
2759,33090,35493,131221,3398,72025,3803,43365,43366,plants,kg/m2,POP,
2759,33090,35493,131221,3398,72025,3803,103822,103823,plants,kg/m2,POP,
2759,33090,35493,131221,3398,72025,3803,20675,20676,plants,kg/m2,POP,
2759,33090,35493,131221,58019,1446379,3367,13100,454001,plants,kg/m2,MOR,
2759,33090,35493,131221,3398,38820,4479,66017,547049,plants,kg/m2,POP,
2759,33090,35493,131221,3398,16360,4454,4459,4460,plants,mg/l,POP,
2759,33090,35493,131221,3398,4069,4118,4119,1580154,plants,kg/m2,POP,
2759,33090,35493,131221,3398,38820,4479,4554,560841,plants,kg/m2,POP,
2759,33090,35493,131221,3398,38820,4479,37562,240436,plants,kg/m2,POP,
2759,33090,35493,131221,3398,4036,4037,40921,2849586,plants,mg/l,GRO,
2759,33208,6656,6657,6658,6659,91592,91583,91584,crustaceans,mg/l,MOR,47.99999999999999
2759,33090,3041,,3166,35491,52675,302392,302393,algae,mg/l,POP,96.0
2759,33208,7711,89593,186623,8075,69128,69133,69134,fish,mg/l,MOR,96.0
2759,33208,7711,89593,186623,1489940,30875,1161366,1161369,fish,mg/l,MOR,96.0
2759,33208,6656,6657,6658,84337,77757,362306,1317713,crustaceans,mg/l,MOR,47.99999999999999
2759,,,,2870,3009,3010,3011,87150,algae,mg/l,POP,96.0
2759,33090,3041,,75966,35460,3070,120746,402398,algae,mg/l,POP,96.0
2759,,,,3027,589350,2896,3030,1165304,algae,mg/l,POP,96.0
2759,33208,6656,6657,6658,84337,77713,362317,1917096,crustaceans,mg/l,MOR,47.99999999999999
2759,33208,10190,,2816136,84394,96444,96445,1213213,rotifers,mg/l,MOR,
2759,33208,10190,,2816136,84394,96444,96445,1471631,rotifers,mg/l,MOR,
2759,33208,10190,,2816136,84394,96444,96445,96446,rotifers,mg/l,MOR,
2759,33208,10190,,2816136,84394,10193,360687,360688,rotifers,mg/l,MOR,
2759,33208,6656,6657,6658,84337,77713,1828517,489928,crustaceans,mg/l,MOR,47.99999999999999
2759,33208,7711,89593,8504,8509,66056,105721,1389230,reptiles,mg/kg,MOR,
2759,33208,6656,6960,50557,30263,177837,2566670,2566671,insects,mg/l,GRO,
2759,33208,7711,89593,8292,8293,8314,339868,8324,amphibians,mg/l,MOR,
2759,4751,4890,147538,147548,5178,47743,47747,2082293,fungi,mg/l,POP,
2759,33208,6656,6843,6854,6893,74973,181846,336590,insects,mg/l,MOR,
2759,33090,35493,131221,3398,38820,4479,38413,330869,plants,kg/m2,POP,
2759,33090,35493,131221,3398,38820,4479,58090,946621,plants,kg/m2,POP,
2759,33090,35493,131221,3398,38820,4609,13398,312730,plants,kg/m2,POP,
2759,33208,6656,6960,50557,7147,7211,28620,28621,insects,ppm,MOR,
2759,33090,35493,131221,3398,403667,3602,2304148,149353,plants,kg/m2,POP,
2759,33090,35493,131221,3398,72025,3803,49818,49825,plants,kg/m2,POP,
2759,33090,35493,131221,3398,4143,91896,36747,53590,plants,kg/m2,POP,
2759,33090,35493,131221,3398,3524,3615,3620,46087,plants,kg/m2,POP,
2759,33090,35493,131221,3398,4667,4677,4688,84049,plants,kg/m2,GRO,
2759,33090,35493,131221,3398,3744,3745,23216,59499,plants,kg/m2,POP,
2759,33090,35493,131221,3398,3744,3745,23216,59496,plants,kg/m2,POP,
2759,33090,35493,131221,3398,41945,4345,13538,73102,plants,kg/m2,POP,
2759,33090,35493,131221,241806,3268,29607,3278,3279,plants,kg/m2,GRO,
2759,33090,35493,131221,58019,1446379,3367,3315,3316,plants,kg/m2,MOR,
2759,33208,6656,6960,50557,7524,27482,224525,330452,insects,kg/m2,POP,
2759,33090,35493,131221,3398,3744,3745,193297,661339,plants,kg/m2,POP,
2759,33090,35493,131221,3398,38820,4479,376114,388728,plants,kg/m2,POP,
2759,33090,35493,131221,3398,41938,39987,142700,360599,plants,kg/m2,POP,
2759,33090,35493,131221,241806,3268,32084,32087,32088,plants,kg/m2,POP,
2759,33090,35493,131221,3398,40551,4710,77338,348460,plants,kg/m2,GRO,
2759,33090,35493,131221,3398,40551,4710,145705,292781,plants,kg/m2,GRO,
2759,33090,35493,131221,3398,40551,4710,292694,292695,plants,kg/m2,GRO,
2759,33090,35493,131221,3398,40551,4710,77338,348465,plants,kg/m2,GRO,
2759,33090,35493,131221,3398,40551,4710,131297,145709,plants,kg/m2,GRO,
2759,33090,35493,131221,3398,40551,4710,115519,290277,plants,kg/m2,GRO,
2759,33090,35493,131221,3398,72025,3803,48130,252450,plants,kg/m2,POP,
2759,33090,35493,131221,3398,4209,4210,72977,481941,plants,kg/m2,POP,
2759,33090,35493,131221,3398,4209,4210,59293,691052,plants,kg/m2,POP,
2759,33208,7711,89593,8292,8342,218469,104074,104075,amphibians,mg/l,MOR,
2759,33208,7711,89593,186623,76071,47757,8089,183150,fish,mg/l,MOR,96.0
2759,33090,35493,131221,3398,4667,4703,49656,1045151,plants,kg/m2,POP,
2759,33090,35493,131221,3398,91883,4294,4295,146503,plants,kg/m2,POP,
2759,33090,35493,131221,3398,3432,3433,3434,251262,plants,kg/m2,GRO,
2759,33090,35493,131221,3398,41945,4335,59981,2511804,plants,kg/m2,POP,
2759,33090,35493,131221,3398,72025,3803,468162,3091588,plants,kg/m2,POP,
2759,33090,35493,131221,3398,3524,3536,3540,146096,plants,mg/kg,GRO,
2759,33090,35493,131221,3398,72025,3803,468162,138019,plants,kg/m2,POP,
2759,33090,35493,131221,3398,41938,3629,93771,93772,plants,kg/m2,POP,
2759,33090,35493,131221,3398,72025,3803,148684,196645,plants,kg/m2,POP,
2759,33090,35493,131221,3398,38820,4479,49771,366481,plants,kg/m2,POP,
2759,33090,35493,131221,3398,4209,4210,41574,71044,plants,kg/m2,POP,
2759,33090,35493,131221,3398,41943,4027,4028,1981226,plants,kg/m2,POP,
2759,33090,35493,131221,3398,4143,156152,43170,309346,plants,kg/m2,POP,
2759,33090,35493,131221,3398,4209,4210,59293,471149,plants,kg/m2,POP,
2759,33090,35493,131221,3398,38820,4479,1662283,1030356,plants,kg/m2,POP,
2759,33090,35493,131221,3398,3524,3593,106975,176270,plants,kg/m2,MOR,
2759,33090,35493,131221,3398,3524,3593,106975,446151,plants,kg/m2,MOR,
2759,33090,35493,131221,3398,38820,4479,4587,4589,plants,kg/m2,POP,
2759,33090,35493,131221,3398,3699,3700,76872,93890,plants,kg/m2,GRO,
2759,33090,35493,131221,3398,41944,3934,3935,238265,plants,kg/m2,POP,
2759,33090,35493,131221,3398,4209,4210,41574,91257,plants,kg/m2,POP,
2759,33090,35493,131221,3398,4143,156152,69923,265151,plants,kg/m2,POP,
2759,33090,35493,131221,3398,4209,4210,128717,2741199,plants,kg/m2,POP,
2759,33090,35493,131221,3398,3646,3977,100370,504260,plants,kg/m2,POP,
2759,33090,35493,131221,3398,3744,3499,3500,3501,plants,kg/m2,POP,
2759,33208,6656,6960,50557,7524,36152,472024,472025,insects,%,POP,
2759,33090,35493,131221,3398,72025,3803,468162,205076,plants,kg/m2,POP,
2759,33090,35493,131221,3398,3524,3593,106975,867486,plants,kg/m2,MOR,
2759,33090,35493,131221,3398,41945,19955,13492,37488,plants,kg/m2,POP,
2759,33090,35493,131221,3398,3646,3688,40685,470278,plants,kg/m2,GRO,
2759,33090,35493,131221,3398,41945,4345,49149,49152,plants,kg/m2,POP,
2759,33090,35493,131221,3398,41945,4345,49149,49150,plants,kg/m2,POP,
2759,33090,35493,131221,3398,3400,3401,3402,3412,plants,kg/m2,GRO,
2759,33090,35493,131221,3398,73496,4668,4678,4683,plants,kg/m2,GRO,
2759,33090,35493,131221,3398,41945,3623,3624,64478,plants,mg/l,GRO,
2759,33090,35493,131221,3398,41945,3623,3624,165713,plants,mg/l,GRO,
2759,33090,35493,131221,3398,41945,3623,3624,165712,plants,mg/l,GRO,
2759,33090,35493,131221,3398,41945,3623,3624,64480,plants,mg/l,GRO,
2759,,,,2870,3009,3014,3015,127578,algae,mg/l,POP,96.0
2759,33208,6656,6960,50557,7516,7520,7521,310653,insects,mg/l,MOR,
2759,33090,35493,131221,304574,204509,3146,3148,2304541,plants,mg/l,POP,
2759,33090,35493,131221,3398,403667,3602,3603,103351,plants,kg/m2,POP,
2759,4751,4890,147538,147541,92860,28556,91493,93612,fungi,kg/m2,POP,
2759,4751,4890,147538,147541,92860,28556,5598,216836,fungi,kg/m2,POP,
2759,33090,3041,,33103,3183,35436,162072,221846,algae,mg/l,POP,96.0
2759,33090,3041,,33103,3113,153902,153903,153904,algae,mg/l,POP,96.0
2759,,2763,,2806,31399,2026933,70837,70838,algae,mg/l,POP,96.0
2759,33208,6656,6960,50557,7041,27439,27440,226836,insects,kg/m2,POP,
2759,33208,7711,89593,8292,8342,8343,8350,8351,amphibians,mg/l,MOR,
2759,33208,7711,89593,8292,8342,8418,374069,150711,amphibians,mg/l,MOR,
2759,33208,7711,89593,8292,8342,8372,8377,218685,amphibians,mg/l,MOR,
2759,33090,35493,131221,3398,72025,3803,3894,3895,plants,kg/m2,POP,
2759,4751,4890,147538,147541,92860,221678,1892769,1892770,fungi,kg/m2,POP,
2759,33090,35493,131221,3398,3744,3745,637889,32239,plants,kg/m2,POP,
2759,33208,7711,89593,8292,8342,8372,8377,364765,amphibians,mg/l,MOR,
2759,33090,35493,131221,3398,4209,4210,189210,189211,plants,kg/m2,POP,
2759,33090,35493,131221,3398,38820,4609,4610,1077519,plants,kg/m2,POP,
2759,33090,35493,131221,3398,3646,3977,3990,1158073,plants,kg/m2,POP,
2759,33090,35493,131221,3398,3646,3977,3990,318062,plants,kg/m2,POP,
2759,33090,35493,131221,3398,71243,4033,4034,212256,plants,kg/m2,POP,
2759,33090,35493,131221,3398,3646,233880,3067304,293057,plants,kg/m2,POP,
2759,33090,35493,131221,3398,4143,156152,26867,589153,plants,kg/m2,POP,
2759,33090,35493,131221,3398,3744,3608,106657,106658,plants,kg/m2,GRO,
2759,33090,35493,131221,58019,1446378,25664,25666,34341,plants,kg/m2,POP,
2759,33090,35493,131221,3398,73496,40552,4685,272853,plants,kg/m2,GRO,
2759,33090,35493,131221,3398,4036,4050,2915487,52501,plants,kg/m2,GRO,
2759,33090,35493,131221,3398,41944,3931,119950,119951,plants,kg/m2,GRO,
2759,33090,35493,131221,3398,4055,24966,25227,43503,plants,kg/m2,POP,
2759,33090,35493,131221,3398,40551,4710,115490,115492,plants,kg/m2,GRO,
2759,33090,35493,131221,3398,41937,23513,43710,43711,plants,kg/m2,GRO,
2759,33090,35493,131221,58019,1446378,3362,3363,58043,plants,kg/m2,POP,
2759,33090,35493,131221,3398,41937,23513,76950,76974,plants,kg/m2,GRO,
2759,33090,35493,131221,3398,4209,16472,41564,41565,plants,mg/l,GRO,
2759,33090,35493,131221,3398,3744,3745,3754,32242,plants,kg/m2,POP,
2759,33090,35493,131221,3398,41944,3934,13054,470570,plants,kg/m2,POP,
2759,33090,35493,131221,3398,4143,4136,48385,48386,plants,kg/m2,POP,
2759,33208,7711,89593,186623,7991,7992,7993,1053555,fish,mg/l,MOR,96.0
2759,33090,35493,131221,3398,4143,4136,49990,347388,plants,kg/m2,POP,
2759,33090,35493,131221,3398,41944,3931,87658,87660,plants,kg/m2,GRO,
2759,33090,35493,131221,3398,41944,3931,3932,468242,plants,kg/m2,GRO,
2759,33090,35493,131221,3398,72025,3803,3808,420411,plants,kg/m2,POP,
2759,33208,7711,89593,186623,1489878,166784,284584,284583,fish,mg/l,MOR,96.0
2759,33208,6656,6657,6658,6659,37892,37893,577406,crustaceans,mg/l,MOR,47.99999999999999
2759,33090,35493,131221,3398,3744,3745,144561,193309,plants,kg/m2,POP,
2759,33208,6656,6960,50557,7399,32417,198337,1569972,insects,kg/m2,MOR,
2759,33208,6656,6960,50557,7399,7458,166417,398114,insects,mg/org,MOR,
2759,33208,7711,89593,40674,9362,9376,9379,62898,other mammals,mg/kg,MOR,
2759,33208,7711,89593,40674,9989,55153,13712,45474,rodents,mg/kg,MOR,
2759,33208,7711,89593,40674,9989,55153,13712,45468,rodents,mg/kg,MOR,
2759,33090,35493,131221,3398,4143,4144,24208,150405,plants,kg/m2,GRO,
2759,4751,4890,147538,147548,5178,2316155,38037,38038,fungi,mg/l,POP,
2759,4751,4890,147538,147541,92860,28556,5027,53484,fungi,kg/m2,POP,
2759,33208,6340,,42113,2803884,6392,1046379,1046380,worms,mg/kg soil,MOR,
2759,4751,5204,29000,162484,5258,54204,2234120,181123,fungi,kg/m2,POP,
2759,33090,35493,131221,3398,4209,24579,49613,482969,plants,mg/l,GRO,
2759,33090,35493,131221,3398,4055,4056,60092,185238,plants,kg/m2,POP,
2759,33090,35493,131221,3398,4143,156152,26867,113209,plants,kg/m2,POP,
2759,33090,35493,131221,3398,4209,4210,4219,86309,plants,kg/m2,POP,
2759,33090,35493,131221,3398,3699,3700,71353,71354,plants,kg/m2,GRO,
2759,33208,6656,6960,50557,7399,108385,163151,297830,insects,mg/l,MOR,
2,1783272,1117,,3028117,1150,1892254,1198,402772,cyanobacteria,mg/l,POP,96.0
2759,4751,4890,147538,147541,2726947,93133,29002,215457,fungi,kg/m2,POP,
2759,33090,35493,131221,3398,38820,4479,37874,796700,plants,kg/m2,POP,
2759,33090,35493,131221,3398,41937,23513,2706,159033,plants,kg/m2,GRO,
2759,4751,4890,147538,147550,1028384,681950,5455,27357,fungi,kg/m2,POP,
2759,33090,35493,131221,3398,38820,4479,37562,240450,plants,kg/m2,POP,
2759,33090,35493,131221,3398,38820,4479,4605,1234500,plants,kg/m2,POP,
2759,33090,35493,131221,3398,16360,4454,74663,174187,plants,mg/l,POP,
2759,,2836,,33849,97224,97225,1115532,1115533,algae,mg/l,POP,96.0
2759,33090,35493,131221,3398,261007,4422,4423,4424,plants,mg/l,GRO,
2759,33208,7711,89593,8292,8342,8418,8421,348533,amphibians,mg/l,MOR,
2759,33090,35493,131221,3398,16360,26319,26336,432378,plants,mg/l,GRO,
2759,33090,35493,131221,3398,16360,16362,13228,1502848,plants,mg/l,GRO,
2759,33090,35493,131221,3398,16360,4449,4450,353109,plants,kg/m2,GRO,
2759,33090,35493,131221,3398,41946,24945,24952,434565,plants,mg/l,GRO,
2759,33090,35493,131221,3398,16360,16362,13228,16364,plants,mg/l,GRO,
2759,4751,4890,147538,147541,92860,28556,5598,29911,fungi,kg/m2,POP,
2759,33090,35493,131221,3398,38820,4479,38697,1704223,plants,kg/m2,POP,
2759,33090,35493,131221,3398,38820,4479,158106,416045,plants,kg/m2,POP,
2759,33090,35493,131221,3398,3502,16714,16718,91214,plants,mg/l,GRO,
2759,33090,35493,131221,3398,4209,4210,42336,171344,plants,kg/m2,POP,
2759,33208,7711,89593,40674,9397,9415,9416,27634,other mammals,mg/kg,MOR,
2759,4751,5204,452284,5257,5267,5268,5269,307781,fungi,mg/l,POP,
2759,33090,35493,131221,3372,3374,3375,3376,3377,plants,mg/l,POP,
2,1783272,1117,,3028117,1150,1892252,54304,59512,cyanobacteria,mg/l,POP,96.0
2759,33090,35493,131221,3398,38820,4479,66017,173842,plants,kg/m2,POP,
2759,33090,35493,131221,3398,41945,4345,95629,95630,plants,kg/m2,POP,
2759,33090,35493,131221,3398,3524,4360,4363,173423,plants,kg/m2,GRO,
2759,33090,35493,131221,3398,38820,4609,46326,100292,plants,kg/m2,POP,
2759,33090,35493,131221,3398,38820,4609,46326,76438,plants,kg/m2,POP,
2759,33090,35493,131221,3398,40548,114201,114203,114204,plants,%,POP,
2759,33090,35493,131221,3398,38820,4609,46332,241642,plants,kg/m2,POP,
2759,33090,35493,131221,3398,41945,4345,13749,516948,plants,kg/m2,POP,
2759,33090,35493,131221,3398,41945,4353,4358,45176,plants,%,MOR,
2759,33090,35493,131221,3398,38820,4609,76500,110309,plants,kg/m2,POP,
2759,33090,35493,131221,3398,38820,4609,46324,110283,plants,kg/m2,POP,
2759,33090,35493,131221,3398,4055,24966,35916,1475013,plants,kg/m2,POP,
2759,33090,35493,131221,3398,4055,4056,63501,429301,plants,kg/m2,POP,
2759,33208,7711,89593,8292,8342,8397,8399,156871,amphibians,mg/l,MOR,
2759,33090,35493,131221,3398,3646,22118,13511,289672,plants,kg/m2,GRO,
2759,33090,35493,131221,3398,72025,3803,3867,347996,plants,kg/m2,POP,
2759,33090,35493,131221,3398,4199,4200,49606,51255,plants,kg/m2,POP,
2759,33208,7711,89593,8292,8342,8418,2023954,318334,amphibians,mg/l,MOR,
2759,33090,35493,131221,3398,38820,4479,66011,314391,plants,kg/m2,POP,
2759,33090,35493,131221,3398,3524,1804623,240058,330163,plants,kg/m2,POP,
2759,33090,35493,131221,3398,38820,4479,80368,80369,plants,kg/m2,POP,
2759,33208,7711,89593,186623,41872,8189,8190,426484,fish,mg/l,MOR,96.0
2759,33208,7711,89593,186623,,30870,259702,259703,fish,mg/l,MOR,96.0
2759,33090,35493,131221,3398,4069,4118,47518,267568,plants,kg/m2,POP,
2759,33208,6656,6657,72037,6833,163474,163475,213326,crustaceans,mg/l,MOR,47.99999999999999
2759,33090,35493,131221,3398,41937,23672,4022,66207,plants,kg/m2,GRO,
2759,33090,35493,131221,3398,3744,3745,23216,75100,plants,kg/m2,POP,
2759,33090,35493,131221,3398,3646,3688,40685,706668,plants,kg/m2,GRO,
2759,33090,35493,131221,3398,3524,3568,146094,146095,plants,kg/m2,POP,
2759,33090,35493,131221,3398,3524,1804623,454497,454499,plants,kg/m2,POP,
2759,33090,35493,131221,3398,41938,3629,139631,2071544,plants,kg/m2,POP,
2759,33090,35493,131221,3398,4143,4136,21880,39367,plants,kg/m2,POP,
2759,33090,35493,131221,3398,3699,3700,3720,70124,plants,kg/m2,GRO,
2759,33090,35493,131221,3398,72025,3803,77316,90550,plants,kg/m2,POP,
2759,33090,35493,131221,3398,41937,23513,2706,200541,plants,kg/m2,GRO,
2759,33090,35493,131221,3398,3524,3615,3618,1006352,plants,kg/m2,POP,
2759,33090,35493,131221,3398,4069,4118,4119,2607178,plants,kg/m2,POP,
2759,33090,35493,131221,3398,4069,4118,4119,2613417,plants,kg/m2,POP,
2759,33090,35493,131221,3398,4209,4210,102762,102766,plants,kg/m2,POP,
2759,33090,35493,131221,3398,38820,4479,110910,160564,plants,kg/m2,POP,
2759,33090,35493,131221,3398,4055,21472,50750,172069,plants,kg/m2,GRO,
2759,33090,35493,131221,3398,41946,24945,434502,434522,plants,mg/l,GRO,
2759,33090,35493,131221,3398,72025,3803,53884,53885,plants,kg/m2,POP,
2759,33090,35493,131221,3398,4209,4210,58643,58656,plants,kg/m2,POP,
2759,33090,35493,131221,3398,38820,4479,79826,79827,plants,kg/m2,POP,
2759,4751,1913637,214504,214506,3059595,3025479,27375,937382,fungi,mg/kg soil,POP,
2759,33090,35493,131221,3398,38820,4479,15492,145778,plants,kg/m2,POP,
2759,33090,35493,131221,3398,73496,40552,39523,49707,plants,kg/m2,GRO,
2759,33090,35493,131221,3398,73496,26339,26378,34216,plants,kg/m2,GRO,
2759,33090,35493,131221,3398,4143,156152,4173,1483391,plants,kg/m2,POP,
2759,33090,35493,131221,3398,41944,3931,106047,295139,plants,kg/m2,GRO,
2759,33090,35493,131221,3398,38820,4609,13398,291486,plants,kg/m2,POP,
2759,33090,35493,131221,3398,41938,3629,288298,288300,plants,kg/m2,POP,
2759,33090,35493,131221,3398,38820,4479,1502360,58285,plants,kg/m2,POP,
2759,33090,35493,131221,3398,3502,3514,12989,12990,plants,kg/m2,GRO,
2759,33090,35493,131221,3398,3744,3745,36601,2906878,plants,kg/m2,POP,
2759,33090,35493,131221,3398,233875,4305,4306,123417,plants,kg/m2,GRO,
2759,33090,35493,131221,3398,3744,3608,3609,3610,plants,kg/m2,GRO,
2759,33090,35493,131221,3398,4199,4206,4204,237945,plants,kg/m2,GRO,
2759,4751,5204,5302,155619,139380,40424,175660,2282107,fungi,ppm,POP,
2759,4751,5204,5302,155619,5303,378266,81053,219653,fungi,ppm,POP,
2759,4751,4890,147538,147550,37989,37990,109377,110526,fungi,ppm,POP,
2759,4751,4890,147538,147550,37989,37990,77043,82694,fungi,ppm,POP,
2759,33208,6656,6960,50557,7399,7489,7490,114056,insects,mg/l,MOR,
2759,33090,35493,131221,3398,3744,3745,36607,690308,plants,kg/m2,POP,
2759,,,,2864,33835,1691972,79897,79898,algae,mg/l,POP,96.0
2759,33208,6656,6657,6681,6683,6731,1412109,1412110,crustaceans,mg/l,MOR,47.99999999999999
2759,33090,35493,131221,58019,1446380,3318,3319,46611,plants,kg/m2,GRO,
2759,33208,6656,6960,50557,7147,7149,82133,403562,insects,mg/l,MOR,
2759,33208,6656,6843,6854,6935,6939,34625,266040,insects,%,MOR,
2759,33208,6656,6960,50557,7516,7520,373816,1805595,insects,mg/l,MOR,
2759,33208,6656,6960,50557,7524,38124,30093,1778831,insects,mg/l,MOR,
2759,,2836,,33836,265576,49236,49237,265525,algae,mg/l,POP,96.0
2759,33208,6656,6657,72037,6833,163470,749187,749188,crustaceans,mg/l,MOR,47.99999999999999
2759,4751,4890,147538,147548,5178,,54696,54697,fungi,,POP,
2759,33208,6656,6960,50557,7147,7211,27456,104688,insects,ppm,MOR,
2759,33208,6656,6960,50557,7516,7520,373816,373818,insects,mg/l,MOR,
2759,33208,7711,89593,8782,8906,8910,8911,35669,birds,mg/kg,MOR,
2759,33090,35493,131221,3398,3699,3700,19205,153317,plants,kg/m2,GRO,
2759,33090,35493,131221,3398,72025,3803,20400,2069402,plants,kg/m2,POP,
2759,33090,35493,131221,3398,4055,24966,25168,35896,plants,kg/m2,POP,
2759,33090,35493,131221,3398,3744,3745,3761,148890,plants,kg/m2,POP,
2759,33090,35493,131221,3398,3646,4004,4005,35941,plants,kg/m2,GRO,
2759,33090,35493,131221,3398,4143,91896,43172,48553,plants,kg/m2,POP,
2759,33090,35493,131221,3398,72025,3803,20802,20805,plants,kg/m2,POP,
2759,33090,35493,131221,3398,4209,4210,59293,199521,plants,kg/m2,POP,
2759,33090,35493,131221,3398,4199,4200,13701,318448,plants,kg/m2,POP,
2759,33090,35493,131221,3398,4209,4210,72977,526931,plants,kg/m2,POP,
2759,33090,35493,131221,3398,41768,3440,46968,46973,plants,kg/m2,POP,
2759,33090,35493,131221,3398,4739,4740,4741,428263,plants,kg/m2,POP,
2759,33090,35493,131221,3398,4209,4210,4219,86312,plants,kg/m2,POP,
2759,33090,35493,131221,3398,3699,3700,71323,71324,plants,kg/m2,GRO,
2759,33090,35493,131221,3398,4209,4210,4235,75952,plants,kg/m2,POP,
2759,33090,35493,131221,3398,4209,4210,50190,50192,plants,kg/m2,POP,
2759,33090,35493,131221,3398,4209,4210,13730,45322,plants,kg/m2,POP,
2759,33090,35493,131221,3398,4143,21910,22002,39417,plants,kg/m2,MOR,
2759,33090,35493,131221,3398,38820,4479,38730,33108,plants,kg/m2,POP,
2759,33090,35493,131221,3398,41768,3440,3137121,1077387,plants,kg/m2,POP,
2759,33090,35493,131221,3398,4055,4056,21199,528306,plants,kg/m2,POP,
2759,33090,35493,131221,3398,72025,3803,20400,1552224,plants,kg/m2,POP,
2759,33090,35493,131221,3398,72025,3803,20400,1234497,plants,kg/m2,POP,
2759,33090,35493,131221,3398,4209,4210,41574,91296,plants,kg/m2,POP,
2759,33090,35493,131221,3398,3744,3745,3764,267231,plants,kg/m2,POP,
2759,33090,35493,131221,3398,38820,4609,13398,912382,plants,kg/m2,POP,
2759,33090,35493,131221,3398,38820,4609,13398,69855,plants,kg/m2,POP,
2759,33090,35493,131221,3398,38820,4479,15492,1350039,plants,kg/m2,POP,
2759,33090,35493,131221,3398,4209,4210,4219,72332,plants,kg/m2,POP,
2759,33090,35493,131221,3398,4209,4210,13464,1111102,plants,kg/m2,POP,
2759,33090,35493,131221,3398,4209,4210,53747,308558,plants,kg/m2,POP,
2759,33090,35493,131221,3398,4209,4210,72934,72935,plants,kg/m2,POP,
2759,33090,35493,131221,3398,4209,4210,4231,73297,plants,kg/m2,POP,
2759,33090,35493,131221,3398,4209,4381,4382,368688,plants,kg/m2,POP,
2759,33090,35493,131221,3398,4209,4381,4382,1441989,plants,kg/m2,POP,
2759,33090,35493,131221,3398,4143,4136,260602,932105,plants,kg/m2,POP,
2759,33090,35493,131221,3398,4143,156152,74694,165346,plants,kg/m2,POP,
2759,33090,35493,131221,3398,3744,3745,3131914,57926,plants,kg/m2,POP,
2759,33090,35493,131221,3398,3744,3745,23204,57931,plants,kg/m2,POP,
2759,33090,35493,131221,3398,3524,3568,3573,39899,plants,kg/m2,POP,
2759,33090,35493,131221,3398,4143,4136,53171,1060938,plants,kg/m2,POP,
2759,33090,35493,131221,3398,4209,4210,99105,128002,plants,kg/m2,POP,
2759,33090,35493,131221,3398,38820,4479,4501,254136,plants,kg/m2,POP,
2759,33090,35493,131221,3398,38820,4609,13398,69871,plants,kg/m2,POP,
2759,33090,35493,131221,3398,38820,4609,13398,912472,plants,kg/m2,POP,
2759,33090,35493,131221,3398,73496,4668,4678,74901,plants,kg/m2,GRO,
2759,33090,35493,131221,3398,4209,4210,4231,382521,plants,kg/m2,POP,
2759,33090,35493,131221,3398,41945,4335,59977,306301,plants,kg/m2,POP,
2759,33090,35493,131221,3398,4209,4210,59293,471153,plants,kg/m2,POP,
2759,33090,35493,131221,3398,41768,3440,3445,286968,plants,kg/m2,POP,
2759,33090,35493,131221,241806,3255,3256,3257,223814,plants,kg/m2,POP,
2759,33090,35493,131221,3398,4209,4210,71045,1114761,plants,kg/m2,POP,
2759,33090,35493,131221,3398,4209,4210,4231,4233,plants,kg/m2,POP,
2759,33090,35493,131221,3398,1538097,21571,203739,1288202,plants,kg/m2,GRO,
2759,33090,35493,131221,3398,3699,3700,19205,153358,plants,kg/m2,GRO,
2759,33090,35493,131221,3398,4143,4149,39257,39388,plants,kg/m2,GRO,
2759,33090,35493,131221,3398,38820,4479,15376,2030674,plants,kg/m2,POP,
2759,33090,35493,131221,3398,38820,14101,13578,308392,plants,kg/m2,POP,
2759,33090,35493,131221,3398,38820,14101,13578,932104,plants,kg/m2,POP,
2759,33090,35493,131221,3398,38820,4479,4544,269373,plants,kg/m2,POP,
2759,33208,6656,6960,50557,7147,7211,27456,174628,insects,ppm,MOR,
2759,33090,35493,131221,3398,4209,4210,13753,211149,plants,kg/m2,POP,
2759,33090,35493,131221,3398,38820,4609,13398,240669,plants,kg/m2,POP,
2759,33208,6656,6960,50557,30262,45053,1291282,1291283,insects,kg/m2,POP,
2759,33208,6656,6960,50557,7524,30190,249510,483260,insects,ppm,MOR,
2759,33208,6656,6960,50557,7088,268499,40084,1813784,insects,kg/m2,POP,
2759,33208,6656,6960,50557,7041,7042,166867,696734,insects,kg/m2,MOR,
2759,4751,4890,147538,147550,5139,5148,5140,40126,fungi,mg/l,POP,
2759,33208,6656,6843,6854,6935,6939,34619,34621,insects,%,MOR,
2759,33208,6656,6843,6854,6935,6936,6937,140564,insects,%,MOR,
2759,33208,6656,6960,50557,7147,43848,240871,1690317,insects,kg/m2,ITX,
2759,33208,6656,6960,50557,7147,7197,13203,29031,insects,kg/m2,MOR,
2759,33090,35493,131221,3398,4209,4210,102749,176616,plants,kg/m2,POP,
2759,33208,6656,6960,50557,7524,160513,1690042,1690043,insects,kg/m2,POP,
2759,33208,6656,6960,50557,7399,124286,124287,1437190,insects,mg/org,MOR,
2759,33208,6656,6960,50557,7524,30189,536004,1182648,insects,mg/l,POP,
2759,,,,2864,40984,1573500,2924,1565494,algae,mg/l,POP,96.0
2759,33090,3041,,3166,3042,3090,44649,1441382,algae,mg/l,POP,96.0
2759,4751,4890,147538,147550,1028384,681950,5455,27358,fungi,kg/m2,POP,
2759,4751,5204,452284,452283,5404,5405,5406,84745,fungi,kg/m2,POP,
2759,33090,35493,131221,3398,41945,27065,4441,4442,plants,mg/l,GRO,
2759,4751,4890,147538,147550,639021,81093,1491576,148304,fungi,mg/l,POP,
2759,33208,6231,,119089,6236,211154,288494,509922,worms,kg/m2,POP,
2759,33208,6656,6960,50557,7041,41094,3044603,2987466,insects,mg/l,MOR,
2759,4751,5204,452284,5257,5267,5268,63265,72558,fungi,mg/l,POP,
2759,4751,4890,147538,147541,92860,28556,5598,714880,fungi,kg/m2,POP,
2759,33090,35493,131221,3398,4199,4200,59165,59166,plants,kg/m2,POP,
2759,4751,4890,147538,147550,5125,474943,291363,93591,fungi,mg/l,POP,
2759,4751,5204,452284,5257,5267,5268,63265,49012,fungi,mg/l,POP,
2759,,2604748,,2779609,37357,37358,70185,70186,protozoans,kg/m2,POP,
2759,33090,35493,131221,3398,38820,4479,15367,15368,plants,kg/m2,POP,
2759,33208,7711,89593,186623,7995,31012,3162715,927907,fish,mg/l,MOR,96.0
2759,33208,6340,,42113,55818,55819,147107,147127,worms,mg/l,POP,
2759,33090,35493,131221,1521260,3244,3245,3246,88036,plants,mg/l,GRO,
2759,33208,7711,89593,186623,1489911,8113,8139,47969,fish,mg/l,MOR,96.0
2759,33208,6157,,37945,2486284,116933,142931,2034989,worms,mg/l,MOR,
2759,33208,7711,89593,186623,1489940,71672,71673,673786,fish,mg/l,MOR,96.0
2759,33208,6157,,37945,2486285,66919,66921,160838,worms,ppm,POP,
2759,33208,6157,,37945,2486291,66915,82872,82873,worms,ppm,POP,
2759,4751,4890,147538,147545,5042,1131492,5052,1405805,fungi,mg/l,POP,
2759,4751,4890,147538,147550,5592,5593,40374,561152,fungi,ppm,POP,
2759,4751,4890,147538,147545,5042,1131492,5052,396024,fungi,mg/l,POP,
2759,4751,4890,147538,147545,5042,1131492,5052,182096,fungi,mg/l,POP,
2759,4751,4890,147538,147545,5042,1131492,5073,60172,fungi,mg/l,POP,
2759,4751,6029,,,,27970,27971,646526,fungi,ppm,POP,
2759,33208,6157,,6178,27871,138579,197560,240278,worms,ppm,MOR,
2759,33208,6157,,37945,2486285,66919,181599,280695,worms,ppm,POP,
2759,33208,7711,89593,186623,76071,47757,8089,291360,fish,mg/l,MOR,96.0
2759,4751,5204,29000,162484,5258,106328,27353,60197,fungi,mg/l,POP,
2759,33208,7711,89593,186623,7991,7986,1925018,327003,fish,mg/l,MOR,96.0
2759,33208,6656,6960,50557,7147,7211,27456,137042,insects,ppm,MOR,
2759,,,,3027,589342,589344,37096,3127097,algae,mg/l,POP,96.0
2759,33090,35493,131221,3398,4069,4070,4085,4100,plants,kg/m2,GRO,
2759,33208,6656,6843,6854,34634,34636,84386,2904228,insects,mg/l,MOR,
2759,33090,35493,131221,3398,3646,233880,3067300,296036,plants,kg/m2,POP,
2759,33090,35493,131221,3398,4069,4070,126908,126910,plants,kg/m2,GRO,
2759,33208,6656,6960,50557,7088,7139,82599,1100964,insects,kg/m2,MOR,
2759,4751,4890,147538,147541,92860,28556,33194,131371,fungi,kg/m2,POP,
2759,33208,6656,6843,6854,34634,34636,84386,1108798,insects,mg/l,MOR,
2759,33208,6157,,6178,6193,6196,6197,147828,worms,mg/l,MOR,
2759,33090,35493,131221,3398,72025,3803,3831,3832,plants,kg/m2,POP,
2759,4751,4890,147538,147541,92860,683158,5453,372025,fungi,kg/m2,POP,
2759,33090,35493,131221,241806,3268,29607,32118,32119,plants,kg/m2,GRO,
2759,4751,4890,147538,147541,92860,28556,5598,160392,fungi,kg/m2,POP,
2759,4751,4890,147538,147550,252166,72984,40615,1646525,fungi,mg/kg,POP,
2759,33208,6231,,119089,6236,2301471,37861,246406,worms,kg/m2,MOR,
2759,33208,6656,6960,50557,7399,7489,7490,321859,insects,mg/l,MOR,
2759,4751,4890,147538,147550,5125,5129,73504,491253,fungi,mg/l,POP,
2759,33208,6447,,6448,2315723,6451,6452,36097,mollusks,mg/l,MOR,
2759,33208,6656,6960,50557,7399,29051,355410,2058190,insects,kg/m2,MOR,
2759,,5719,,,740972,740973,135587,135588,unmapped,mg/l,POP,
2759,33208,6656,6960,50557,7399,7402,37852,77490,insects,mg/l,MOR,
2759,33208,6656,6960,50557,7088,27544,13697,709199,insects,kg/m2,POP,
2759,33208,6656,6960,50557,7399,108385,32399,2067935,insects,mg/l,MOR,
2759,4751,4890,147538,147545,5042,1131492,5073,29844,fungi,mg/l,POP,
2759,33090,35493,131221,3398,4209,4210,13516,102777,plants,kg/m2,POP,
2759,33208,6656,6960,50557,7041,7042,202165,202166,insects,kg/m2,MOR,
2759,33090,35493,131221,3398,4069,4070,24646,112864,plants,kg/m2,GRO,
2759,33090,35493,131221,3398,3744,3608,1948874,73717,plants,kg/m2,GRO,
2759,33090,35493,131221,3398,38820,4479,433879,1986437,plants,kg/m2,POP,
2759,33090,35493,131221,3398,38820,4479,58090,798111,plants,kg/m2,POP,
2759,33090,35493,131221,3398,38820,4479,433903,433904,plants,kg/m2,POP,
2759,33090,35493,131221,3398,38820,4479,38730,1629760,plants,kg/m2,POP,
2759,33090,35493,131221,3398,38820,4479,433893,433861,plants,kg/m2,POP,
2759,33208,6656,6960,50557,7041,7042,2487550,2611488,insects,kg/m2,MOR,
2759,33208,6656,6960,50557,7041,7055,1261339,1714558,insects,kg/m2,POP,
2759,33208,6656,6960,50557,7088,98958,101740,101741,insects,kg/m2,MOR,
2759,33208,6656,6960,50557,7041,186089,1205669,2571507,insects,mg/l,MOR,
2759,33208,6656,6960,50557,7041,7042,77156,77160,insects,kg/m2,MOR,
2759,33208,6656,6960,50557,7041,7042,13024,238728,insects,kg/m2,MOR,
2759,33208,6656,6960,50557,7041,41073,62651,676030,insects,kg/m2,POP,
2759,33208,6656,6960,50557,7041,41073,1206024,1206025,insects,kg/m2,POP,
2759,33208,6656,6960,50557,7088,268499,581932,1511177,insects,kg/m2,POP,
2759,33208,6656,6960,50557,7041,50515,107847,183359,insects,mg/l,MOR,
2759,33208,6656,6960,50557,6961,126180,181491,411064,insects,mg/l,MOR,
2759,33208,6656,6960,50557,7524,236405,337904,881467,insects,mg/l,MOR,
2759,33090,35493,131221,3398,4209,4381,40568,209536,plants,kg/m2,POP,
2759,33090,35493,131221,3398,72025,3803,3853,3857,plants,kg/m2,POP,
2759,33090,35493,131221,3398,3744,3745,23216,75062,plants,kg/m2,POP,
2759,33090,35493,131221,3398,4209,4210,41552,212787,plants,kg/m2,POP,
2759,33090,35493,131221,3398,41938,40588,64579,340447,plants,mg/l,POP,
2759,33208,6656,6960,50557,7516,7520,76806,1492285,insects,mg/l,MOR,
2759,33208,6656,6960,50557,7516,7520,7521,413239,insects,mg/l,MOR,
2759,33208,6656,6960,50557,7524,82738,760238,1182301,insects,kg/m2,MOR,
2759,33208,6656,6960,50557,7399,36668,13685,411725,insects,kg/m2,POP,
2759,4751,4890,147538,147550,5125,474943,2996321,150359,fungi,mg/l,POP,
2759,33208,6656,6960,50557,30259,2545764,160150,209927,insects,mg/l,MOR,
2759,33208,6656,6960,50557,7399,108385,32399,119697,insects,mg/l,MOR,
2759,33208,6656,6960,50557,7399,7458,28655,596861,insects,mg/org,MOR,
2759,4751,4890,147538,147550,5125,34397,5529,1650735,fungi,ppm,POP,
2759,33208,6656,6960,50557,7088,7139,687136,690915,insects,kg/m2,MOR,
2759,33208,6656,6960,50557,7088,7139,7140,106495,insects,kg/m2,MOR,
2759,33208,6656,6843,6854,6893,34643,1405155,1405156,insects,kg/m2,MOR,
2759,33208,6656,6960,50557,7399,7458,166441,166442,insects,mg/org,MOR,
2759,33208,6656,6960,50557,7399,7458,28655,597192,insects,mg/org,MOR,
2759,33208,6656,6960,50557,7399,253718,421402,1774277,insects,kg/m2,MOR,
2759,33208,6656,6843,6854,6893,74973,74980,74994,insects,mg/l,MOR,
2759,33208,6656,6960,50557,7399,7402,42101,1563983,insects,mg/l,MOR,
2759,33208,6656,6960,50557,7147,29032,540900,2841621,insects,kg/m2,POP,
2759,33208,6656,6960,50557,7399,27524,173784,211228,insects,kg/m2,POP,
2759,33208,6656,6960,50557,7088,115354,228547,2720869,insects,mg/l,MOR,
2759,33208,6656,6960,50557,7088,7100,320073,1223490,insects,kg/m2,MOR,
2759,4751,4890,147538,147550,5125,5129,5543,337941,fungi,mg/l,POP,
2759,33090,35493,131221,3398,40551,4710,51952,51953,plants,kg/m2,GRO,
2759,33208,6656,6960,50557,7524,236450,369449,369450,insects,kg/m2,MOR,
2759,33208,6656,6657,6681,6683,6757,6760,85552,crustaceans,mg/l,MOR,47.99999999999999
2759,33208,6656,6657,6681,6821,36939,45625,732108,crustaceans,mg/l,MOR,47.99999999999999
2759,33208,6656,6960,50557,7041,50515,107868,2838143,insects,mg/l,MOR,
2759,33208,6656,6960,50557,7524,50616,236412,763221,insects,mg/l,MOR,
2759,33208,6656,6960,50557,6961,6964,126234,257042,insects,mg/l,MOR,
2759,33208,6656,6960,50557,7399,7458,166432,166433,insects,mg/org,MOR,
2759,33208,6447,,6544,47521,47526,1069814,1069815,mollusks,mg/l,MOR,
2759,33208,6656,6960,50557,7524,27482,80764,100479,insects,kg/m2,POP,
2759,33208,6656,6960,50557,50622,143699,143702,143703,insects,mg/l,MOR,
2759,33208,6656,6960,50557,50622,62802,143723,910623,insects,mg/l,MOR,
2759,33208,6447,,6544,47521,47526,378416,183411,mollusks,mg/l,MOR,
2759,33208,7711,89593,186623,7952,2743726,13476,87723,fish,mg/l,MOR,96.0
2759,33208,6656,6960,50557,7399,7458,57566,166444,insects,mg/org,MOR,
2759,33208,6656,6960,50557,7399,7458,28651,263364,insects,mg/org,MOR,
2759,33208,6656,6843,6854,6893,74973,93698,1955206,insects,mg/l,MOR,
2759,33208,6656,6843,6854,6893,93704,93705,1209937,insects,ppm,MOR,
2759,33208,6656,6843,6854,83136,32262,53989,381746,insects,mg/l,MOR,
2759,33208,6656,6960,50557,7088,82593,248898,248899,insects,mg/kg bw,MOR,
2759,33208,6231,,119089,6236,33253,34507,107218,worms,kg/m2,MOR,
2759,33208,6656,6960,50557,7041,7055,1075168,1075169,insects,kg/m2,POP,
2759,33208,6656,6960,50557,7524,27482,80764,1281368,insects,kg/m2,POP,
2759,33208,7711,89593,186623,7952,7953,116044,116045,fish,mg/l,MOR,96.0
2759,33208,6656,6960,50557,7041,7055,33393,1032692,insects,kg/m2,POP,
2759,33208,6656,6960,50557,7041,7055,33393,1916671,insects,kg/m2,POP,
2759,33208,7711,89593,40674,9397,186994,58068,186990,other mammals,mg/kg,MOR,
2759,33208,6656,6657,6681,6683,37850,99773,315725,crustaceans,mg/l,MOR,47.99999999999999
2759,33090,35493,131221,3398,38820,4609,4610,76430,plants,kg/m2,POP,
2759,33208,6656,6960,50557,7041,34667,320458,1971876,insects,%,MOR,
2759,33208,7711,89593,186623,1489907,30867,141263,141264,fish,mg/l,MOR,96.0
2759,4751,4890,147538,147550,5125,474942,42367,42368,fungi,mg/l,POP,
2759,33208,6656,6960,50557,7147,7149,7150,7156,insects,mg/l,MOR,
2759,33208,6656,6657,6681,6683,6713,94941,2493710,crustaceans,mg/l,MOR,47.99999999999999
2759,33208,6231,,119089,6236,6243,55799,288516,worms,mg/l,MOR,
2759,33208,6231,,119089,2044973,114910,49353,1807122,worms,mg/l,MOR,
2759,33208,6231,,119089,6236,33823,90723,1849034,worms,mg/l,MOR,
2759,33208,6656,6843,6854,6893,6895,29014,432528,insects,%,MOR,
2759,33208,6656,6657,6658,84337,77658,6668,42852,crustaceans,mg/l,MOR,47.99999999999999
2759,33208,7711,89593,8292,8293,8314,339868,256425,amphibians,mg/l,MOR,
2759,33090,35493,131221,3398,3524,3563,3564,28502,plants,kg/m2,POP,
2759,33208,7711,89593,8292,8342,685125,129020,129023,amphibians,mg/l,MOR,
2759,33208,6656,6960,50557,7088,98966,538957,940481,insects,kg/m2,POP,
2759,33208,6656,6960,50557,6961,6964,342752,342765,insects,mg/l,MOR,
2759,33208,6656,6960,50557,6961,6964,185824,185825,insects,mg/l,MOR,
2759,33208,6656,6960,50557,7088,7135,12984,1371672,insects,kg/m2,MOR,
2759,33208,6656,6960,50557,7524,30083,248453,248454,insects,kg/m2,POP,
2759,33208,6656,6960,50557,7524,36998,191327,656908,insects,kg/m2,MOR,
2759,33208,6656,6960,50557,7524,1545379,236614,1149918,insects,kg/m2,POP,
2759,33208,7711,89593,8292,8342,8418,2023954,279995,amphibians,mg/l,MOR,
2759,33208,7711,89593,8292,8342,8372,8377,1356044,amphibians,mg/l,MOR,
2759,33208,7711,89593,8292,8342,8382,651667,877509,amphibians,mg/l,MOR,
2759,33208,6157,,37945,2486286,37845,37846,83194,worms,mg/l,POP,
2759,33208,6656,6960,50557,7041,7080,420094,703269,insects,mg/l,MOR,
2759,33208,7711,89593,8292,8342,8343,8442,8443,amphibians,mg/l,MOR,
2759,33090,35493,131221,3398,71239,3650,3669,56866,plants,kg/m2,GRO,
2759,33090,35493,131221,58019,1446380,3318,3325,3327,plants,kg/m2,GRO,
2759,33090,35493,131221,3398,232378,4328,83698,188588,plants,kg/m2,GRO,
2759,33090,35493,131221,3398,232378,4328,83698,199781,plants,kg/m2,GRO,
2759,33090,35493,131221,3398,71239,3650,213598,387127,plants,kg/m2,GRO,
2759,33090,35493,131221,3398,4209,4210,102782,344074,plants,kg/m2,POP,
2759,33090,35493,131221,3398,41938,3629,3640,3641,plants,kg/m2,POP,
2759,33208,7711,89593,186623,7952,2743745,75351,75352,fish,mg/l,MOR,96.0
2759,33208,7711,89593,186623,28738,28758,33525,33526,fish,mg/l,MOR,96.0
2759,33208,7711,89593,186623,41712,31091,112144,112145,fish,mg/l,MOR,96.0
2759,33090,35493,131221,3398,16360,4449,4450,353093,plants,kg/m2,GRO,
2759,33090,3041,,3166,35491,3086,1144387,113532,algae,mg/l,POP,96.0
2759,33090,35493,131221,3398,16360,4454,4469,161101,plants,mg/l,POP,
2759,33090,35493,131221,3398,38820,4731,4732,59011,plants,mg/l,POP,
2759,33208,7711,89593,186623,1489931,8169,119749,119750,fish,mg/l,MOR,96.0
2759,33208,10205,,34517,,84414,84413,67896,cnidarians and bryozoans,mg/l,MOR,
2759,33208,7711,89593,186623,7991,30718,42562,42563,fish,mg/l,MOR,96.0
2759,33208,6157,,37945,2486286,37845,37846,607803,worms,mg/l,POP,
2759,33090,35493,131221,3398,16360,4454,78373,78374,plants,mg/l,POP,
2759,33208,7711,89593,186623,8111,8202,433404,433405,fish,mg/l,MOR,96.0
2759,,33682,,5653,2704648,,1291488,1037967,protozoans,,POP,
2759,33208,6231,,119089,6236,46683,46684,65462,worms,%,MOR,
2759,33208,7711,89593,8292,8342,8372,8377,302550,amphibians,mg/l,MOR,
2759,,5878,431837,194287,5957,219169,5962,5963,protozoans,mg/l,MOR,
2759,,5878,431838,33829,693921,57506,5948,5949,protozoans,mg/l,MOR,
2759,33090,3041,,3166,3042,35484,52027,52029,algae,mg/l,POP,96.0
2759,33208,6656,6960,50557,6961,70895,79456,1168641,insects,mg/l,MOR,
2,1783272,1117,,3028117,1161,1892259,198592,75695,cyanobacteria,ppm,POP,96.0
2759,33208,7711,89593,8292,8342,8418,374069,2738782,amphibians,mg/l,MOR,
2759,33090,35493,131221,3398,3699,3700,161755,651631,plants,kg/m2,GRO,
2759,33090,35493,131221,3398,3524,3563,221784,221785,plants,kg/m2,POP,
2759,33090,35493,131221,3398,1538097,21571,21610,701470,plants,kg/m2,GRO,
2759,33208,6656,6960,50557,7147,7184,35571,1564500,insects,kg/m2,POP,
2759,4751,4890,147538,147545,5042,1131492,5073,40296,fungi,mg/l,POP,
2759,33208,6656,6960,50557,85823,6979,6989,6990,insects,mg/kg bw,ITX,
2759,4751,4890,147538,147550,5114,5117,83174,105487,fungi,mg/l,POP,
2759,33208,7711,89593,8782,9126,164646,555142,555234,birds,mg/kg,MOR,
2759,33208,7711,89593,186623,7991,27718,27719,27720,fish,mg/l,MOR,96.0
2759,,136419,,,188941,45105,45106,45107,protozoans,mg/l,POP,
2759,,5878,431838,6015,39563,502082,502083,2094256,protozoans,mg/l,MOR,
2759,33208,7711,89593,186623,28738,8079,56612,56613,fish,mg/l,MOR,96.0
2759,4751,4890,147538,189478,189479,47021,13348,2035020,fungi,ppm,POP,
2759,33090,35493,131221,3398,38820,4479,38709,348227,plants,kg/m2,POP,
2759,33208,6656,6960,50557,7041,34667,192381,192382,insects,%,MOR,
2759,33208,6656,6960,50557,7399,7458,57566,597157,insects,mg/org,MOR,
2759,33208,6656,6960,50557,7399,7458,166441,597205,insects,mg/org,MOR,
2759,33090,35493,131221,3398,38820,4479,37874,203478,plants,kg/m2,POP,
2759,33208,6447,,6448,,6524,6525,112526,mollusks,mg/l,MOR,
2759,4751,4890,147537,3239873,3243772,34353,43987,27317,fungi,mg/l,POP,
2759,4751,4890,147538,147550,37989,42364,97095,97096,fungi,ppm,POP,
2759,33208,6656,6960,50557,7399,124286,124287,124290,insects,mg/org,MOR,
2759,33208,6656,6960,50557,7041,27439,294691,2598218,insects,kg/m2,POP,
2759,33208,6656,6657,6681,29979,116696,436816,2925006,crustaceans,mg/l,MOR,47.99999999999999
2759,33208,6656,6657,6681,6683,98081,98082,2518529,crustaceans,mg/l,MOR,47.99999999999999
2759,33208,6656,6960,50557,7399,7458,398144,597212,insects,mg/org,MOR,
2759,33208,6656,6960,50557,7399,7458,28641,130707,insects,mg/org,MOR,
2759,33208,6656,6960,50557,7399,7458,28641,130704,insects,mg/org,MOR,
2759,33208,6656,6960,50557,7399,7458,28641,130701,insects,mg/org,MOR,
2759,33208,6656,6960,50557,7399,29051,272319,1882722,insects,kg/m2,MOR,
2759,33208,6656,6960,50557,7399,107755,1028343,1028344,insects,mg/l,MOR,
2759,33090,35493,131221,58019,1446380,3318,3319,97175,plants,kg/m2,GRO,
2759,33090,35493,131221,58019,1446380,3318,3321,123597,plants,kg/m2,GRO,
2759,33090,35493,131221,58019,1446379,3367,3368,3369,plants,kg/m2,MOR,
2759,33090,35493,131221,58019,1446380,3318,3328,3336,plants,kg/m2,GRO,
2759,33090,35493,131221,58019,1446380,3318,3337,71646,plants,kg/m2,GRO,
2759,33090,35493,131221,58019,1446379,3367,99813,99814,plants,kg/m2,MOR,
2759,33208,6231,,119089,6236,33253,34507,394237,worms,kg/m2,MOR,
2759,4751,1913637,214504,214506,214509,36752,27372,78545,fungi,mg/kg soil,POP,
2759,33208,6656,6960,50557,7088,7117,7118,91021,insects,%,MOR,
2759,33208,6656,6960,50557,30262,45053,745278,1291231,insects,kg/m2,POP,
2759,33208,6656,6960,50557,7399,7402,37852,684658,insects,mg/l,MOR,
2759,33208,6656,6960,50557,7524,30102,2906425,2912585,insects,kg/m2,POP,
2759,33208,6656,6960,50557,7524,7036,593792,593793,insects,ppm,POP,
2759,33208,6656,6960,50557,7147,33406,240745,890037,insects,kg/m2,POP,
2759,33208,6656,6960,50557,7088,7139,572891,572892,insects,kg/m2,MOR,
2759,33208,7711,7712,7713,7720,27573,27574,30281,tunicates and sponges,mg/l,POP,
2759,33208,7586,,7618,2783457,106738,1804717,1815189,echinoderms,mg/l,MOR,
2759,33208,7711,89593,7777,282414,30511,7796,7797,fish,mg/l,MOR,96.0
2759,33208,6656,6960,50557,7524,30102,36149,36150,insects,kg/m2,POP,
2759,33208,6656,6960,50557,30262,45053,439357,1030663,insects,kg/m2,POP,
2759,33090,35493,131221,3398,16360,25926,55498,1522122,plants,mg/l,GRO,
2759,33090,35493,131221,3398,16360,16362,13228,55321,plants,mg/l,GRO,
2759,33090,35493,131221,3398,38820,4609,46324,280053,plants,kg/m2,POP,
2759,33090,35493,131221,3398,72025,3803,77316,260885,plants,kg/m2,POP,
2759,33090,35493,131221,3398,72025,3803,468162,72367,plants,kg/m2,POP,
2759,33208,6656,6960,50557,7524,30102,706776,102981,insects,kg/m2,POP,
2759,33090,35493,131221,3398,3646,55961,58227,469930,plants,mg/l,POP,
2759,33208,6656,6960,50557,7516,7520,7521,76819,insects,mg/l,MOR,
2759,4751,4890,147538,147541,2726947,93133,41254,225974,fungi,kg/m2,POP,
2759,33090,35493,131221,3398,72025,3803,3904,200966,plants,kg/m2,POP,
2759,33090,35493,131221,3398,41938,3629,64580,1522114,plants,kg/m2,POP,
2759,33090,35493,131221,3398,41946,3781,23012,80913,plants,mg/l,GRO,
2759,33090,35493,131221,3398,4055,24966,35912,1905582,plants,kg/m2,POP,
2759,33090,35493,131221,3398,4055,4056,21199,528301,plants,kg/m2,POP,
2759,33208,7711,89593,8782,2558200,56259,30396,115134,birds,mg/kg,MOR,
2759,33208,7711,89593,186623,7952,7953,59897,381635,fish,mg/l,MOR,96.0
2759,33208,6656,6960,50557,30262,38137,450987,453069,insects,kg/m2,POP,
2759,33208,7711,89593,8292,8342,8372,47563,238119,amphibians,mg/l,MOR,
2759,33208,7711,89593,8292,8342,8372,8377,248869,amphibians,mg/l,MOR,
2759,33208,6073,,6101,6125,46736,1920453,48500,cnidarians and bryozoans,mg/l,MOR,
2759,33208,6073,,6101,6125,1328272,48497,63558,cnidarians and bryozoans,mg/l,MOR,
2759,33208,6073,,6101,6125,46718,46719,104758,cnidarians and bryozoans,mg/l,POP,
2759,33208,6073,,6101,6125,46718,46719,262287,cnidarians and bryozoans,mg/l,POP,
2759,4751,4890,147538,147548,5178,2907192,223899,222509,fungi,mg/l,POP,
2759,,2830,,,73020,418951,1574290,1321669,algae,mg/l,POP,96.0
2759,33208,6656,6960,50557,7147,7214,7215,28584,insects,mg/l,MOR,
2,1783272,1117,,3028117,2881377,1890436,1152,1912600,cyanobacteria,mg/l,POP,96.0
2759,4751,4890,147538,147541,,,2810619,61459,fungi,,POP,
2759,4751,4890,147538,147545,34395,1233474,430999,61460,fungi,mg/l,POP,
2759,4751,4890,147538,147541,,,2810619,93489,fungi,,POP,
2,1783272,1117,,3028117,1118,1890464,70190,402401,cyanobacteria,mg/l,POP,96.0
2759,33090,3041,,3166,35491,3086,3087,119575,algae,mg/l,POP,96.0
2759,33090,35493,131221,3398,16360,50234,50235,50236,plants,kg/m2,GRO,
2759,,4762,,,4763,4764,4769,4770,unmapped,mg/l,POP,
2759,33208,6447,,6448,6527,6533,45984,45985,mollusks,mg/l,MOR,
2759,33090,35493,131221,3398,3699,3700,264426,264427,plants,kg/m2,GRO,
2759,33208,6656,6960,50557,7147,30062,30063,30064,insects,kg/m2,POP,
2759,,555280,,,1485168,33677,5754,5757,protozoans,mg/l,POP,
2759,33208,6447,,6448,75116,54976,200190,2653872,mollusks,mg/l,MOR,
2759,33208,7711,89593,186623,1489878,8220,63457,1263952,fish,mg/l,MOR,96.0
2759,33208,7711,89593,186623,7952,7953,59897,172907,fish,mg/l,MOR,96.0
2759,33208,7711,89593,186623,32446,55118,365055,365056,fish,mg/l,MOR,96.0
2759,33208,7711,89593,186623,,30870,172268,172269,fish,mg/l,MOR,96.0
2759,33208,10190,,2816136,2517309,1611872,1611851,2005552,rotifers,mg/l,MOR,
2759,,5878,431837,194287,5957,1502944,342562,342563,protozoans,mg/l,MOR,
2759,33208,7711,89593,8292,8293,8314,8320,36313,amphibians,mg/l,MOR,
2759,33208,7711,89593,186623,7952,7982,7983,93600,fish,mg/l,MOR,96.0
2759,4751,4890,147538,147547,388450,129109,63752,86794,fungi,mg/l,POP,
2759,33208,7711,89593,186623,32446,55118,224712,224713,fish,mg/l,MOR,96.0
2759,33208,6447,,6448,6497,6498,114760,114761,mollusks,%,GRO,
2759,4751,4890,147538,147550,5114,767018,36922,1214577,fungi,kg/m2,POP,
2759,33208,7711,89593,186623,8111,8092,8098,304271,fish,mg/l,MOR,96.0
2759,,5878,431838,6020,198613,3373479,46461,46462,protozoans,mg/l,MOR,
2759,33208,7711,89593,186623,8006,8015,8033,8034,fish,mg/l,MOR,96.0
2759,33208,6157,,37945,2486286,37845,37846,42440,worms,mg/l,POP,
2759,33208,6656,6960,30001,730331,36138,106914,106916,insects,ppm,MOR,
2759,33208,6656,6960,50557,7147,7371,66360,66361,insects,mg/kg diet,MOR,
2759,33208,6231,,119089,6236,103828,304460,304461,worms,%,MOR,
2759,33208,6157,,37945,2486286,37845,37846,89149,worms,mg/l,POP,
2759,4751,6029,,,,35232,157917,1163512,fungi,mg/l,POP,
2759,33208,6157,,37945,2486284,67517,282255,282256,worms,mg/l,POP,
2759,33208,7711,89593,8292,8342,8382,1862675,35046,amphibians,mg/l,MOR,
2759,33208,6656,6960,50557,7399,7402,7405,2695298,insects,mg/l,MOR,
2759,33208,6656,6960,50557,7399,7402,144236,350918,insects,mg/l,MOR,
2759,33208,7711,89593,186623,7952,2743726,54555,155062,fish,mg/l,MOR,96.0
2759,33208,6656,6960,50557,85823,6979,36952,36953,insects,mg/kg bw,ITX,
2759,33090,3041,,3166,35491,3086,3087,113529,algae,mg/l,POP,96.0
2759,33208,6656,6657,6658,84337,77658,6668,246995,crustaceans,mg/l,MOR,47.99999999999999
2759,33208,6656,6657,6681,6821,36939,45625,96805,crustaceans,mg/l,MOR,47.99999999999999
2759,33208,6656,6960,50557,7147,7157,7164,345580,insects,mg/l,MOR,
2759,33208,6656,6657,6681,6683,37850,99773,99774,crustaceans,mg/l,MOR,47.99999999999999
2759,33208,6656,6960,50557,6993,6995,209041,209042,insects,ppm,MOR,
2759,33208,6656,6960,50557,6993,6995,6998,1223587,insects,ppm,MOR,
2759,33090,35493,131221,3398,38820,4479,42088,500204,plants,kg/m2,POP,
2759,33090,35493,131221,3398,38820,4479,42078,42079,plants,kg/m2,POP,
2759,33208,6656,6960,50557,7524,41702,41703,329032,insects,mg/l,POP,
2759,33208,6656,6960,50557,85823,36985,36986,232242,insects,ppm,MOR,
2759,33208,6656,6960,50557,7088,32434,1178186,1178187,insects,kg/m2,MOR,
2759,33090,35493,131221,3398,41946,24945,24952,251684,plants,mg/l,GRO,
2759,33090,35493,131221,304574,204509,3146,13778,55563,plants,mg/l,POP,
2759,33208,6656,6960,50557,7504,7505,7506,7507,insects,kg/m2,POP,
2759,33090,35493,131221,304574,204509,3146,13778,37303,plants,mg/l,POP,
2759,33090,35493,131221,304574,204509,3146,13778,69330,plants,mg/l,POP,
2759,33090,35493,131221,304574,204509,3146,13778,69331,plants,mg/l,POP,
2759,33090,35493,131221,304574,204509,3146,3148,181804,plants,mg/l,POP,
